paper_id,pred_score,pred_decision,gt_avg_score,gt_decision,gt_binary,match,cost,sdk_savings,gt_score_0,gt_score_1,gt_score_2,gt_score_3,gt_score_4,gt_score_5,gt_score_6
jv2zHOalpL,-100.0,Error,6.00,Accept,Accept,NO,0.0000,0.0000,6.0,6.0,6.0,6.0,,,
NTHMw8S1Ow,6.0,Accept,7.33,Accept,Accept,YES,0.0000,0.0000,6.0,8.0,8.0,,,,
IAkflJmNrC,6.5,Accept,4.00,Reject,Reject,NO,0.0000,0.0000,5.0,5.0,3.0,3.0,,,
wP0nDEAlap,6.0,Reject,4.00,Reject,Reject,YES,0.0000,0.0000,5.0,3.0,3.0,5.0,,,
Dnn7SoD224,7.5,Accept,6.00,Reject,Reject,NO,0.0000,0.0000,6.0,6.0,6.0,6.0,,,
XwibrZ9MHG,7.5,Accept,4.00,Reject,Reject,NO,0.0000,0.0000,5.0,3.0,5.0,3.0,,,
oAMArMMQxb,7.5,Accept,6.25,Accept,Accept,YES,0.0000,0.0000,6.0,8.0,3.0,8.0,,,
j50c2tkQUu,5.5,Reject,4.33,Reject,Reject,YES,0.0000,0.0000,5.0,3.0,5.0,,,,
gGpuhyjIlS,6.5,Accept,4.50,Reject,Reject,NO,0.0000,0.0000,5.0,3.0,5.0,5.0,,,
o1IiiNIoaA,6.0,Accept,5.20,Accept,Accept,YES,0.0000,0.0000,6.0,8.0,6.0,3.0,3.0,,
25Zlvl7JxW,6.0,Accept,6.50,Accept,Accept,YES,0.0000,0.0000,6.0,6.0,8.0,6.0,,,
XfKSDgqIRj,7.0,Accept,6.00,Accept,Accept,YES,0.0000,0.0000,6.0,6.0,6.0,6.0,,,
2iGiSHmeAN,6.5,Reject,6.50,Accept,Accept,NO,0.0000,0.0000,6.0,6.0,8.0,6.0,,,
yOrtDi6IXs,7.5,Accept,4.25,Reject,Reject,NO,0.0000,0.0000,3.0,5.0,6.0,3.0,,,
XC0nEtnevb,7.0,Accept,4.75,Reject,Reject,NO,0.0000,0.0000,5.0,6.0,3.0,5.0,,,
oYjPk8mqAV,7.5,Accept,8.00,Accept,Accept,YES,0.0000,0.0000,8.0,8.0,8.0,8.0,,,
FvfhHucpLd,7.0,Accept,3.67,Reject,Reject,NO,0.0000,0.0000,3.0,3.0,5.0,,,,
H6UMc5VS70,7.0,Accept,5.75,Reject,Reject,NO,0.0000,0.0000,6.0,5.0,6.0,6.0,,,
GrDne4055L,5.0,Reject,6.25,Accept,Accept,NO,0.0000,0.0000,8.0,6.0,5.0,6.0,,,
PqjQmLNuJt,6.5,Accept,2.50,Reject,Reject,NO,0.0000,0.0000,3.0,5.0,1.0,1.0,,,
OzUNDnpQyd,6.0,Accept,7.00,Accept,Accept,YES,0.0000,0.0000,8.0,6.0,8.0,6.0,,,
AfZH9EEuRR,5.0,Reject,2.20,Reject,Reject,YES,0.0000,0.0000,1.0,1.0,3.0,3.0,3.0,,
OKOjkFrhSs,5.0,Reject,3.00,Reject,Reject,YES,0.0000,0.0000,3.0,3.0,3.0,3.0,,,
l30moNjSY9,6.0,Reject,6.00,Accept,Accept,NO,0.0000,0.0000,6.0,6.0,6.0,,,,
Y6KUBkUimC,7.0,Accept,6.00,Reject,Reject,NO,0.0000,0.0000,6.0,8.0,5.0,5.0,,,
7OO8tTOgh4,5.0,Reject,5.25,Reject,Reject,YES,0.0000,0.0000,5.0,6.0,5.0,5.0,,,
tOzCcDdH9O,6.5,Accept,6.25,Accept,Accept,YES,0.0000,0.0000,6.0,8.0,6.0,5.0,,,
ikqcUzUogm,7.5,Accept,4.75,Reject,Reject,NO,0.0000,0.0000,3.0,5.0,6.0,5.0,,,
O34CXUAZ0E,6.5,Accept,5.00,Reject,Reject,NO,0.0000,0.0000,5.0,6.0,6.0,3.0,,,
fjJcJhIzYx,5.5,Reject,4.75,Reject,Reject,YES,0.0000,0.0000,3.0,6.0,5.0,5.0,,,
Y1XkzMJpPd,6.5,Accept,6.75,Accept,Accept,YES,0.0000,0.0000,3.0,8.0,8.0,8.0,,,
czVzzXPCkw,6.0,Accept,4.33,Reject,Reject,NO,0.0000,0.0000,5.0,5.0,3.0,,,,
z9UBpl4pv5,7.0,Accept,4.33,Reject,Reject,NO,0.0000,0.0000,5.0,5.0,3.0,,,,
1bbPQShCT2,6.0,Accept,6.50,Accept,Accept,YES,0.0000,0.0000,6.0,8.0,6.0,6.0,,,
KtqZrNjvjd,5.5,Reject,5.80,Reject,Reject,YES,0.0000,0.0000,6.0,6.0,6.0,5.0,6.0,,
W2Wkp9MQsF,7.0,Accept,5.75,Accept,Accept,YES,0.0000,0.0000,6.0,6.0,5.0,6.0,,,
0ApkwFlCxq,7.0,Accept,6.25,Reject,Reject,NO,0.0000,0.0000,8.0,6.0,5.0,6.0,,,
YCOVTlMFIG,7.0,Accept,5.00,Reject,Reject,NO,0.0000,0.0000,6.0,5.0,8.0,5.0,3.0,3.0,
0VZP2Dr9KX,7.0,Accept,5.25,Reject,Reject,NO,0.0000,0.0000,3.0,5.0,8.0,5.0,,,
poFAoivHQk,5.5,Accept,3.75,Reject,Reject,NO,0.0000,0.0000,1.0,3.0,6.0,5.0,,,
W6yIKliMot,5.5,Reject,6.50,Accept,Accept,NO,0.0000,0.0000,6.0,6.0,6.0,8.0,,,
2dLMPOY0HW,7.0,Accept,4.67,Reject,Reject,NO,0.0000,0.0000,8.0,3.0,3.0,,,,
lpt4ADbacU,6.0,Accept,4.00,Reject,Reject,NO,0.0000,0.0000,5.0,3.0,5.0,3.0,,,
HYyRwm367m,7.0,Accept,6.50,Accept,Accept,YES,0.0000,0.0000,6.0,8.0,6.0,6.0,,,
2jf5x5XoYk,7.5,Accept,6.75,Accept,Accept,YES,0.0000,0.0000,8.0,6.0,5.0,8.0,,,
S1OAqOtN5U,7.0,Accept,5.25,Reject,Reject,NO,0.0000,0.0000,5.0,6.0,5.0,5.0,,,
78iGZdqxYY,6.0,Accept,6.00,Accept,Accept,YES,0.0000,0.0000,6.0,6.0,6.0,6.0,,,
1V1QQYARmd,5.5,Reject,5.50,Reject,Reject,YES,0.0000,0.0000,8.0,5.0,6.0,3.0,,,
AialDkY6y3,5.0,Reject,4.40,Reject,Reject,YES,0.0000,0.0000,3.0,5.0,3.0,5.0,6.0,,
Z33PEFMuU3,6.5,Accept,5.75,Reject,Reject,NO,0.0000,0.0000,6.0,6.0,5.0,6.0,,,
s3003xWtfd,7.0,Accept,6.25,Reject,Reject,NO,0.0000,0.0000,3.0,8.0,6.0,8.0,,,
h2Q3gOIz8q,7.5,Accept,5.50,Reject,Reject,NO,0.0000,0.0000,6.0,6.0,5.0,5.0,,,
5z9GjHgerY,8.0,Accept,6.33,Accept,Accept,YES,0.0000,0.0000,3.0,8.0,8.0,,,,
r65xfUb76p,8.0,Accept,5.67,Accept,Accept,YES,0.0000,0.0000,8.0,3.0,6.0,,,,
tZP4Uyql0r,1.5,Reject,2.33,Reject,Reject,YES,0.0000,0.0000,1.0,3.0,3.0,,,,
friHAl5ofG,7.5,Accept,7.50,Accept,Accept,YES,0.0000,0.0000,8.0,6.0,8.0,8.0,,,
KjOAHlKMF5,7.0,Accept,7.00,Accept,Accept,YES,0.0000,0.0000,8.0,6.0,8.0,6.0,,,
7JfKCZQPxJ,7.0,Accept,5.25,Accept,Accept,YES,0.0000,0.0000,6.0,6.0,3.0,6.0,,,
spwklWgmWJ,5.0,Reject,4.75,Reject,Reject,YES,0.0000,0.0000,3.0,3.0,8.0,5.0,,,
YLTWwEjkdx,5.5,Reject,5.50,Reject,Reject,YES,0.0000,0.0000,6.0,5.0,5.0,6.0,,,
HozsY9Gdcl,6.5,Accept,5.00,Reject,Reject,NO,0.0000,0.0000,5.0,5.0,5.0,,,,
oUeYSTIhpE,7.0,Accept,4.75,Reject,Reject,NO,0.0000,0.0000,3.0,5.0,6.0,5.0,,,
6H4jRWKFc3,7.5,Accept,5.75,Accept,Accept,YES,0.0000,0.0000,8.0,6.0,6.0,3.0,,,
LlE61BEYpB,6.0,Accept,4.00,Reject,Reject,NO,0.0000,0.0000,3.0,3.0,5.0,5.0,,,
rcdR97P2Mp,8.5,Accept,4.50,Reject,Reject,NO,0.0000,0.0000,5.0,5.0,5.0,3.0,,,
OnLAftJkhV,6.5,Accept,3.75,Reject,Reject,NO,0.0000,0.0000,3.0,6.0,3.0,3.0,,,
uELjxVbrqG,6.5,Accept,7.00,Accept,Accept,YES,0.0000,0.0000,8.0,6.0,6.0,8.0,,,
9tiQ0aBK7c,8.0,Accept,5.20,Reject,Reject,NO,0.0000,0.0000,6.0,5.0,5.0,5.0,5.0,,
pG820nmDvy,5.0,Reject,4.67,Reject,Reject,YES,0.0000,0.0000,5.0,3.0,6.0,,,,
0mJZplhexS,5.5,Reject,4.25,Reject,Reject,YES,0.0000,0.0000,5.0,3.0,3.0,6.0,,,
Svt3SGy0yd,7.0,Accept,5.80,Reject,Reject,NO,0.0000,0.0000,8.0,5.0,6.0,5.0,5.0,,
GtxzVbjPKC,4.0,Reject,3.50,Reject,Reject,YES,0.0000,0.0000,3.0,3.0,3.0,5.0,,,
q4Bim1dDzb,7.5,Accept,5.75,Reject,Reject,NO,0.0000,0.0000,8.0,5.0,5.0,5.0,,,
QQt0MwXA81,7.0,Accept,6.20,Reject,Reject,NO,0.0000,0.0000,8.0,8.0,5.0,5.0,5.0,,
fqtaADSGEe,7.5,Accept,3.67,Reject,Reject,NO,0.0000,0.0000,3.0,3.0,5.0,,,,
dAIcU2ZwUN,4.5,Reject,4.25,Reject,Reject,YES,0.0000,0.0000,3.0,6.0,3.0,5.0,,,
2y8XnaIiB8,6.0,Accept,5.50,Reject,Reject,NO,0.0000,0.0000,6.0,5.0,6.0,5.0,,,
mqVgBbNCm9,7.5,Accept,5.67,Accept,Accept,YES,0.0000,0.0000,3.0,5.0,8.0,6.0,6.0,6.0,
yBLBls6ryd,5.5,Accept,4.86,Reject,Reject,NO,0.0000,0.0000,5.0,3.0,5.0,5.0,3.0,8.0,
0yTf37PXcH,6.5,Accept,5.40,Reject,Reject,NO,0.0000,0.0000,6.0,5.0,3.0,8.0,5.0,,
DE2RMJVjgI,6.0,Accept,4.25,Reject,Reject,NO,0.0000,0.0000,3.0,6.0,3.0,5.0,,,
MCUvAc1GTg,6.5,Accept,5.50,Reject,Reject,NO,0.0000,0.0000,5.0,8.0,6.0,3.0,,,
UfBIxpTK10,6.5,Accept,6.00,Accept,Accept,YES,0.0000,0.0000,6.0,8.0,5.0,5.0,6.0,,
x1SfON9HvT,7.0,Accept,3.75,Reject,Reject,NO,0.0000,0.0000,3.0,3.0,6.0,3.0,,,
5xwx1Myosu,7.0,Accept,6.50,Accept,Accept,YES,0.0000,0.0000,6.0,8.0,6.0,6.0,,,
50cmx4SrkM,7.0,Accept,5.75,Accept,Accept,YES,0.0000,0.0000,5.0,8.0,5.0,5.0,,,
4QWPCTLq20,2.0,Reject,3.00,Reject,Reject,YES,0.0000,0.0000,3.0,3.0,3.0,3.0,3.0,,
uuCcK4cmlH,7.0,Accept,3.00,Reject,Reject,NO,0.0000,0.0000,3.0,3.0,3.0,,,,
iEfdvDTcZg,7.0,Accept,6.25,Accept,Accept,YES,0.0000,0.0000,8.0,5.0,6.0,6.0,,,
ajSmXqgS24,6.5,Accept,6.25,Accept,Accept,YES,0.0000,0.0000,8.0,3.0,6.0,8.0,,,
EKaVO0ceh8,7.0,Accept,6.00,Reject,Reject,NO,0.0000,0.0000,6.0,5.0,5.0,8.0,,,
ETFfXGM3e4,7.0,Accept,5.50,Reject,Reject,NO,0.0000,0.0000,6.0,5.0,6.0,5.0,,,
AvXrppAS2o,1.5,Reject,3.00,Reject,Reject,YES,0.0000,0.0000,3.0,3.0,3.0,1.0,5.0,3.0,
wV9iMiyQcc,7.5,Accept,5.33,Reject,Reject,NO,0.0000,0.0000,5.0,5.0,6.0,,,,
oY2jw2NLiM,5.0,Reject,3.00,Reject,Reject,YES,0.0000,0.0000,1.0,3.0,5.0,3.0,,,
K7l94Z81bH,6.0,Accept,5.25,Reject,Reject,NO,0.0000,0.0000,5.0,5.0,5.0,6.0,,,
AgTSjXh7vl,5.0,Reject,4.25,Reject,Reject,YES,0.0000,0.0000,3.0,5.0,3.0,6.0,,,
Dgh5GXsW65,6.0,Accept,5.50,Reject,Reject,NO,0.0000,0.0000,3.0,3.0,8.0,8.0,,,
vDp6StrKIq,8.5,Accept,6.33,Accept,Accept,YES,0.0000,0.0000,5.0,8.0,6.0,,,,
mkDam1xIzW,5.5,Reject,7.33,Accept,Accept,NO,0.0000,0.0000,8.0,6.0,8.0,,,,
uAFHCZRmXk,9.0,Accept,8.00,Accept,Accept,YES,0.0000,0.0000,8.0,8.0,8.0,8.0,,,
Zkrsr7vAaG,5.5,Reject,4.00,Reject,Reject,YES,0.0000,0.0000,3.0,3.0,5.0,5.0,,,
aWkAKucZMR,7.0,Accept,5.50,Reject,Reject,NO,0.0000,0.0000,5.0,8.0,6.0,3.0,,,
Pt3lfU1NqC,8.0,Accept,6.25,Reject,Reject,NO,0.0000,0.0000,6.0,6.0,8.0,5.0,,,
tXnAmayaio,6.0,Accept,4.25,Reject,Reject,NO,0.0000,0.0000,3.0,5.0,6.0,3.0,,,
yZJapMWdHZ,6.5,Accept,6.00,Reject,Reject,NO,0.0000,0.0000,6.0,6.0,6.0,,,,
acH47FOCTV,7.0,Accept,5.50,Reject,Reject,NO,0.0000,0.0000,6.0,6.0,5.0,5.0,,,
UmhC7fuhzs,6.0,Accept,6.50,Reject,Reject,NO,0.0000,0.0000,6.0,6.0,6.0,8.0,,,
HUzDU7u5B4,5.0,Reject,4.33,Reject,Reject,YES,0.0000,0.0000,3.0,5.0,5.0,,,,
scxDIx6StY,5.0,Reject,3.40,Reject,Reject,YES,0.0000,0.0000,5.0,5.0,3.0,3.0,1.0,,
rgiIZ3pcZY,6.5,Accept,4.75,Reject,Reject,NO,0.0000,0.0000,6.0,3.0,5.0,5.0,,,
5AtHrq3B5R,7.0,Accept,5.50,Accept,Accept,YES,0.0000,0.0000,3.0,5.0,6.0,8.0,,,
02haSpO453,7.5,Accept,6.50,Accept,Accept,YES,0.0000,0.0000,8.0,6.0,6.0,6.0,,,
bc3sUsS6ck,7.0,Accept,5.75,Accept,Accept,YES,0.0000,0.0000,5.0,6.0,6.0,6.0,,,
VbR6K7TQV4,4.5,Reject,4.75,Reject,Reject,YES,0.0000,0.0000,5.0,5.0,6.0,3.0,,,
sRaAt9OOnW,5.0,Reject,6.20,Reject,Reject,YES,0.0000,0.0000,6.0,5.0,6.0,8.0,6.0,,
lYRkGZZi9D,7.0,Accept,7.00,Accept,Accept,YES,0.0000,0.0000,6.0,8.0,6.0,8.0,,,
0Wl6h2CZeJ,8.0,Accept,5.50,Reject,Reject,NO,0.0000,0.0000,6.0,5.0,6.0,5.0,,,
nDvgHIBRxQ,7.0,Accept,6.25,Accept,Accept,YES,0.0000,0.0000,8.0,6.0,6.0,5.0,,,
HXWTXXtHNl,7.5,Accept,5.75,Accept,Accept,YES,0.0000,0.0000,5.0,6.0,6.0,6.0,,,
jUxzh1bi3i,5.5,Accept,5.75,Reject,Reject,NO,0.0000,0.0000,6.0,6.0,5.0,6.0,,,
1L9vdc7BB5,7.5,Accept,5.50,Reject,Reject,NO,0.0000,0.0000,6.0,5.0,5.0,6.0,,,
ZcBhd1F7PA,6.5,Accept,5.00,Reject,Reject,NO,0.0000,0.0000,5.0,5.0,5.0,5.0,,,
9Hxdixed7p,7.0,Accept,6.25,Accept,Accept,YES,0.0000,0.0000,6.0,5.0,8.0,6.0,,,
dQzpP9ziaJ,7.5,Accept,3.50,Reject,Reject,NO,0.0000,0.0000,5.0,3.0,3.0,3.0,,,
abRWxnjMIz,5.5,Accept,4.00,Reject,Reject,NO,0.0000,0.0000,5.0,3.0,3.0,5.0,,,
rzx3vcvlzj,7.0,Accept,5.83,Accept,Accept,YES,0.0000,0.0000,6.0,8.0,6.0,8.0,6.0,1.0,
hRSabwKj53,7.0,Accept,4.25,Reject,Reject,NO,0.0000,0.0000,6.0,3.0,5.0,3.0,,,
JnRvQ8CxLx,7.5,Accept,4.00,Reject,Reject,NO,0.0000,0.0000,5.0,3.0,5.0,3.0,,,
OM1R87YLTc,3.0,Reject,2.00,Reject,Reject,YES,0.0000,0.0000,1.0,1.0,3.0,3.0,,,
NFEnBqknoX,5.5,Reject,5.67,Reject,Reject,YES,0.0000,0.0000,3.0,6.0,8.0,,,,
0bjIoHD45G,5.0,Reject,4.20,Reject,Reject,YES,0.0000,0.0000,5.0,3.0,5.0,3.0,5.0,,
H6XiAoyugv,7.5,Accept,4.33,Reject,Reject,NO,0.0000,0.0000,5.0,5.0,3.0,,,,
WPsnH6875d,6.5,Accept,6.00,Accept,Accept,YES,0.0000,0.0000,6.0,6.0,6.0,6.0,,,
eR9C6c76j5,5.5,Reject,4.60,Reject,Reject,YES,0.0000,0.0000,6.0,5.0,6.0,3.0,3.0,,
YkCjojDG3l,5.5,Reject,5.00,Reject,Reject,YES,0.0000,0.0000,3.0,3.0,6.0,5.0,8.0,,
ecIvumCyAj,4.5,Reject,5.75,Accept,Accept,NO,0.0000,0.0000,6.0,8.0,3.0,6.0,,,
W2dR6rypBQ,6.0,Accept,6.75,Accept,Accept,YES,0.0000,0.0000,8.0,6.0,5.0,8.0,,,
AXC9KydyZq,7.0,Accept,7.00,Accept,Accept,YES,0.0000,0.0000,6.0,6.0,8.0,8.0,,,
53kUa92R7J,-100.0,Error,3.00,Reject,Reject,NO,0.0000,0.0000,3.0,3.0,3.0,,,,
JIGuWpQcqO,7.0,Accept,3.67,Reject,Reject,NO,0.0000,0.0000,3.0,3.0,5.0,,,,
gVnJFY8nCM,7.5,Accept,6.25,Accept,Accept,YES,0.0000,0.0000,6.0,5.0,8.0,6.0,,,
jsWCmrsHHs,6.0,Reject,7.50,Accept,Accept,NO,0.0000,0.0000,6.0,8.0,8.0,8.0,,,
kYwTmlq6Vn,7.0,Accept,6.75,Accept,Accept,YES,0.0000,0.0000,8.0,3.0,8.0,8.0,,,
xUHL8mtSUL,7.0,Accept,3.80,Reject,Reject,NO,0.0000,0.0000,3.0,3.0,5.0,3.0,5.0,,
OBTmkKBmQW,6.5,Accept,4.00,Reject,Reject,NO,0.0000,0.0000,3.0,5.0,3.0,5.0,,,
BuBBRn0zFD,7.5,Accept,4.75,Reject,Reject,NO,0.0000,0.0000,5.0,3.0,6.0,5.0,,,
FUaDMRVrbS,8.0,Accept,7.00,Accept,Accept,YES,0.0000,0.0000,8.0,6.0,6.0,8.0,,,
myYKk4Qz3l,5.5,Reject,4.50,Reject,Reject,YES,0.0000,0.0000,5.0,5.0,5.0,3.0,,,
2PRpcmJecX,7.5,Accept,6.50,Accept,Accept,YES,0.0000,0.0000,8.0,6.0,6.0,6.0,,,
77plFC53J5,3.0,Reject,3.75,Reject,Reject,YES,0.0000,0.0000,6.0,3.0,3.0,3.0,,,
gmg7t8b4s0,6.5,Accept,6.25,Accept,Accept,YES,0.0000,0.0000,8.0,3.0,8.0,6.0,,,
xcPN6Or88c,5.0,Reject,4.25,Reject,Reject,YES,0.0000,0.0000,5.0,3.0,3.0,6.0,,,
ljVCPV7jK3,7.5,Accept,4.00,Reject,Reject,NO,0.0000,0.0000,3.0,3.0,6.0,,,,
Aku2I3z4aV,4.0,Reject,2.60,Reject,Reject,YES,0.0000,0.0000,3.0,3.0,5.0,1.0,1.0,,
RBL3Gm5ygj,7.5,Accept,5.67,Reject,Reject,NO,0.0000,0.0000,5.0,6.0,6.0,,,,
5Ro7JT5Vaf,6.0,Accept,3.50,Reject,Reject,NO,0.0000,0.0000,3.0,5.0,3.0,3.0,,,
sPuLtU32av,6.5,Accept,7.00,Accept,Accept,YES,0.0000,0.0000,8.0,6.0,6.0,8.0,,,
otoggKnn0A,4.5,Reject,4.00,Reject,Reject,YES,0.0000,0.0000,3.0,5.0,3.0,5.0,,,
o3jgyJIhnv,3.0,Reject,4.00,Reject,Reject,YES,0.0000,0.0000,5.0,5.0,3.0,3.0,,,
1DIdt2YOPw,6.0,Reject,3.80,Reject,Reject,YES,0.0000,0.0000,3.0,3.0,3.0,5.0,5.0,,
3X6QlkWfHH,5.0,Reject,4.00,Reject,Reject,YES,0.0000,0.0000,3.0,5.0,5.0,3.0,,,
7eYmijcuqO,7.0,Accept,3.00,Reject,Reject,NO,0.0000,0.0000,3.0,3.0,3.0,3.0,,,
6c4gv0E9sF,7.0,Accept,6.33,Reject,Reject,NO,0.0000,0.0000,8.0,8.0,3.0,,,,
NSVtmmzeRB,7.5,Accept,8.00,Accept,Accept,YES,0.0000,0.0000,8.0,8.0,8.0,8.0,,,
anQDiQZhDP,7.5,Accept,5.50,Accept,Accept,YES,0.0000,0.0000,5.0,3.0,8.0,6.0,,,
ysZvK6b60c,7.0,Accept,4.50,Reject,Reject,NO,0.0000,0.0000,5.0,5.0,5.0,3.0,,,
haJHr4UsQX,7.5,Accept,6.67,Accept,Accept,YES,0.0000,0.0000,8.0,6.0,6.0,,,,
xOtOfdbBqK,5.5,Accept,5.75,Reject,Reject,NO,0.0000,0.0000,6.0,6.0,6.0,5.0,,,
Y2Txh5uGRe,5.5,Reject,4.25,Reject,Reject,YES,0.0000,0.0000,3.0,5.0,3.0,6.0,,,
3UB4NaEb1g,5.0,Reject,4.50,Reject,Reject,YES,0.0000,0.0000,3.0,6.0,3.0,6.0,,,
Fty0wTcemV,5.5,Reject,6.00,Accept,Accept,NO,0.0000,0.0000,6.0,6.0,6.0,,,,
2uQBSa2X4R,5.5,Reject,6.50,Accept,Accept,NO,0.0000,0.0000,8.0,5.0,5.0,8.0,,,
C0HDYvGwol,7.0,Accept,5.60,Reject,Reject,NO,0.0000,0.0000,5.0,6.0,5.0,6.0,6.0,,
Ncx0X8lcN1,6.0,Reject,4.25,Reject,Reject,YES,0.0000,0.0000,6.0,3.0,5.0,3.0,,,
Sh4FOyZRpv,5.0,Reject,5.75,Accept,Accept,NO,0.0000,0.0000,6.0,5.0,6.0,6.0,,,
GARbxyCV13,7.5,Accept,5.75,Reject,Reject,NO,0.0000,0.0000,5.0,6.0,6.0,6.0,,,
sbiU3WZpTp,5.0,Reject,5.33,Reject,Reject,YES,0.0000,0.0000,6.0,5.0,5.0,,,,
ETokBVXrbC,5.5,Reject,3.50,Reject,Reject,YES,0.0000,0.0000,3.0,5.0,3.0,3.0,,,
LuT2CVrlpU,6.0,Accept,6.00,Accept,Accept,YES,0.0000,0.0000,6.0,6.0,6.0,6.0,,,
1uHTIjXjkk,6.5,Accept,4.00,Reject,Reject,NO,0.0000,0.0000,5.0,1.0,5.0,5.0,,,
HSUSo9p8X5,7.5,Accept,5.75,Reject,Reject,NO,0.0000,0.0000,1.0,6.0,8.0,8.0,,,
PfYg3eRrNi,6.5,Accept,4.80,Reject,Reject,NO,0.0000,0.0000,5.0,6.0,3.0,5.0,5.0,,
FEZOLWexPb,5.0,Reject,6.50,Accept,Accept,NO,0.0000,0.0000,6.0,6.0,6.0,8.0,,,
mRw9BuNO9i,5.5,Reject,6.00,Reject,Reject,YES,0.0000,0.0000,6.0,8.0,5.0,5.0,,,
CCUrU4A92S,5.5,Reject,3.50,Reject,Reject,YES,0.0000,0.0000,5.0,1.0,3.0,5.0,,,
mxJEX6w5uN,6.0,Accept,5.25,Reject,Reject,NO,0.0000,0.0000,6.0,5.0,5.0,5.0,,,
8ZJAdSVHS1,6.0,Reject,4.25,Reject,Reject,YES,0.0000,0.0000,5.0,6.0,3.0,3.0,,,
M2g647Femt,5.0,Reject,3.50,Reject,Reject,YES,0.0000,0.0000,5.0,3.0,5.0,1.0,,,
oZyAqjAjJW,6.5,Accept,6.25,Accept,Accept,YES,0.0000,0.0000,8.0,5.0,6.0,6.0,,,
zavLQJ1XjB,6.0,Accept,6.67,Accept,Accept,YES,0.0000,0.0000,8.0,6.0,6.0,,,,
ikr5XomWHS,6.0,Accept,6.33,Accept,Accept,YES,0.0000,0.0000,8.0,5.0,6.0,,,,
ENVwvyiJXY,6.0,Accept,4.00,Reject,Reject,NO,0.0000,0.0000,5.0,5.0,3.0,3.0,,,
6zAIFLgayn,5.0,Reject,5.00,Reject,Reject,YES,0.0000,0.0000,5.0,5.0,5.0,5.0,,,
gfh8ZbSlyf,7.0,Accept,5.33,Reject,Reject,NO,0.0000,0.0000,5.0,5.0,6.0,,,,
S6cBH99BhB,-100.0,Error,6.50,Accept,Accept,NO,0.0000,0.0000,5.0,8.0,5.0,8.0,,,
sdLGY9Dj5r,5.0,Reject,6.00,Accept,Accept,NO,0.0000,0.0000,6.0,5.0,8.0,5.0,,,
xxI4nAj7zi,6.0,Reject,4.00,Reject,Reject,YES,0.0000,0.0000,6.0,3.0,3.0,,,,
0bcUyy2vdY,5.0,Reject,5.50,Reject,Reject,YES,0.0000,0.0000,6.0,8.0,5.0,3.0,,,
J0cCuE3JRC,6.0,Accept,4.75,Reject,Reject,NO,0.0000,0.0000,3.0,3.0,5.0,8.0,,,
n39ilTxSDY,6.0,Accept,5.33,Reject,Reject,NO,0.0000,0.0000,5.0,6.0,5.0,,,,
Pnktu2PBXD,6.0,Accept,6.00,Accept,Accept,YES,0.0000,0.0000,6.0,6.0,6.0,6.0,6.0,,
X0r4BN50Dv,6.5,Reject,6.67,Accept,Accept,NO,0.0000,0.0000,8.0,6.0,6.0,,,,
NLRo4qhg6t,6.0,Accept,3.00,Reject,Reject,NO,0.0000,0.0000,5.0,3.0,1.0,3.0,,,
nRD5TriJ0O,7.0,Accept,4.60,Reject,Reject,NO,0.0000,0.0000,6.0,5.0,1.0,5.0,6.0,,
0F1rIKppTf,5.0,Reject,5.75,Reject,Reject,YES,0.0000,0.0000,6.0,5.0,6.0,6.0,,,
V7EiYG5DwZ,6.0,Accept,5.75,Reject,Reject,NO,0.0000,0.0000,5.0,5.0,5.0,8.0,,,
XgH1wfHSX8,6.5,Accept,7.50,Accept,Accept,YES,0.0000,0.0000,6.0,6.0,8.0,10.0,,,
D2hhkU5O48,7.5,Accept,6.75,Accept,Accept,YES,0.0000,0.0000,8.0,5.0,6.0,8.0,,,
i1Yxnar4mj,5.0,Reject,4.50,Reject,Reject,YES,0.0000,0.0000,6.0,3.0,3.0,6.0,,,
qVILwUxjLG,6.0,Accept,3.75,Reject,Reject,NO,0.0000,0.0000,3.0,3.0,3.0,6.0,,,
v3DwQlyGbv,5.0,Accept,2.33,Reject,Reject,NO,0.0000,0.0000,3.0,1.0,3.0,,,,
FWJAmwE0xH,7.0,Accept,6.25,Accept,Accept,YES,0.0000,0.0000,6.0,8.0,3.0,8.0,,,
dsP91M4hDL,6.5,Accept,6.50,Accept,Accept,YES,0.0000,0.0000,6.0,8.0,6.0,6.0,,,
CjPt1AC6w0,7.0,Accept,6.25,Reject,Reject,NO,0.0000,0.0000,6.0,8.0,6.0,5.0,,,
iOy2pITOoH,6.5,Accept,5.50,Reject,Reject,NO,0.0000,0.0000,5.0,6.0,6.0,5.0,,,
l1pNNQSzZv,5.5,Accept with reservations,6.25,Reject,Reject,NO,0.0000,0.0000,8.0,5.0,6.0,6.0,,,
Tw9wemV6cb,7.0,Accept,7.50,Accept,Accept,YES,0.0000,0.0000,8.0,6.0,8.0,8.0,,,
ZeaTvXw080,7.5,Accept,6.00,Accept,Accept,YES,0.0000,0.0000,6.0,6.0,6.0,6.0,,,
mzo7N2XkJ2,7.0,Accept,4.00,Reject,Reject,NO,0.0000,0.0000,6.0,3.0,3.0,,,,
WDDyTcaP1L,7.0,Accept,4.75,Reject,Reject,NO,0.0000,0.0000,8.0,3.0,3.0,5.0,,,
zu7cBTPsDb,5.5,Reject,6.00,Accept,Accept,NO,0.0000,0.0000,6.0,6.0,6.0,6.0,,,
CgqnYqpYQh,6.5,Accept,3.50,Reject,Reject,NO,0.0000,0.0000,5.0,3.0,3.0,3.0,,,
un9Gzm0BZb,5.0,Reject,4.75,Reject,Reject,YES,0.0000,0.0000,6.0,5.0,5.0,3.0,,,
TJNCnkDRkY,6.0,Accept,5.25,Reject,Reject,NO,0.0000,0.0000,5.0,5.0,6.0,5.0,,,
kYUpFKqtNe,5.0,Reject,3.50,Reject,Reject,YES,0.0000,0.0000,3.0,3.0,3.0,5.0,,,
7QDIFrtAsB,6.0,Reject,5.75,Reject,Reject,YES,0.0000,0.0000,6.0,5.0,6.0,6.0,,,
20oxNYWQl9,7.0,Accept,5.75,Reject,Reject,NO,0.0000,0.0000,5.0,6.0,6.0,6.0,,,
jkhVrIllKg,5.5,Reject,4.25,Reject,Reject,YES,0.0000,0.0000,5.0,6.0,3.0,3.0,,,
A7LTIuhH4k,7.0,Accept,5.00,Reject,Reject,NO,0.0000,0.0000,5.0,5.0,5.0,5.0,,,
tEei1bolt3,7.5,Accept,5.00,Reject,Reject,NO,0.0000,0.0000,5.0,6.0,6.0,3.0,,,
EIfcSw6MW0,4.0,Reject,3.00,Reject,Reject,YES,0.0000,0.0000,3.0,3.0,3.0,3.0,,,
X1lDOv09hG,5.0,Reject,4.00,Reject,Reject,YES,0.0000,0.0000,3.0,3.0,5.0,5.0,,,
UZQl0rbxj6,6.5,Accept,5.00,Reject,Reject,NO,0.0000,0.0000,5.0,3.0,5.0,6.0,6.0,,
OhTzuWzO6Q,5.0,Reject,4.75,Reject,Reject,YES,0.0000,0.0000,5.0,5.0,3.0,6.0,,,
PlZIXgfWPH,6.5,Accept,5.75,Reject,Reject,NO,0.0000,0.0000,8.0,5.0,5.0,5.0,,,
5zjsZiYEnr,5.5,Accept,6.00,Reject,Reject,NO,0.0000,0.0000,5.0,8.0,5.0,,,,
ImwrWH6U0Y,7.5,Accept,4.75,Reject,Reject,NO,0.0000,0.0000,5.0,6.0,5.0,3.0,,,
tItq3cwzYc,3.5,Reject,3.67,Reject,Reject,YES,0.0000,0.0000,5.0,3.0,3.0,,,,
peX9zpWgg4,7.5,Accept,5.75,Accept,Accept,YES,0.0000,0.0000,6.0,6.0,5.0,6.0,,,
1Wi0Ys33Nm,5.5,Reject,6.25,Accept,Accept,NO,0.0000,0.0000,6.0,6.0,8.0,5.0,,,
w7LU2s14kE,8.0,Accept,7.33,Accept,Accept,YES,0.0000,0.0000,6.0,8.0,8.0,,,,
kRoWeLTpL4,8.5,Accept,7.50,Accept,Accept,YES,0.0000,0.0000,6.0,8.0,8.0,8.0,,,
6tvW2OuGNc,7.5,Accept,4.50,Reject,Reject,NO,0.0000,0.0000,3.0,5.0,5.0,5.0,,,
B9klVS7Ddk,6.0,Accept,6.75,Accept,Accept,YES,0.0000,0.0000,8.0,5.0,8.0,6.0,,,
bcNwnuWMe0,6.5,Accept,4.33,Reject,Reject,NO,0.0000,0.0000,5.0,5.0,3.0,,,,
xbXydoejvY,5.5,Reject,4.75,Reject,Reject,YES,0.0000,0.0000,6.0,3.0,5.0,5.0,,,
gGWYecsK1U,7.5,Accept,6.50,Accept,Accept,YES,0.0000,0.0000,8.0,6.0,6.0,6.0,,,
xw3fStKCwm,6.0,Accept,3.75,Reject,Reject,NO,0.0000,0.0000,3.0,6.0,3.0,3.0,,,
bqv7M0wc4x,7.0,Accept,5.50,Accept,Accept,YES,0.0000,0.0000,5.0,6.0,5.0,6.0,,,
RcANissyP4,6.0,Reject,5.67,Reject,Reject,YES,0.0000,0.0000,6.0,6.0,5.0,,,,
EXaKfdsw04,5.5,Reject,3.25,Reject,Reject,YES,0.0000,0.0000,3.0,3.0,1.0,6.0,,,
u8y7wYYs2D,6.0,Reject,4.75,Reject,Reject,YES,0.0000,0.0000,3.0,6.0,5.0,5.0,,,
vJmpg0exYA,6.5,Accept,4.50,Reject,Reject,NO,0.0000,0.0000,3.0,6.0,3.0,6.0,,,
Ts95eXsPBc,2.0,Reject,7.00,Accept,Accept,NO,0.0000,0.0000,8.0,6.0,8.0,6.0,,,
jMJ9IRWmH9,5.0,Reject,3.50,Reject,Reject,YES,0.0000,0.0000,1.0,5.0,5.0,3.0,,,
IQ0BBfbYR2,5.0,Reject,3.67,Reject,Reject,YES,0.0000,0.0000,5.0,3.0,3.0,,,,
8sfc8MwG5v,5.5,Reject,5.50,Accept,Accept,NO,0.0000,0.0000,6.0,5.0,5.0,6.0,,,
gp5tRHkz9B,6.0,Accept,3.50,Reject,Reject,NO,0.0000,0.0000,5.0,3.0,3.0,3.0,,,
H6DpBnPCyH,7.5,Accept,5.50,Reject,Reject,NO,0.0000,0.0000,3.0,3.0,8.0,8.0,,,
er7VhmqZEA,4.5,Reject,4.00,Reject,Reject,YES,0.0000,0.0000,5.0,3.0,5.0,3.0,,,
EO2hZTtK3M,5.5,Reject,4.00,Reject,Reject,YES,0.0000,0.0000,5.0,3.0,5.0,3.0,,,
OZVTqoli2N,7.0,Accept,7.50,Accept,Accept,YES,0.0000,0.0000,8.0,8.0,8.0,6.0,,,
iamWnRpMuQ,6.0,Accept,7.00,Accept,Accept,YES,0.0000,0.0000,8.0,6.0,6.0,8.0,,,
44IKUSdbUD,6.0,Accept,3.00,Reject,Reject,NO,0.0000,0.0000,5.0,3.0,1.0,,,,
dq3keisMjT,6.0,Reject,3.50,Reject,Reject,YES,0.0000,0.0000,3.0,3.0,3.0,5.0,,,
LgzRo1RpLS,6.0,Accept,6.25,Accept,Accept,YES,0.0000,0.0000,5.0,6.0,8.0,6.0,,,
xt3mCoDks7,7.0,Accept,4.75,Reject,Reject,NO,0.0000,0.0000,6.0,3.0,5.0,5.0,,,
ZPTHI3X9y8,6.0,Accept,6.00,Reject,Reject,NO,0.0000,0.0000,6.0,5.0,8.0,5.0,,,
w4C4z80w59,5.5,Reject,6.00,Accept,Accept,NO,0.0000,0.0000,6.0,6.0,6.0,6.0,,,
XUzHegCq6f,4.5,Reject,3.00,Reject,Reject,YES,0.0000,0.0000,3.0,3.0,3.0,3.0,,,
DexGnh0EcB,5.0,Reject,4.20,Reject,Reject,YES,0.0000,0.0000,3.0,6.0,6.0,3.0,3.0,,
r92RVhnzKy,5.0,Reject,6.75,Reject,Reject,YES,0.0000,0.0000,5.0,6.0,8.0,8.0,,,
7BESdFZ7YA,4.0,Reject,6.40,Accept,Accept,NO,0.0000,0.0000,8.0,6.0,6.0,6.0,6.0,,
EFzBhrEp8Y,6.5,Accept,5.00,Reject,Reject,NO,0.0000,0.0000,5.0,5.0,5.0,5.0,,,
O6znYvxC1U,4.0,Reject,6.33,Accept,Accept,NO,0.0000,0.0000,5.0,8.0,6.0,,,,
YH5w12OUuU,6.0,Accept,6.33,Accept,Accept,YES,0.0000,0.0000,8.0,6.0,5.0,,,,
Se6MgCtRhz,7.0,Accept,7.00,Accept,Accept,YES,0.0000,0.0000,8.0,8.0,6.0,6.0,,,
Go8hf9wKJx,6.0,Reject,4.25,Reject,Reject,YES,0.0000,0.0000,5.0,6.0,3.0,3.0,,,
7El7K1DoyX,7.5,Accept,7.00,Accept,Accept,YES,0.0000,0.0000,8.0,6.0,8.0,6.0,,,
sOJriBlOFd,7.0,Accept,7.25,Accept,Accept,YES,0.0000,0.0000,8.0,8.0,5.0,8.0,,,
rCGleSgNBK,7.0,Accept,5.25,Accept,Accept,YES,0.0000,0.0000,6.0,6.0,6.0,3.0,,,
JshLcbPI9J,7.0,Accept,5.00,Reject,Reject,NO,0.0000,0.0000,5.0,5.0,3.0,6.0,6.0,,
9ngFxN83j2,-100.0,Error,5.75,Reject,Reject,NO,0.0000,0.0000,6.0,3.0,8.0,6.0,,,
1Q2t6D4dK6,7.5,Accept,5.25,Reject,Reject,NO,0.0000,0.0000,5.0,6.0,5.0,5.0,,,
2gwo9cjOEz,6.5,Reject,6.00,Reject,Reject,YES,0.0000,0.0000,8.0,5.0,5.0,,,,
6rMHcLWxl4,7.0,Accept,5.20,Reject,Reject,NO,0.0000,0.0000,5.0,5.0,6.0,5.0,5.0,,
ZTvUT49JjL,5.5,Reject,3.40,Reject,Reject,YES,0.0000,0.0000,3.0,3.0,3.0,5.0,3.0,,
WZfatbNdLV,6.0,Accept,5.50,Reject,Reject,NO,0.0000,0.0000,5.0,6.0,6.0,5.0,,,
6YdCMtRMuj,4.5,Reject,4.25,Reject,Reject,YES,0.0000,0.0000,3.0,6.0,5.0,3.0,,,
xNwmWaq2KN,5.0,Reject,5.33,Reject,Reject,YES,0.0000,0.0000,5.0,5.0,6.0,,,,
xOtOfdbBqK,5.5,Reject,5.75,Reject,Reject,YES,0.0000,0.0000,6.0,6.0,6.0,5.0,,,
or9OfAC3kb,7.0,Accept,5.25,Reject,Reject,NO,0.0000,0.0000,3.0,6.0,6.0,6.0,,,
Fzz8acgC6X,3.5,Reject,3.40,Reject,Reject,YES,0.0000,0.0000,3.0,5.0,3.0,3.0,3.0,,
Jhu4dQv5rY,6.5,Reject,4.67,Reject,Reject,YES,0.0000,0.0000,5.0,6.0,3.0,,,,
spwklWgmWJ,5.0,Reject,4.75,Reject,Reject,YES,0.0000,0.0000,3.0,3.0,8.0,5.0,,,
8m7p4k6Zeb,6.5,Accept,6.00,Accept,Accept,YES,0.0000,0.0000,6.0,6.0,6.0,,,,
LoXJlAW3gU,7.5,Accept,5.17,Reject,Reject,NO,0.0000,0.0000,5.0,6.0,6.0,5.0,6.0,3.0,
AS8SPTyBgw,4.0,Reject,5.50,Accept,Accept,NO,0.0000,0.0000,6.0,5.0,5.0,6.0,,,
jqff3wzkLT,5.5,Reject,4.33,Reject,Reject,YES,0.0000,0.0000,5.0,5.0,3.0,,,,
T0ebbDO60R,7.0,Accept,3.75,Reject,Reject,NO,0.0000,0.0000,3.0,5.0,5.0,5.0,3.0,3.0,
ZwhHSOHMTM,6.0,Accept,6.67,Accept,Accept,YES,0.0000,0.0000,8.0,6.0,6.0,,,,
nS2DBNydCC,4.5,Reject,4.75,Reject,Reject,YES,0.0000,0.0000,6.0,5.0,3.0,5.0,,,
LyNsMNNLjY,6.5,Accept,4.25,Reject,Reject,NO,0.0000,0.0000,3.0,6.0,3.0,5.0,,,
rgiIZ3pcZY,6.0,Reject,4.75,Reject,Reject,YES,0.0000,0.0000,6.0,3.0,5.0,5.0,,,
2oWRumm67L,5.0,Reject,5.00,Accept,Accept,NO,0.0000,0.0000,6.0,6.0,5.0,3.0,,,
uHVIxJGwr4,6.5,Accept,4.80,Reject,Reject,NO,0.0000,0.0000,5.0,8.0,3.0,3.0,5.0,,
gwZ90hFSL2,3.0,Reject,1.00,Reject,Reject,YES,0.0000,0.0000,1.0,1.0,1.0,,,,
KTL534o7Ot,5.5,Reject,5.33,Reject,Reject,YES,0.0000,0.0000,6.0,5.0,5.0,,,,
Nx6Bb5uxfI,5.0,Reject,4.40,Reject,Reject,YES,0.0000,0.0000,5.0,6.0,5.0,5.0,1.0,,
ONWLxkNkGN,5.5,Reject,5.25,Reject,Reject,YES,0.0000,0.0000,5.0,6.0,5.0,5.0,,,
8WpRt9pjeh,5.0,Reject,4.33,Reject,Reject,YES,0.0000,0.0000,5.0,3.0,5.0,,,,
fQbIZY9a3G,7.0,Accept,5.00,Reject,Reject,NO,0.0000,0.0000,5.0,5.0,5.0,,,,
pqxSDbX8XT,5.0,Reject,3.50,Reject,Reject,YES,0.0000,0.0000,3.0,3.0,5.0,3.0,,,
8ZW3oLNE0c,6.0,Accept,4.33,Reject,Reject,NO,0.0000,0.0000,5.0,3.0,5.0,,,,
pEh1SXCgOc,7.0,Accept,4.00,Reject,Reject,NO,0.0000,0.0000,5.0,3.0,5.0,3.0,,,
m3xVPaZp6Z,5.0,Reject,7.50,Accept,Accept,NO,0.0000,0.0000,8.0,8.0,8.0,6.0,,,
mZn2Xyh9Ec,9.0,Accept,5.00,Accept,Accept,YES,0.0000,0.0000,6.0,1.0,8.0,5.0,,,
Of6tH5yfmK,5.5,Reject,5.33,Reject,Reject,YES,0.0000,0.0000,6.0,5.0,5.0,,,,
DjeQ39QoLQ,7.0,Accept,6.50,Accept,Accept,YES,0.0000,0.0000,6.0,8.0,6.0,6.0,,,
Fx4fFBjn6j,6.0,Accept,5.33,Reject,Reject,NO,0.0000,0.0000,5.0,6.0,5.0,,,,
ekz1hN5QNh,6.0,Accept,6.00,Accept,Accept,YES,0.0000,0.0000,6.0,6.0,6.0,,,,
ukmh3mWFf0,6.0,Accept,3.40,Reject,Reject,NO,0.0000,0.0000,3.0,5.0,3.0,3.0,3.0,,
Lz221VLWrO,4.5,Reject,5.00,Reject,Reject,YES,0.0000,0.0000,8.0,6.0,5.0,3.0,3.0,,
w7BGq6ozOL,4.5,Reject,4.50,Reject,Reject,YES,0.0000,0.0000,1.0,6.0,8.0,3.0,,,
h71cSd2loX,6.5,Accept,5.50,Reject,Reject,NO,0.0000,0.0000,6.0,5.0,6.0,5.0,,,
zbpzJmRNiZ,5.5,Reject,5.25,Reject,Reject,YES,0.0000,0.0000,5.0,8.0,5.0,3.0,,,
j46zZVzVVQ,6.0,Reject,5.75,Reject,Reject,YES,0.0000,0.0000,6.0,6.0,6.0,5.0,,,
5JWAOLBxwp,7.5,Accept,5.80,Accept,Accept,YES,0.0000,0.0000,5.0,6.0,6.0,6.0,6.0,,
5rfj85bHCy,6.0,Accept,5.00,Reject,Reject,NO,0.0000,0.0000,5.0,5.0,5.0,,,,
k581sTMyPt,6.0,Reject,6.67,Accept,Accept,NO,0.0000,0.0000,6.0,8.0,6.0,,,,
evDSvZBFRP,6.5,Accept,4.00,Reject,Reject,NO,0.0000,0.0000,3.0,3.0,5.0,5.0,,,
zf777Odl6J,-100.0,Error,3.50,Reject,Reject,NO,0.0000,0.0000,3.0,3.0,3.0,5.0,,,
9sOR0nYLtz,8.0,Accept,6.50,Accept,Accept,YES,0.0000,0.0000,6.0,6.0,8.0,6.0,,,
WqovbCMrOp,6.5,Accept,5.80,Reject,Reject,NO,0.0000,0.0000,5.0,6.0,6.0,6.0,6.0,,
yGnsH3gQ6U,7.5,Accept,5.75,Accept,Accept,YES,0.0000,0.0000,6.0,5.0,6.0,6.0,,,
Q95MaWfF4e,7.5,Accept,7.00,Accept,Accept,YES,0.0000,0.0000,8.0,6.0,6.0,8.0,,,
oFIU5CBY9p,7.5,Accept,3.50,Reject,Reject,NO,0.0000,0.0000,3.0,5.0,3.0,3.0,,,
hVpAjJPfgZ,3.5,Accept,3.25,Reject,Reject,NO,0.0000,0.0000,1.0,6.0,3.0,3.0,,,
aSoLl0nlzr,7.0,Accept,4.50,Reject,Reject,NO,0.0000,0.0000,5.0,5.0,3.0,5.0,,,
d5HUnyByAI,7.5,Accept,4.50,Accept,Accept,YES,0.0000,0.0000,3.0,6.0,6.0,3.0,,,
sOmojPmnlL,5.0,Reject,4.25,Reject,Reject,YES,0.0000,0.0000,3.0,5.0,6.0,3.0,,,
xJ5CF1aOOX,2.0,Reject,2.50,Reject,Reject,YES,0.0000,0.0000,3.0,3.0,3.0,1.0,,,
AgMpK7z4bz,7.0,Accept,6.50,Accept,Accept,YES,0.0000,0.0000,6.0,8.0,6.0,6.0,,,
xhCZD9hiiA,7.5,Accept,6.00,Accept,Accept,YES,0.0000,0.0000,6.0,6.0,6.0,6.0,,,
7S1xDos9pH,5.0,Reject,5.75,Reject,Reject,YES,0.0000,0.0000,6.0,6.0,8.0,3.0,,,
UrbTqU2xrb,5.0,Reject,5.75,Reject,Reject,YES,0.0000,0.0000,5.0,6.0,6.0,6.0,,,
0je4SA7Jjg,6.0,Reject,6.50,Reject,Reject,YES,0.0000,0.0000,10.0,6.0,5.0,5.0,,,
OV0rZx8jr1,7.0,Accept,5.50,Reject,Reject,NO,0.0000,0.0000,6.0,5.0,6.0,5.0,,,
XMaPp8CIXq,6.0,Accept,3.00,Reject,Reject,NO,0.0000,0.0000,3.0,3.0,3.0,,,,
29p13QihRM,6.5,Accept,4.00,Reject,Reject,NO,0.0000,0.0000,3.0,5.0,5.0,3.0,,,
57xboRTbwI,6.0,Accept,4.25,Reject,Reject,NO,0.0000,0.0000,3.0,6.0,5.0,3.0,,,
SHeVc7efFz,7.5,Accept,4.20,Reject,Reject,NO,0.0000,0.0000,1.0,5.0,6.0,6.0,3.0,,
itrOA1adPn,7.5,Accept,4.25,Reject,Reject,NO,0.0000,0.0000,3.0,5.0,3.0,6.0,,,
NSpe8QgsCB,7.5,Accept,7.00,Accept,Accept,YES,0.0000,0.0000,6.0,6.0,8.0,8.0,,,
obYVdcMMIT,7.0,Accept,5.00,Reject,Reject,NO,0.0000,0.0000,5.0,6.0,5.0,3.0,1.0,6.0,
cHKuyeHmS9,6.5,Accept,5.33,Reject,Reject,NO,0.0000,0.0000,5.0,5.0,6.0,,,,
PFUrgJtfs0,7.5,Accept,3.50,Reject,Reject,NO,0.0000,0.0000,3.0,5.0,5.0,1.0,,,
tj40W2HAKN,7.5,Accept,5.00,Reject,Reject,NO,0.0000,0.0000,5.0,6.0,3.0,5.0,6.0,,
oGrGnPndHw,5.0,Reject,3.50,Reject,Reject,YES,0.0000,0.0000,5.0,3.0,3.0,3.0,,,
QByW8EYEtt,7.0,Accept,5.50,Reject,Reject,NO,0.0000,0.0000,3.0,5.0,6.0,8.0,,,
8xStV6KJEr,5.5,Accept,5.00,Reject,Reject,NO,0.0000,0.0000,5.0,5.0,5.0,5.0,,,
tRNKe2Vgqt,6.0,Accept,6.00,Accept,Accept,YES,0.0000,0.0000,6.0,6.0,6.0,6.0,6.0,,
BTKAeLqLMw,7.0,Accept,6.33,Accept,Accept,YES,0.0000,0.0000,8.0,6.0,5.0,,,,
YH3tFtwuzb,8.0,Accept,5.40,Reject,Reject,NO,0.0000,0.0000,8.0,3.0,5.0,6.0,5.0,,
sec09tLQUl,5.0,Reject,3.50,Reject,Reject,YES,0.0000,0.0000,3.0,3.0,3.0,5.0,,,
0uRc3CfJIQ,6.0,Reject,5.83,Accept,Accept,NO,0.0000,0.0000,5.0,6.0,8.0,8.0,5.0,3.0,
gkfUvn0fLU,7.0,Accept,7.00,Accept,Accept,YES,0.0000,0.0000,8.0,6.0,8.0,6.0,,,
usFdPd4Ghs,7.5,Accept,6.80,Accept,Accept,YES,0.0000,0.0000,5.0,8.0,5.0,8.0,8.0,,
lo9HMoGNwQ,6.0,Weak Accept,4.50,Reject,Reject,NO,0.0000,0.0000,5.0,5.0,5.0,3.0,,,
hheFYjOsWO,7.0,Accept,6.75,Accept,Accept,YES,0.0000,0.0000,8.0,8.0,6.0,5.0,,,
tZCqSVncRf,6.5,Accept,6.00,Accept,Accept,YES,0.0000,0.0000,5.0,6.0,8.0,5.0,,,
UEE13WQlNU,6.0,Accept,4.71,Reject,Reject,NO,0.0000,0.0000,6.0,5.0,5.0,6.0,5.0,3.0,
ZaSOGF8Ojq,4.0,Reject,5.75,Reject,Reject,YES,0.0000,0.0000,6.0,5.0,6.0,6.0,,,
gAEEjGv5Oa,7.0,Accept,4.50,Reject,Reject,NO,0.0000,0.0000,3.0,6.0,6.0,3.0,,,
CtOA9aN8fr,6.5,Reject,5.25,Accept,Accept,NO,0.0000,0.0000,5.0,8.0,3.0,5.0,,,
ydlDRUuGm9,7.5,Accept,6.25,Accept,Accept,YES,0.0000,0.0000,5.0,8.0,6.0,6.0,,,
mbo4YnWCHd,7.0,Accept,4.25,Reject,Reject,NO,0.0000,0.0000,3.0,6.0,3.0,5.0,,,
de1218PoEl,5.5,Reject,5.75,Accept,Accept,NO,0.0000,0.0000,5.0,5.0,8.0,5.0,,,
ULorFBST6X,5.5,Reject,6.50,Accept,Accept,NO,0.0000,0.0000,8.0,6.0,6.0,6.0,,,
FLR1K8h5Eq,7.5,Accept,5.33,Reject,Reject,NO,0.0000,0.0000,6.0,5.0,5.0,,,,
E60SIDItyT,5.0,Reject,6.00,Accept,Accept,NO,0.0000,0.0000,6.0,6.0,6.0,6.0,6.0,,
olOheQ0ZcK,4.5,Reject,5.75,Reject,Reject,YES,0.0000,0.0000,8.0,6.0,1.0,8.0,,,
RlpJmARXqj,1.5,Reject,3.50,Reject,Reject,YES,0.0000,0.0000,3.0,3.0,3.0,5.0,,,
IT33VLRJuS,6.5,Accept,4.25,Reject,Reject,NO,0.0000,0.0000,3.0,8.0,3.0,3.0,,,
8q9NOMzRDg,8.5,Accept,5.80,Accept,Accept,YES,0.0000,0.0000,6.0,6.0,6.0,6.0,5.0,,
kbeX97jExm,7.0,Accept,6.67,Accept,Accept,YES,0.0000,0.0000,6.0,8.0,6.0,,,,
pRCOZllZdT,6.5,Accept,7.00,Accept,Accept,YES,0.0000,0.0000,6.0,6.0,8.0,8.0,,,
t9NiRq9PGK,7.5,Accept,5.60,Reject,Reject,NO,0.0000,0.0000,6.0,5.0,5.0,6.0,6.0,,
U3EzVIsyiP,7.5,Accept,4.75,Reject,Reject,NO,0.0000,0.0000,5.0,3.0,8.0,3.0,,,
gT5hALch9z,5.5,Reject,6.00,Accept,Accept,NO,0.0000,0.0000,6.0,6.0,6.0,6.0,,,
Naiy1jf8UA,7.0,Accept,6.00,Reject,Reject,NO,0.0000,0.0000,6.0,5.0,5.0,8.0,,,
vfEqSWpMfj,4.5,Reject,2.50,Reject,Reject,YES,0.0000,0.0000,1.0,3.0,3.0,3.0,,,
hpZ5zpudH8,7.5,Accept,4.20,Reject,Reject,NO,0.0000,0.0000,3.0,6.0,6.0,3.0,3.0,,
JYTQ6ELUVO,5.5,Reject,6.50,Accept,Accept,NO,0.0000,0.0000,8.0,6.0,6.0,6.0,,,
tNvCSw8ONp,6.5,Accept,4.75,Reject,Reject,NO,0.0000,0.0000,5.0,5.0,3.0,6.0,,,
v7a4KET0Md,7.0,Accept,4.00,Reject,Reject,NO,0.0000,0.0000,6.0,3.0,3.0,,,,
aClIuYLG47,5.5,Reject,3.50,Reject,Reject,YES,0.0000,0.0000,3.0,1.0,5.0,5.0,,,
4jBL79L5QS,5.5,Reject,3.60,Reject,Reject,YES,0.0000,0.0000,3.0,3.0,6.0,3.0,3.0,,
dVq2StlcnY,7.0,Accept,5.75,Reject,Reject,NO,0.0000,0.0000,3.0,6.0,8.0,6.0,,,
2yqAzFPT4F,6.0,Accept,5.25,Reject,Reject,NO,0.0000,0.0000,5.0,3.0,5.0,8.0,,,
9KiE3t6CsL,8.0,Accept,6.00,Accept,Accept,YES,0.0000,0.0000,6.0,6.0,6.0,,,,
QcvwVUqnCg,7.0,Accept,5.50,Reject,Reject,NO,0.0000,0.0000,5.0,3.0,6.0,8.0,,,
hLZQTFGToA,4.5,Reject,4.50,Accept,Accept,NO,0.0000,0.0000,1.0,6.0,5.0,6.0,,,
ptjrpEGrGg,4.0,Reject,6.40,Accept,Accept,NO,0.0000,0.0000,6.0,6.0,6.0,6.0,8.0,,
6xfe4IVcOu,7.5,Accept,7.00,Accept,Accept,YES,0.0000,0.0000,8.0,8.0,6.0,6.0,,,
neDGc4slhd,4.5,Reject,2.86,Reject,Reject,YES,0.0000,0.0000,1.0,5.0,3.0,1.0,6.0,1.0,
OpSMgpBubj,5.5,Reject,5.60,Reject,Reject,YES,0.0000,0.0000,8.0,5.0,5.0,5.0,5.0,,
BWAhEjXjeG,7.5,Accept,7.00,Accept,Accept,YES,0.0000,0.0000,6.0,8.0,8.0,6.0,,,
k6OQ9VTZBZ,6.5,Accept,4.00,Reject,Reject,NO,0.0000,0.0000,5.0,3.0,3.0,5.0,,,
o5wGjBEgH8,7.0,Accept,5.00,Reject,Reject,NO,0.0000,0.0000,6.0,6.0,3.0,,,,
rwmwFnmjAX,6.0,Accept,4.75,Reject,Reject,NO,0.0000,0.0000,6.0,5.0,3.0,5.0,,,
ePEZvQNFDW,6.5,Accept,5.00,Accept,Accept,YES,0.0000,0.0000,5.0,5.0,5.0,5.0,,,
gZRfDWLlGY,5.0,Reject,4.33,Reject,Reject,YES,0.0000,0.0000,3.0,5.0,5.0,,,,
wg8NPfeMF9,6.0,Accept,6.50,Accept,Accept,YES,0.0000,0.0000,6.0,6.0,6.0,8.0,,,
3b9SKkRAKw,6.5,Accept,8.00,Accept,Accept,YES,0.0000,0.0000,8.0,8.0,8.0,8.0,,,
A0W7VCSQev,7.5,Accept,4.75,Reject,Reject,NO,0.0000,0.0000,3.0,5.0,6.0,5.0,,,
Aemqy6Hjdj,6.0,Accept,5.67,Reject,Reject,NO,0.0000,0.0000,6.0,6.0,5.0,,,,
SGQ9aDvObu,4.5,Reject,3.67,Reject,Reject,YES,0.0000,0.0000,5.0,3.0,3.0,3.0,3.0,5.0,
5GgjiRzYp3,7.5,Accept,5.50,Accept,Accept,YES,0.0000,0.0000,5.0,5.0,6.0,6.0,,,
PVHoELf5UN,5.5,Reject,6.40,Accept,Accept,NO,0.0000,0.0000,6.0,6.0,6.0,8.0,6.0,,
aKRADWBJ1I,7.0,Accept,6.75,Accept,Accept,YES,0.0000,0.0000,8.0,8.0,5.0,6.0,,,
GFua0WEYGF,7.5,Accept,5.25,Reject,Reject,NO,0.0000,0.0000,5.0,5.0,6.0,5.0,,,
AoRIT2Uzfg,7.0,Accept,4.67,Reject,Reject,NO,0.0000,0.0000,8.0,3.0,3.0,,,,
bVBLqKoiJ1,8.0,Accept,4.00,Reject,Reject,NO,0.0000,0.0000,3.0,3.0,5.0,5.0,,,
leACdxBEgv,7.0,Accept,6.67,Accept,Accept,YES,0.0000,0.0000,8.0,6.0,6.0,,,,
aSy2nYwiZ2,7.0,Accept,6.67,Accept,Accept,YES,0.0000,0.0000,8.0,6.0,6.0,,,,
37mG1vvEKf,4.5,Reject,4.00,Reject,Reject,YES,0.0000,0.0000,3.0,5.0,3.0,5.0,,,
cnKhHxN3xj,6.5,Accept,7.50,Accept,Accept,YES,0.0000,0.0000,8.0,8.0,6.0,8.0,,,
vhazhSm6I0,6.0,Accept,3.75,Reject,Reject,NO,0.0000,0.0000,3.0,3.0,3.0,6.0,,,
bDZCBjVgKW,5.5,Reject,4.00,Reject,Reject,YES,0.0000,0.0000,5.0,3.0,5.0,3.0,,,
zcTLpIfj9u,-100.0,Error,6.33,Accept,Accept,NO,0.0000,0.0000,6.0,5.0,8.0,,,,
AKAlVyunxA,7.5,Accept,5.75,Reject,Reject,NO,0.0000,0.0000,6.0,6.0,5.0,6.0,,,
LKx4rubqkO,5.5,Reject,3.75,Reject,Reject,YES,0.0000,0.0000,3.0,3.0,3.0,6.0,,,
fTdhM7q1o2,6.0,Accept,3.00,Reject,Reject,NO,0.0000,0.0000,3.0,3.0,3.0,3.0,,,
OIvg3MqWX2,7.0,Accept,8.00,Accept,Accept,YES,0.0000,0.0000,8.0,10.0,6.0,8.0,,,
81qyvxW9pe,6.5,Accept,3.50,Reject,Reject,NO,0.0000,0.0000,3.0,5.0,3.0,3.0,,,
ly10tMV6cD,5.0,Reject,3.25,Reject,Reject,YES,0.0000,0.0000,6.0,3.0,1.0,3.0,,,
j4s6V1dl8m,6.5,Reject,6.00,Reject,Reject,YES,0.0000,0.0000,8.0,8.0,5.0,3.0,,,
Hhx3swAQAZ,4.0,Reject,3.50,Reject,Reject,YES,0.0000,0.0000,5.0,3.0,3.0,3.0,,,
GF6UrrTWp1,5.5,Reject,2.60,Reject,Reject,YES,0.0000,0.0000,1.0,3.0,3.0,3.0,3.0,,
YQvvJjLWX0,7.0,Accept,5.50,Reject,Reject,NO,0.0000,0.0000,6.0,5.0,6.0,5.0,,,
IZiKBis0AA,4.5,Reject,3.00,Reject,Reject,YES,0.0000,0.0000,3.0,3.0,3.0,3.0,,,
aOJh9JvGcI,6.0,Reject,5.00,Reject,Reject,YES,0.0000,0.0000,6.0,3.0,6.0,5.0,,,
zgHamUBuuO,7.5,Accept,3.00,Reject,Reject,NO,0.0000,0.0000,3.0,5.0,1.0,3.0,,,
Z4s2oe3Oiq,6.5,Reject,5.00,Reject,Reject,YES,0.0000,0.0000,5.0,5.0,5.0,5.0,,,
cQ25MQQSNI,7.0,Accept,6.00,Accept,Accept,YES,0.0000,0.0000,6.0,6.0,6.0,,,,
PuKRVPXXpR,6.5,Accept,3.50,Reject,Reject,NO,0.0000,0.0000,3.0,3.0,5.0,3.0,,,
vkOaerjEcz,5.5,Reject,5.20,Reject,Reject,YES,0.0000,0.0000,5.0,5.0,5.0,6.0,5.0,,
9DDJuab67K,6.0,Accept,3.80,Reject,Reject,NO,0.0000,0.0000,3.0,5.0,3.0,5.0,3.0,,
44cMlQSreK,5.5,Reject,7.20,Accept,Accept,NO,0.0000,0.0000,8.0,6.0,6.0,8.0,8.0,,
u9Z6gL5MlL,7.0,Accept,4.50,Reject,Reject,NO,0.0000,0.0000,6.0,3.0,6.0,3.0,,,
mHYkcQzdae,4.5,Reject,4.75,Reject,Reject,YES,0.0000,0.0000,5.0,6.0,5.0,3.0,,,
SgymXhOEA5,7.5,Accept,7.50,Accept,Accept,YES,0.0000,0.0000,8.0,8.0,8.0,6.0,,,
ITi9Zwkge2,7.5,Accept,5.50,Reject,Reject,NO,0.0000,0.0000,6.0,5.0,6.0,5.0,,,
JYTQ6ELUVO,7.0,Accept,6.50,Accept,Accept,YES,0.0000,0.0000,8.0,6.0,6.0,6.0,,,
8tWOUmBHRv,-100.0,Error,4.00,Reject,Reject,NO,0.0000,0.0000,5.0,5.0,3.0,3.0,,,
WfjJOEfAf7,7.0,Accept,6.00,Reject,Reject,NO,0.0000,0.0000,8.0,6.0,5.0,5.0,,,
LNYL96VIsD,5.0,Reject,4.75,Reject,Reject,YES,0.0000,0.0000,5.0,6.0,3.0,5.0,,,
nLWiR5P3wr,7.0,Accept,7.00,Accept,Accept,YES,0.0000,0.0000,8.0,6.0,8.0,6.0,,,
dliIIodM6b,7.0,Accept,6.00,Accept,Accept,YES,0.0000,0.0000,3.0,8.0,5.0,8.0,,,
q5zMyAUhGx,7.5,Accept,6.20,Accept,Accept,YES,0.0000,0.0000,8.0,6.0,6.0,5.0,6.0,,
w8LMtFY97b,6.5,Accept,6.33,Accept,Accept,YES,0.0000,0.0000,8.0,5.0,6.0,,,,
q541p2YLt2,5.0,Reject,2.50,Reject,Reject,YES,0.0000,0.0000,3.0,1.0,3.0,3.0,,,
26XphugOcS,6.0,Accept,7.00,Accept,Accept,YES,0.0000,0.0000,8.0,8.0,6.0,6.0,,,
kVrwHLAb20,8.0,Accept,6.50,Accept,Accept,YES,0.0000,0.0000,8.0,6.0,6.0,6.0,,,
6SNyuiph3F,5.0,Reject,5.25,Reject,Reject,YES,0.0000,0.0000,5.0,6.0,5.0,5.0,,,
xriGRsoAza,6.5,Accept,8.00,Accept,Accept,YES,0.0000,0.0000,8.0,8.0,8.0,8.0,,,
yheQRc5xWB,4.0,Reject,5.80,Accept,Accept,NO,0.0000,0.0000,5.0,6.0,6.0,6.0,6.0,,
JEYWfmz2TU,5.0,Reject,3.00,Reject,Reject,YES,0.0000,0.0000,3.0,3.0,3.0,3.0,,,
IEduRUO55F,7.5,Accept,6.25,Accept,Accept,YES,0.0000,0.0000,6.0,6.0,5.0,8.0,,,
BvQkjCnXXr,7.0,Accept,4.50,Reject,Reject,NO,0.0000,0.0000,3.0,5.0,5.0,5.0,,,
9P5I9zTUAd,6.0,Accept,4.60,Reject,Reject,NO,0.0000,0.0000,6.0,5.0,3.0,6.0,3.0,,
TvGPP8i18S,7.0,Accept,6.25,Accept,Accept,YES,0.0000,0.0000,5.0,8.0,6.0,6.0,,,
NJ6nyv3XWH,4.5,Reject,3.00,Reject,Reject,YES,0.0000,0.0000,3.0,3.0,3.0,3.0,,,
07ZaA3MiL0,5.5,Reject,4.25,Reject,Reject,YES,0.0000,0.0000,3.0,6.0,5.0,3.0,,,
UuK99g47op,4.5,Reject,3.50,Reject,Reject,YES,0.0000,0.0000,5.0,3.0,3.0,3.0,,,
WtZRZC4zva,7.0,Accept,4.33,Reject,Reject,NO,0.0000,0.0000,5.0,3.0,5.0,,,,
28oMPC5bcE,6.5,Accept,5.50,Reject,Reject,NO,0.0000,0.0000,5.0,6.0,5.0,6.0,,,
M8J0b9gNfG,7.5,Accept,6.20,Reject,Reject,NO,0.0000,0.0000,6.0,5.0,8.0,6.0,6.0,,
20mMK8UlFh,7.0,Accept,5.00,Reject,Reject,NO,0.0000,0.0000,5.0,5.0,5.0,5.0,,,
QcMdPYBwTu,6.0,Accept,5.75,Accept,Accept,YES,0.0000,0.0000,6.0,6.0,3.0,8.0,,,
ylHLVq0psd,5.0,Reject,5.50,Reject,Reject,YES,0.0000,0.0000,3.0,6.0,8.0,5.0,5.0,6.0,
1L52bHEL5d,7.5,Accept,6.00,Accept,Accept,YES,0.0000,0.0000,6.0,6.0,6.0,6.0,,,
iMI4HRpZFc,7.0,Accept,5.25,Reject,Reject,NO,0.0000,0.0000,5.0,5.0,5.0,6.0,,,
0GzqVqCKns,6.5,Accept,6.50,Accept,Accept,YES,0.0000,0.0000,6.0,6.0,8.0,6.0,,,
7oLshfEIC2,7.5,Accept,5.67,Accept,Accept,YES,0.0000,0.0000,6.0,8.0,3.0,,,,
Ebt7JgMHv1,7.5,Accept,6.33,Accept,Accept,YES,0.0000,0.0000,8.0,3.0,8.0,,,,
74vnDs1R97,6.5,Accept,5.80,Accept,Accept,YES,0.0000,0.0000,6.0,6.0,5.0,6.0,6.0,,
w8Zo7jACq7,6.5,Accept,5.20,Reject,Reject,NO,0.0000,0.0000,5.0,6.0,6.0,3.0,6.0,,
4XCfu7fTgw,5.5,Reject,5.00,Reject,Reject,YES,0.0000,0.0000,5.0,5.0,5.0,,,,
Md783Qa2JX,5.0,Reject,4.00,Reject,Reject,YES,0.0000,0.0000,6.0,3.0,3.0,,,,
Wd1R0oxe5j,5.0,Reject,3.50,Reject,Reject,YES,0.0000,0.0000,1.0,3.0,5.0,5.0,,,
vvD0VFw0LG,7.0,Accept,4.75,Reject,Reject,NO,0.0000,0.0000,3.0,3.0,5.0,8.0,,,
vl3F3s8OMg,5.5,Reject,4.25,Reject,Reject,YES,0.0000,0.0000,5.0,6.0,3.0,3.0,,,
WqL4wOU3tw,6.0,Accept,4.75,Reject,Reject,NO,0.0000,0.0000,6.0,5.0,3.0,5.0,,,
5sRnsubyAK,5.0,Reject,3.75,Reject,Reject,YES,0.0000,0.0000,5.0,6.0,3.0,1.0,,,
JOBokGDcX0,6.0,Accept,2.50,Reject,Reject,NO,0.0000,0.0000,5.0,3.0,1.0,1.0,,,
Ti0kjqFx7D,3.0,Reject,4.33,Reject,Reject,YES,0.0000,0.0000,5.0,5.0,3.0,,,,
6tDPefQyvB,7.5,Accept,5.00,Reject,Reject,NO,0.0000,0.0000,6.0,3.0,6.0,5.0,,,
xKDZAW0He3,7.0,Accept,5.25,Accept,Accept,YES,0.0000,0.0000,6.0,6.0,6.0,3.0,,,
yeeIGM3N6w,7.0,Accept,5.50,Reject,Reject,NO,0.0000,0.0000,6.0,5.0,5.0,6.0,,,
h7GAgbLSmC,6.0,Accept,7.00,Accept,Accept,YES,0.0000,0.0000,8.0,8.0,6.0,6.0,,,
1YSJW69CFQ,2.5,Reject,1.67,Reject,Reject,YES,0.0000,0.0000,1.0,1.0,3.0,,,,
Sw10tbj0gM,5.5,Reject,3.50,Reject,Reject,YES,0.0000,0.0000,5.0,3.0,3.0,3.0,,,
7BQkXXM8Fy,7.0,Accept,7.50,Accept,Accept,YES,0.0000,0.0000,6.0,10.0,6.0,8.0,,,
vgQmK5HHfz,5.0,Reject,4.83,Reject,Reject,YES,0.0000,0.0000,3.0,3.0,5.0,5.0,8.0,5.0,
BfQNrKJMXq,6.5,Accept,4.75,Reject,Reject,NO,0.0000,0.0000,5.0,3.0,5.0,6.0,,,
qi5dkmEE91,7.0,Accept,3.00,Reject,Reject,NO,0.0000,0.0000,5.0,3.0,1.0,,,,
7vKWg2Vdrs,4.5,Reject,3.25,Reject,Reject,YES,0.0000,0.0000,6.0,1.0,3.0,3.0,,,
2gMwe9Duc4,7.5,Accept,4.67,Reject,Reject,NO,0.0000,0.0000,6.0,5.0,3.0,,,,
eVpjeCNsR6,6.0,Accept,5.60,Reject,Reject,NO,0.0000,0.0000,6.0,6.0,3.0,8.0,5.0,,
z4bfNsrum4,6.0,Accept,3.80,Reject,Reject,NO,0.0000,0.0000,1.0,3.0,6.0,3.0,6.0,,
VdDtRu7RTf,5.5,Accept,4.75,Reject,Reject,NO,0.0000,0.0000,5.0,3.0,5.0,6.0,,,
OqZDfIknDe,5.5,Accept,3.50,Reject,Reject,NO,0.0000,0.0000,1.0,3.0,5.0,5.0,,,
IAlmvV1pZd,5.5,Reject,3.50,Reject,Reject,YES,0.0000,0.0000,3.0,5.0,3.0,3.0,,,
0y0yOpI4wx,6.5,Accept,3.75,Reject,Reject,NO,0.0000,0.0000,6.0,1.0,5.0,3.0,,,
QgwAYFrh9t,7.5,Accept,5.75,Accept,Accept,YES,0.0000,0.0000,5.0,5.0,8.0,5.0,,,
4VfPLTqdrq,6.0,Accept,4.60,Reject,Reject,NO,0.0000,0.0000,5.0,3.0,5.0,5.0,5.0,,
8e2LirwiJT,7.5,Accept,6.40,Accept,Accept,YES,0.0000,0.0000,6.0,6.0,6.0,8.0,6.0,,
DCDT918ZkI,5.5,Reject,5.75,Accept,Accept,NO,0.0000,0.0000,6.0,6.0,3.0,8.0,,,
13G5KXm98a,6.0,Accept,5.00,Reject,Reject,NO,0.0000,0.0000,6.0,3.0,6.0,5.0,,,
ziDFH8TPPK,6.5,Accept,6.25,Accept,Accept,YES,0.0000,0.0000,3.0,6.0,8.0,8.0,,,
qH5uyYCG2j,5.0,Reject,4.20,Reject,Reject,YES,0.0000,0.0000,6.0,6.0,1.0,3.0,5.0,,
tS3gexmfeT,5.5,Reject,3.50,Reject,Reject,YES,0.0000,0.0000,3.0,3.0,5.0,3.0,,,
aAI92OHA4t,5.0,Reject,2.33,Reject,Reject,YES,0.0000,0.0000,1.0,3.0,3.0,,,,
8eenzfwKqU,6.5,Accept,5.50,Reject,Reject,NO,0.0000,0.0000,6.0,5.0,6.0,5.0,,,
PCTqol2hvy,6.0,Accept,6.25,Reject,Reject,NO,0.0000,0.0000,6.0,8.0,3.0,8.0,,,
vAoyZWyDEc,2.0,Reject,2.50,Reject,Reject,YES,0.0000,0.0000,3.0,3.0,1.0,3.0,,,
IQZicPtADC,6.5,Accept,5.83,Reject,Reject,NO,0.0000,0.0000,5.0,5.0,5.0,6.0,6.0,8.0,
QaTBHSqmH9,6.5,Reject,6.50,Accept,Accept,NO,0.0000,0.0000,6.0,6.0,8.0,6.0,,,
N9hTix8kWA,-100.0,Error,5.33,Reject,Reject,NO,0.0000,0.0000,5.0,8.0,3.0,,,,
tKif2rXQ6V,5.5,Reject,3.50,Reject,Reject,YES,0.0000,0.0000,3.0,5.0,3.0,3.0,,,
5bUy4F59mk,6.0,Accept,6.00,Accept,Accept,YES,0.0000,0.0000,6.0,6.0,6.0,6.0,,,
qTlcbLSm4p,7.0,Accept,7.00,Accept,Accept,YES,0.0000,0.0000,8.0,8.0,6.0,6.0,,,
WKW5TG8ItY,6.5,Accept,5.75,Accept,Accept,YES,0.0000,0.0000,6.0,5.0,6.0,6.0,,,
i6EtCiIK4a,5.0,Reject,6.60,Reject,Reject,YES,0.0000,0.0000,8.0,6.0,8.0,5.0,6.0,,
Y8L5RB4GWb,6.0,Reject,6.25,Accept,Accept,NO,0.0000,0.0000,8.0,6.0,5.0,6.0,,,
qk8JMpwWPh,6.0,Reject,3.75,Reject,Reject,YES,0.0000,0.0000,6.0,3.0,3.0,3.0,,,
AjXkRZIvjB,8.0,Accept,6.00,Accept,Accept,YES,0.0000,0.0000,8.0,8.0,5.0,3.0,,,
KRdiRGSNc9,7.0,Accept,4.60,Reject,Reject,NO,0.0000,0.0000,5.0,5.0,5.0,5.0,3.0,,
Q95MaWfF4e,8.0,Accept,7.00,Accept,Accept,YES,0.0000,0.0000,8.0,6.0,6.0,8.0,,,
Mgq6kxl115,6.5,Accept,6.60,Accept,Accept,YES,0.0000,0.0000,5.0,8.0,6.0,8.0,6.0,,
4nU3BLG1ni,5.0,Reject,5.00,Reject,Reject,YES,0.0000,0.0000,6.0,3.0,3.0,8.0,5.0,,
8lwWBSa1pJ,6.0,Reject,5.60,Reject,Reject,YES,0.0000,0.0000,6.0,3.0,5.0,8.0,6.0,,
uNd289HjLi,6.5,Accept,6.33,Accept,Accept,YES,0.0000,0.0000,5.0,6.0,8.0,,,,
wLbL3lJNTL,7.5,Accept,5.25,Reject,Reject,NO,0.0000,0.0000,3.0,5.0,8.0,5.0,,,
nttFj0wKfD,5.5,Reject,3.50,Reject,Reject,YES,0.0000,0.0000,3.0,3.0,5.0,3.0,,,
cznqgb4DNv,7.5,Accept,7.00,Accept,Accept,YES,0.0000,0.0000,8.0,3.0,8.0,8.0,8.0,,
8CJDYx8GwF,-100.0,Error,6.25,Reject,Reject,NO,0.0000,0.0000,5.0,6.0,6.0,8.0,,,
DjIsNDEOYX,5.0,Reject,6.50,Accept,Accept,NO,0.0000,0.0000,5.0,8.0,5.0,8.0,,,
pw2ssoOTpo,7.0,Accept,6.50,Accept,Accept,YES,0.0000,0.0000,8.0,6.0,6.0,6.0,,,
6CZ50WgfCG,6.5,Reject,6.25,Accept,Accept,NO,0.0000,0.0000,8.0,3.0,8.0,6.0,,,
sshYEYQ82L,6.5,Accept,4.75,Reject,Reject,NO,0.0000,0.0000,3.0,5.0,5.0,6.0,,,
5j6wtOO6Fk,6.0,Accept,4.67,Reject,Reject,NO,0.0000,0.0000,3.0,3.0,8.0,,,,
gIiz7tBtYZ,5.5,Accept,6.00,Accept,Accept,YES,0.0000,0.0000,6.0,6.0,6.0,6.0,,,
3LifGYAD0W,6.5,Accept,6.00,Reject,Reject,NO,0.0000,0.0000,8.0,5.0,6.0,5.0,,,
U7iiF79kI3,7.5,Accept,6.67,Accept,Accept,YES,0.0000,0.0000,6.0,8.0,6.0,,,,
WR9M6AA4LT,7.0,Accept,6.00,Reject,Reject,NO,0.0000,0.0000,8.0,5.0,5.0,,,,
10kBEqYKKN,4.0,Reject,3.00,Reject,Reject,YES,0.0000,0.0000,3.0,3.0,3.0,,,,
9pKtcJcMP3,7.0,Accept,7.00,Accept,Accept,YES,0.0000,0.0000,6.0,8.0,8.0,6.0,,,
Pui7Sa6Jwi,7.0,Accept,5.67,Reject,Reject,NO,0.0000,0.0000,6.0,6.0,5.0,,,,
Jwtpbhheoy,7.0,Accept,5.00,Reject,Reject,NO,0.0000,0.0000,5.0,5.0,5.0,,,,
sLregLuXpn,7.5,Accept,5.00,Accept,Accept,YES,0.0000,0.0000,3.0,6.0,6.0,,,,
lvw3UgeVxS,7.0,Accept,7.50,Accept,Accept,YES,0.0000,0.0000,8.0,8.0,8.0,6.0,,,
EUe0yA2pAw,6.5,Accept,4.67,Reject,Reject,NO,0.0000,0.0000,5.0,6.0,3.0,5.0,3.0,6.0,
drovOv7IKB,6.0,Reject,5.00,Reject,Reject,YES,0.0000,0.0000,6.0,6.0,3.0,5.0,,,
fzZfju8y0g,7.5,Accept,3.40,Reject,Reject,NO,0.0000,0.0000,3.0,3.0,3.0,5.0,3.0,,
g8sGBSQjYk,6.5,Accept,7.33,Accept,Accept,YES,0.0000,0.0000,8.0,8.0,6.0,,,,
v9Sfo2hMJl,5.0,Reject,5.67,Reject,Reject,YES,0.0000,0.0000,6.0,6.0,5.0,,,,
C5w86qtcgY,6.0,Accept,5.25,Reject,Reject,NO,0.0000,0.0000,8.0,3.0,5.0,5.0,,,
jFJPd9kIiF,7.5,Accept,6.00,Accept,Accept,YES,0.0000,0.0000,5.0,6.0,8.0,5.0,,,
6zcZQkjB3Q,6.0,Accept,5.00,Reject,Reject,NO,0.0000,0.0000,6.0,5.0,6.0,3.0,,,
Mv3GAYJGcW,4.0,Reject,6.00,Accept,Accept,NO,0.0000,0.0000,6.0,6.0,6.0,,,,
OJsMGsO6yn,5.5,Reject,6.50,Accept,Accept,NO,0.0000,0.0000,6.0,8.0,6.0,6.0,,,
905dpz8K73,7.5,Accept,5.33,Reject,Reject,NO,0.0000,0.0000,5.0,6.0,5.0,,,,
sNoJSfGh6y,5.0,Reject,4.00,Reject,Reject,YES,0.0000,0.0000,3.0,3.0,3.0,5.0,6.0,,
Q7uE3M5aMD,5.0,Reject,7.00,Reject,Reject,YES,0.0000,0.0000,6.0,8.0,8.0,6.0,,,
Od39h4XQ3Y,5.5,Accept,6.00,Accept,Accept,YES,0.0000,0.0000,6.0,6.0,6.0,6.0,,,
Nu8b9C1xcr,5.5,Accept,4.50,Reject,Reject,NO,0.0000,0.0000,5.0,3.0,5.0,5.0,,,
krUajZ1gHg,7.0,Accept,4.25,Reject,Reject,NO,0.0000,0.0000,5.0,6.0,1.0,5.0,,,
hrMNbdxcqL,6.5,Accept,3.00,Reject,Reject,NO,0.0000,0.0000,3.0,3.0,3.0,3.0,,,
f114duq0Ov,5.0,Reject,4.67,Reject,Reject,YES,0.0000,0.0000,6.0,5.0,3.0,,,,
iTFdNLHE7k,7.0,Accept,6.75,Accept,Accept,YES,0.0000,0.0000,8.0,5.0,6.0,8.0,,,
Uxm7DxPwrZ,7.0,Accept,4.80,Reject,Reject,NO,0.0000,0.0000,5.0,5.0,6.0,3.0,5.0,,
HHWlwxDeRn,7.0,Accept,6.00,Accept,Accept,YES,0.0000,0.0000,6.0,6.0,6.0,6.0,,,
Zdl2i7RKmz,5.5,Accept,4.20,Reject,Reject,NO,0.0000,0.0000,3.0,3.0,6.0,6.0,3.0,,
ZdqdWiRRwR,7.5,Accept,4.00,Reject,Reject,NO,0.0000,0.0000,5.0,3.0,5.0,3.0,,,
hCfhfwSfCg,6.0,Accept,2.00,Reject,Reject,NO,0.0000,0.0000,1.0,1.0,3.0,3.0,,,
fmHS8aBfuH,5.5,Reject,3.00,Reject,Reject,YES,0.0000,0.0000,3.0,3.0,3.0,3.0,,,
rkc79rOJu8,5.5,Reject,4.67,Reject,Reject,YES,0.0000,0.0000,5.0,3.0,6.0,,,,
idnMNjlEj5,6.0,Accept,4.00,Reject,Reject,NO,0.0000,0.0000,6.0,3.0,3.0,,,,
3iJ7eSj2rE,5.5,Reject,4.00,Reject,Reject,YES,0.0000,0.0000,3.0,3.0,5.0,5.0,,,
lnVPfgRnIV,5.0,Reject,4.75,Reject,Reject,YES,0.0000,0.0000,6.0,3.0,5.0,5.0,,,
DzxaRFVsgC,6.0,Accept,5.50,Reject,Reject,NO,0.0000,0.0000,5.0,3.0,6.0,8.0,,,
tTPHgb0EtV,7.0,Accept,8.00,Accept,Accept,YES,0.0000,0.0000,8.0,8.0,8.0,8.0,,,
v5JrYUdMxc,6.5,Accept,3.50,Reject,Reject,NO,0.0000,0.0000,5.0,3.0,3.0,3.0,,,
qZz7PKt4bE,5.0,Reject,3.00,Reject,Reject,YES,0.0000,0.0000,5.0,3.0,1.0,,,,
C4QNyUqBIu,6.0,Accept,3.50,Reject,Reject,NO,0.0000,0.0000,3.0,3.0,5.0,3.0,,,
EaiU4F5pwn,7.0,Accept,4.67,Reject,Reject,NO,0.0000,0.0000,3.0,3.0,6.0,5.0,6.0,5.0,
4jBL79L5QS,5.0,Accept,3.60,Reject,Reject,NO,0.0000,0.0000,3.0,3.0,6.0,3.0,3.0,,
rxVBKhyfSo,7.5,Accept,7.00,Accept,Accept,YES,0.0000,0.0000,6.0,8.0,8.0,6.0,,,
RrIjnSMhMZ,5.0,Reject,2.50,Reject,Reject,YES,0.0000,0.0000,1.0,5.0,1.0,3.0,,,
QWMgTMRUnB,7.5,Accept,3.60,Reject,Reject,NO,0.0000,0.0000,3.0,3.0,6.0,3.0,3.0,,
1EEst6oDU7,5.0,Reject,5.50,Reject,Reject,YES,0.0000,0.0000,5.0,5.0,6.0,6.0,,,
3BhZCfJ73Y,6.5,Accept,6.25,Accept,Accept,YES,0.0000,0.0000,6.0,5.0,6.0,8.0,,,
0gDQgwjoX0,5.0,Reject,4.67,Reject,Reject,YES,0.0000,0.0000,6.0,5.0,3.0,,,,
QwrnH32tJV,7.0,Accept,5.67,Reject,Reject,NO,0.0000,0.0000,8.0,3.0,6.0,,,,
b5MCteb3w7,6.0,Accept,4.75,Reject,Reject,NO,0.0000,0.0000,8.0,5.0,3.0,3.0,,,
EJTeOf8iG0,5.5,Accept,3.00,Reject,Reject,NO,0.0000,0.0000,3.0,3.0,3.0,3.0,,,
dsd04MYKax,6.5,Accept,4.80,Reject,Reject,NO,0.0000,0.0000,6.0,5.0,3.0,5.0,5.0,,
aygBjpMdan,6.5,Accept,4.25,Reject,Reject,NO,0.0000,0.0000,3.0,6.0,5.0,3.0,,,
i7drKWhFCo,7.0,Accept,7.00,Accept,Accept,YES,0.0000,0.0000,8.0,6.0,8.0,6.0,,,
TjXjkxhSdE,6.0,Accept,5.67,Reject,Reject,NO,0.0000,0.0000,6.0,5.0,6.0,,,,
LqTz13JS2P,4.5,Accept,7.25,Accept,Accept,YES,0.0000,0.0000,8.0,5.0,8.0,8.0,,,
FVuqJt3c4L,8.0,Accept,7.50,Accept,Accept,YES,0.0000,0.0000,8.0,8.0,8.0,5.0,8.0,8.0,
99YEbiBbdy,5.5,Reject,6.75,Reject,Reject,YES,0.0000,0.0000,5.0,8.0,6.0,8.0,,,
T7YV5UZKBc,8.0,Accept,7.33,Accept,Accept,YES,0.0000,0.0000,8.0,8.0,6.0,,,,
siHHqDDzvS,6.0,Accept,6.25,Accept,Accept,YES,0.0000,0.0000,6.0,6.0,8.0,5.0,,,
JVFRwCx3Dy,7.0,Accept,4.00,Reject,Reject,NO,0.0000,0.0000,3.0,3.0,5.0,5.0,,,
cazOlqncU6,6.0,Accept,4.50,Reject,Reject,NO,0.0000,0.0000,3.0,5.0,5.0,5.0,,,
Lbx9zdURxe,6.0,Reject,6.00,Accept,Accept,NO,0.0000,0.0000,6.0,6.0,6.0,6.0,,,
SA19ijj44B,8.0,Accept,7.33,Accept,Accept,YES,0.0000,0.0000,8.0,8.0,6.0,,,,
5wmAfwDBoi,7.5,Accept,4.25,Reject,Reject,NO,0.0000,0.0000,5.0,3.0,6.0,3.0,,,
xw4jtToUrf,4.5,Reject,4.20,Reject,Reject,YES,0.0000,0.0000,5.0,5.0,5.0,3.0,3.0,,
wg8NPfeMF9,6.5,Accept,6.50,Accept,Accept,YES,0.0000,0.0000,6.0,6.0,6.0,8.0,,,
TTUtPIpaol,7.5,Accept,5.25,Reject,Reject,NO,0.0000,0.0000,6.0,6.0,3.0,6.0,,,
JCiF03qnmi,6.5,Accept,6.80,Accept,Accept,YES,0.0000,0.0000,6.0,8.0,6.0,6.0,8.0,,
Unb5CVPtae,7.5,Accept,7.00,Accept,Accept,YES,0.0000,0.0000,3.0,8.0,8.0,8.0,8.0,,
nTlzEM1x3B,7.0,Accept,4.50,Reject,Reject,NO,0.0000,0.0000,5.0,5.0,5.0,3.0,,,
rztZ2QfSfJ,7.0,Accept,4.33,Reject,Reject,NO,0.0000,0.0000,5.0,3.0,5.0,,,,
MSxCBXD5C8,5.0,Reject,3.00,Reject,Reject,YES,0.0000,0.0000,3.0,3.0,3.0,3.0,,,
fMOUybjbnO,8.0,Accept,6.00,Reject,Reject,NO,0.0000,0.0000,5.0,6.0,8.0,5.0,,,
xJc3PazBwS,6.5,Accept,3.75,Reject,Reject,NO,0.0000,0.0000,3.0,3.0,6.0,3.0,,,
EukID7GvBy,6.0,Reject,3.00,Reject,Reject,YES,0.0000,0.0000,3.0,5.0,3.0,3.0,1.0,,
HYWdlCPtao,5.5,Accept,6.25,Reject,Reject,NO,0.0000,0.0000,6.0,5.0,6.0,8.0,,,
eFWG9Cy3WK,7.0,Accept,6.33,Accept,Accept,YES,0.0000,0.0000,3.0,8.0,8.0,,,,
KZEqbwJfTl,6.5,Reject,6.20,Accept,Accept,NO,0.0000,0.0000,6.0,6.0,6.0,8.0,5.0,,
zSUXo1nkqR,6.5,Reject,3.40,Reject,Reject,YES,0.0000,0.0000,5.0,3.0,3.0,3.0,3.0,,
g6v09VxgFw,6.0,Accept,5.25,Accept,Accept,YES,0.0000,0.0000,3.0,6.0,6.0,6.0,,,
UkGrcekmSZ,2.5,Reject,2.00,Reject,Reject,YES,0.0000,0.0000,3.0,3.0,1.0,1.0,,,
pB1FeRSQxh,7.5,Accept,6.00,Accept,Accept,YES,0.0000,0.0000,5.0,5.0,8.0,6.0,,,
2x1U8a3s7G,7.0,Accept,5.00,Reject,Reject,NO,0.0000,0.0000,6.0,6.0,3.0,,,,
EDoD3DgivF,6.5,Accept,6.00,Accept,Accept,YES,0.0000,0.0000,6.0,6.0,6.0,6.0,,,
FPfCUJTsCn,7.5,Accept,7.20,Accept,Accept,YES,0.0000,0.0000,6.0,8.0,8.0,6.0,8.0,,
i9Vs5NGDpk,8.0,Accept,7.50,Accept,Accept,YES,0.0000,0.0000,8.0,8.0,8.0,6.0,,,
DorP300Q3b,6.5,Accept,6.00,Reject,Reject,NO,0.0000,0.0000,5.0,5.0,6.0,8.0,,,
O2aioX2Z2v,5.5,Reject,4.20,Reject,Reject,YES,0.0000,0.0000,3.0,5.0,6.0,1.0,6.0,,
nKSkM5h2VN,5.0,Reject,5.33,Reject,Reject,YES,0.0000,0.0000,6.0,5.0,5.0,,,,
b7HOhqXiZs,5.5,Reject,2.60,Reject,Reject,YES,0.0000,0.0000,1.0,3.0,3.0,3.0,3.0,,
u63OVngeSp,7.5,Accept,7.00,Accept,Accept,YES,0.0000,0.0000,5.0,8.0,8.0,6.0,8.0,,
tcx84iyqaC,6.0,Accept,5.33,Reject,Reject,NO,0.0000,0.0000,5.0,6.0,5.0,,,,
lCqNxBGPp5,6.5,Accept,5.00,Reject,Reject,NO,0.0000,0.0000,8.0,3.0,6.0,3.0,,,
i3QV4XgsLA,6.0,Accept,5.20,Reject,Reject,NO,0.0000,0.0000,6.0,6.0,3.0,6.0,5.0,,
vSOTacnSNf,6.0,Reject,4.33,Reject,Reject,YES,0.0000,0.0000,5.0,3.0,5.0,,,,
boz4LIvv3f,6.5,Accept,5.50,Reject,Reject,NO,0.0000,0.0000,6.0,5.0,6.0,5.0,,,
oRNus243R6,5.0,Reject,5.67,Reject,Reject,YES,0.0000,0.0000,6.0,6.0,5.0,,,,
v1rFkElnIn,6.5,Accept,6.00,Accept,Accept,YES,0.0000,0.0000,6.0,6.0,6.0,,,,
0RHMnPj8no,7.5,Accept,6.00,Reject,Reject,NO,0.0000,0.0000,6.0,8.0,5.0,5.0,,,
yjX303Smre,7.0,Accept,5.50,Reject,Reject,NO,0.0000,0.0000,6.0,6.0,5.0,5.0,,,
gJ48psisby,5.0,Reject,3.50,Reject,Reject,YES,0.0000,0.0000,5.0,3.0,3.0,3.0,,,
leFBpvYaPx,6.5,Accept,5.50,Reject,Reject,NO,0.0000,0.0000,6.0,6.0,5.0,5.0,,,
QNW42cjkym,5.0,Reject,3.50,Reject,Reject,YES,0.0000,0.0000,5.0,3.0,3.0,3.0,,,
1qGkuxI9UX,7.5,Accept,6.25,Accept,Accept,YES,0.0000,0.0000,6.0,5.0,8.0,6.0,,,
QcvwVUqnCg,6.5,Accept,5.50,Reject,Reject,NO,0.0000,0.0000,5.0,3.0,6.0,8.0,,,
9Xt5TgM7Us,7.5,Accept,4.75,Reject,Reject,NO,0.0000,0.0000,6.0,5.0,5.0,3.0,,,
armbJRJdrH,6.0,Accept,6.25,Accept,Accept,YES,0.0000,0.0000,3.0,6.0,8.0,8.0,,,
TVFVx8TUbN,3.5,Accept,4.25,Reject,Reject,NO,0.0000,0.0000,6.0,5.0,3.0,3.0,,,
VZ8kwfspAi,4.0,Reject,3.67,Reject,Reject,YES,0.0000,0.0000,3.0,3.0,5.0,3.0,5.0,3.0,
RXVYOCGO7g,5.0,Reject,5.00,Reject,Reject,YES,0.0000,0.0000,3.0,6.0,6.0,,,,
JDzTI9rKls,7.5,Accept,6.75,Accept,Accept,YES,0.0000,0.0000,8.0,8.0,6.0,5.0,,,
iShM3YolRY,7.5,Accept,5.25,Reject,Reject,NO,0.0000,0.0000,5.0,5.0,5.0,6.0,,,
YslOW2SO6S,5.5,Reject,6.00,Accept,Accept,NO,0.0000,0.0000,6.0,6.0,6.0,,,,
zeeLxGw5pp,7.0,Accept,3.20,Reject,Reject,NO,0.0000,0.0000,8.0,1.0,1.0,5.0,1.0,,
TD3SGJfBC7,7.0,Accept,6.25,Accept,Accept,YES,0.0000,0.0000,6.0,6.0,5.0,8.0,,,
7JlL8ECPJ7,7.0,Accept,6.25,Reject,Reject,NO,0.0000,0.0000,6.0,5.0,8.0,6.0,,,
7GKbQ1WT1C,6.0,Accept,5.25,Accept,Accept,YES,0.0000,0.0000,6.0,3.0,6.0,6.0,,,
8ROIRnKloJ,6.0,Accept,5.67,Reject,Reject,NO,0.0000,0.0000,8.0,5.0,8.0,5.0,5.0,3.0,
q6hEuC48Dk,1.0,Reject,3.80,Reject,Reject,YES,0.0000,0.0000,3.0,5.0,3.0,3.0,5.0,,
Xz13DtbOVW,7.0,Accept,6.25,Accept,Accept,YES,0.0000,0.0000,5.0,6.0,8.0,6.0,,,
NlEt8LYAxC,7.5,Accept,6.00,Reject,Reject,NO,0.0000,0.0000,6.0,6.0,6.0,,,,
CCo8ElCT7v,5.0,Reject,4.25,Reject,Reject,YES,0.0000,0.0000,3.0,6.0,5.0,3.0,,,
EArTDUmILF,5.0,Reject,7.00,Accept,Accept,NO,0.0000,0.0000,6.0,6.0,8.0,8.0,,,
XZ71GHf8aB,5.5,Reject,6.25,Reject,Reject,YES,0.0000,0.0000,8.0,6.0,6.0,5.0,,,
Sz2Ar6EqD5,6.0,Accept,4.00,Reject,Reject,NO,0.0000,0.0000,5.0,6.0,3.0,5.0,1.0,,
gW4bdLwypB,5.0,Reject,6.50,Reject,Reject,YES,0.0000,0.0000,6.0,5.0,10.0,5.0,,,
uy31tqVuNo,6.5,Accept,6.00,Accept,Accept,YES,0.0000,0.0000,6.0,6.0,,,,,
uhaLuZcCjH,5.0,Reject,7.00,Accept,Accept,NO,0.0000,0.0000,8.0,6.0,8.0,6.0,,,
BXMoS69LLR,7.5,Accept,4.50,Reject,Reject,NO,0.0000,0.0000,5.0,5.0,5.0,3.0,,,
nsvgVuaWXK,6.0,Accept,4.25,Reject,Reject,NO,0.0000,0.0000,3.0,6.0,3.0,5.0,,,
Za3M6OZuCU,5.0,Accept,6.75,Accept,Accept,YES,0.0000,0.0000,8.0,5.0,6.0,8.0,,,
1dkL3MVBfV,7.5,Accept,5.00,Reject,Reject,NO,0.0000,0.0000,6.0,3.0,5.0,6.0,,,
WPz5e5V85k,4.0,Reject,6.00,Reject,Reject,YES,0.0000,0.0000,6.0,6.0,6.0,6.0,,,
m4mwbPjOwb,5.5,Reject,3.00,Reject,Reject,YES,0.0000,0.0000,5.0,3.0,1.0,,,,
8SPSIfR2e0,6.0,Reject,5.75,Reject,Reject,YES,0.0000,0.0000,6.0,6.0,5.0,6.0,,,
A8Vuf2e8y6,6.0,Accept,4.75,Reject,Reject,NO,0.0000,0.0000,5.0,6.0,3.0,5.0,,,
HkPz96fgOv,5.0,Reject,6.00,Reject,Reject,YES,0.0000,0.0000,5.0,3.0,8.0,8.0,,,
QjO0fUlVYK,6.0,Accept,6.00,Accept,Accept,YES,0.0000,0.0000,6.0,6.0,6.0,6.0,,,
l6K688mhDT,5.0,Reject,6.00,Reject,Reject,YES,0.0000,0.0000,5.0,8.0,6.0,5.0,,,
GQ1Tc3vHbt,8.0,Accept,6.50,Accept,Accept,YES,0.0000,0.0000,8.0,6.0,6.0,6.0,,,
qssVptHTPN,6.5,Accept,6.00,Accept,Accept,YES,0.0000,0.0000,5.0,6.0,5.0,8.0,,,
rsY6J3ZaTF,8.0,Accept,6.00,Accept,Accept,YES,0.0000,0.0000,6.0,6.0,6.0,,,,
TTrzgEZt9s,7.5,Accept,8.00,Accept,Accept,YES,0.0000,0.0000,8.0,8.0,8.0,8.0,,,
opSPgPIwAD,6.5,Reject,3.00,Reject,Reject,YES,0.0000,0.0000,3.0,3.0,3.0,,,,
UyhRtB4hjN,7.0,Accept,6.25,Accept,Accept,YES,0.0000,0.0000,8.0,6.0,5.0,6.0,,,
qZB7KDN4L1,3.0,Accept,5.00,Reject,Reject,NO,0.0000,0.0000,6.0,5.0,6.0,3.0,,,
HM2E7fnw2U,7.5,Accept,4.50,Reject,Reject,NO,0.0000,0.0000,6.0,6.0,5.0,1.0,,,
5Y9NT6lW21,5.5,Reject,7.00,Accept,Accept,NO,0.0000,0.0000,6.0,6.0,8.0,8.0,,,
QdiMWcwU5w,5.5,Reject,5.00,Reject,Reject,YES,0.0000,0.0000,3.0,6.0,6.0,,,,
hJDTuVQcQp,6.0,Accept,4.20,Reject,Reject,NO,0.0000,0.0000,6.0,6.0,3.0,5.0,1.0,,
GYk0thSY1M,5.5,Accept,4.00,Reject,Reject,NO,0.0000,0.0000,5.0,5.0,3.0,3.0,,,
bVBLqKoiJ1,8.0,Accept,4.00,Reject,Reject,NO,0.0000,0.0000,3.0,3.0,5.0,5.0,,,
HkibCOnsEv,3.0,Reject,5.50,Reject,Reject,YES,0.0000,0.0000,5.0,6.0,6.0,5.0,,,
vc1i3a4O99,6.5,Accept,5.00,Reject,Reject,NO,0.0000,0.0000,6.0,6.0,3.0,5.0,,,
BI1N3lTWtn,5.5,Reject,5.75,Accept,Accept,NO,0.0000,0.0000,6.0,5.0,6.0,6.0,,,
xdnoULh5Sv,7.0,Accept,4.00,Reject,Reject,NO,0.0000,0.0000,5.0,5.0,5.0,1.0,,,
MbK0Vs5lFI,4.5,Reject,3.50,Reject,Reject,YES,0.0000,0.0000,3.0,3.0,5.0,3.0,,,
PCm1oT8pZI,5.5,Reject,5.75,Accept,Accept,NO,0.0000,0.0000,6.0,3.0,8.0,6.0,,,
kgZFaAtzYi,7.0,Accept,3.50,Reject,Reject,NO,0.0000,0.0000,5.0,3.0,3.0,3.0,,,
4MWUdp6deL,7.5,Accept,5.50,Reject,Reject,NO,0.0000,0.0000,5.0,6.0,5.0,6.0,,,
yHj6EunfVQ,7.5,Accept,5.50,Accept,Accept,YES,0.0000,0.0000,8.0,5.0,6.0,3.0,,,
0Qyxw0cCuu,5.0,Reject,5.00,Reject,Reject,YES,0.0000,0.0000,5.0,5.0,5.0,5.0,,,
3PDklqqqfN,8.5,Accept,7.17,Accept,Accept,YES,0.0000,0.0000,5.0,8.0,8.0,8.0,8.0,6.0,
Ahlrf2HGJR,7.0,Accept,6.00,Accept,Accept,YES,0.0000,0.0000,6.0,6.0,6.0,6.0,,,
dAqH7CfHjL,6.0,Reject,4.33,Reject,Reject,YES,0.0000,0.0000,3.0,5.0,5.0,,,,
iaP7yHRq1l,7.0,Accept,5.50,Accept,Accept,YES,0.0000,0.0000,5.0,6.0,8.0,3.0,,,
RaSLSUCKz0,6.5,Accept,5.67,Reject,Reject,NO,0.0000,0.0000,5.0,6.0,6.0,,,,
FAY6ORIvn5,7.0,Accept,5.25,Reject,Reject,NO,0.0000,0.0000,6.0,6.0,6.0,3.0,,,
z2WCyBO923,6.0,Accept,5.00,Reject,Reject,NO,0.0000,0.0000,5.0,5.0,5.0,5.0,,,
i5da6iedW8,5.0,Reject,4.75,Reject,Reject,YES,0.0000,0.0000,3.0,6.0,5.0,5.0,,,
Wr3UuEx72f,7.5,Accept,7.50,Accept,Accept,YES,0.0000,0.0000,8.0,8.0,6.0,8.0,,,
ezscMer8L0,7.5,Accept,6.00,Accept,Accept,YES,0.0000,0.0000,6.0,6.0,6.0,6.0,,,
EHYbqCDRtM,3.5,Reject,2.00,Reject,Reject,YES,0.0000,0.0000,1.0,3.0,1.0,3.0,,,
JF8ovQyueq,5.5,Reject,4.50,Reject,Reject,YES,0.0000,0.0000,5.0,5.0,3.0,5.0,,,
zxO4WuVGns,8.0,Accept,6.00,Accept,Accept,YES,0.0000,0.0000,6.0,6.0,6.0,,,,
SEvJfuCtPY,5.5,Reject,3.00,Reject,Reject,YES,0.0000,0.0000,1.0,3.0,3.0,5.0,,,
fMvcffpsDo,5.0,Reject,4.40,Reject,Reject,YES,0.0000,0.0000,3.0,5.0,5.0,6.0,3.0,,
p6hIAEHwSp,5.0,Reject,4.25,Reject,Reject,YES,0.0000,0.0000,6.0,3.0,5.0,3.0,,,
p4eG8rCa0b,5.5,Reject,6.67,Accept,Accept,NO,0.0000,0.0000,8.0,6.0,6.0,,,,
I5MquO1g7R,6.0,Accept,4.75,Reject,Reject,NO,0.0000,0.0000,5.0,5.0,3.0,6.0,,,
ErQPdaD5wJ,6.5,Accept,5.33,Accept,Accept,YES,0.0000,0.0000,5.0,5.0,6.0,,,,
dxJKLozjQl,5.5,Reject,3.00,Reject,Reject,YES,0.0000,0.0000,5.0,1.0,3.0,,,,
cwbJxUGVOI,7.5,Accept,6.25,Reject,Reject,NO,0.0000,0.0000,6.0,5.0,8.0,6.0,,,
8U4NGFE0po,5.5,Accept,4.40,Reject,Reject,NO,0.0000,0.0000,5.0,6.0,3.0,3.0,5.0,,
lnVPfgRnIV,4.0,Reject,4.75,Reject,Reject,YES,0.0000,0.0000,6.0,3.0,5.0,5.0,,,
3LLkES6nNs,7.0,Accept,4.25,Reject,Reject,NO,0.0000,0.0000,3.0,5.0,3.0,6.0,,,
pjfrGVekwK,4.0,Reject,4.50,Reject,Reject,YES,0.0000,0.0000,5.0,5.0,5.0,3.0,,,
D4NJFfrqoq,7.5,Accept,6.75,Accept,Accept,YES,0.0000,0.0000,8.0,5.0,8.0,6.0,,,
1DEEVAl5QX,5.0,Reject,4.67,Reject,Reject,YES,0.0000,0.0000,3.0,6.0,5.0,,,,
tkiZQlL04w,6.0,Reject,5.71,Accept,Accept,NO,0.0000,0.0000,8.0,5.0,6.0,6.0,5.0,5.0,
g90RNzs8wX,5.5,Reject,6.50,Accept,Accept,NO,0.0000,0.0000,6.0,6.0,6.0,8.0,,,
uvXK8Xk9Jk,7.0,Accept,6.50,Accept,Accept,YES,0.0000,0.0000,6.0,8.0,6.0,6.0,,,
4oj7tYujwP,7.0,Accept,4.33,Reject,Reject,NO,0.0000,0.0000,5.0,5.0,3.0,,,,
NoiaAT0eec,3.5,Reject,6.50,Accept,Accept,NO,0.0000,0.0000,6.0,8.0,6.0,6.0,,,
9F0xInGNBF,6.0,Accept,5.25,Reject,Reject,NO,0.0000,0.0000,5.0,5.0,6.0,5.0,,,
6cGKi7FqJS,7.5,Accept,4.75,Reject,Reject,NO,0.0000,0.0000,3.0,5.0,6.0,5.0,,,
RJDjSXNuAZ,7.0,Accept,5.50,Accept,Accept,YES,0.0000,0.0000,6.0,5.0,6.0,5.0,,,
I4Lq2RJ0eJ,5.5,Reject,6.00,Accept,Accept,NO,0.0000,0.0000,6.0,6.0,6.0,,,,
J9pNS44qcT,3.5,Reject,3.50,Reject,Reject,YES,0.0000,0.0000,5.0,3.0,3.0,3.0,,,
xcMmebCT7s,6.0,Reject,5.80,Accept,Accept,NO,0.0000,0.0000,6.0,8.0,6.0,6.0,3.0,,
NmpOUCwAjR,5.0,Reject,4.00,Reject,Reject,YES,0.0000,0.0000,6.0,3.0,5.0,3.0,3.0,,
u3TL0qxLWf,5.0,Reject,6.00,Accept,Accept,NO,0.0000,0.0000,6.0,6.0,6.0,,,,
aQj9Ifxrl6,6.0,Accept,6.00,Accept,Accept,YES,0.0000,0.0000,6.0,6.0,6.0,6.0,,,
vzvCaYFTLq,5.0,Reject,4.75,Reject,Reject,YES,0.0000,0.0000,3.0,5.0,5.0,6.0,,,
Oi47wc10sm,5.5,Reject,7.33,Accept,Accept,NO,0.0000,0.0000,8.0,6.0,8.0,,,,
iOltCu4TPS,6.5,Accept,5.00,Reject,Reject,NO,0.0000,0.0000,5.0,3.0,5.0,8.0,5.0,3.0,
FZv3kPHTtB,7.5,Accept,5.50,Accept,Accept,YES,0.0000,0.0000,5.0,5.0,6.0,6.0,,,
LC6ZtQV6u2,8.0,Accept,6.50,Accept,Accept,YES,0.0000,0.0000,6.0,8.0,6.0,6.0,,,
qaJxPhkYtD,7.0,Accept,6.00,Accept,Accept,YES,0.0000,0.0000,6.0,6.0,6.0,6.0,,,
R1WF5b5faF,4.5,Reject,4.00,Reject,Reject,YES,0.0000,0.0000,3.0,3.0,5.0,5.0,,,
WNPrfGpcu6,7.0,Accept,6.00,Reject,Reject,NO,0.0000,0.0000,5.0,5.0,8.0,6.0,,,
3vxfFFP3q5,7.5,Accept,5.60,Reject,Reject,NO,0.0000,0.0000,5.0,6.0,6.0,5.0,6.0,,
FJ8Q11j3p0,5.5,Reject,3.50,Reject,Reject,YES,0.0000,0.0000,3.0,3.0,5.0,3.0,,,
sb7qHFYwBc,7.5,Accept,6.50,Accept,Accept,YES,0.0000,0.0000,6.0,8.0,6.0,6.0,,,
Y3wpuxd7u9,7.5,Accept,6.25,Accept,Accept,YES,0.0000,0.0000,6.0,6.0,5.0,8.0,,,
wF8eG12wtw,6.5,Accept,3.75,Reject,Reject,NO,0.0000,0.0000,1.0,3.0,8.0,3.0,,,
6N8TW504aa,5.5,Reject,7.50,Accept,Accept,NO,0.0000,0.0000,8.0,8.0,8.0,6.0,,,
rvOpON15JJ,6.0,Accept,4.50,Reject,Reject,NO,0.0000,0.0000,5.0,3.0,5.0,5.0,,,
IUmj2dw5se,4.5,Reject,7.50,Accept,Accept,NO,0.0000,0.0000,8.0,8.0,6.0,8.0,,,
aVfDrl7xDV,7.0,Accept,6.25,Accept,Accept,YES,0.0000,0.0000,6.0,5.0,8.0,6.0,,,
dZNI8DyUKY,5.5,Reject,3.50,Reject,Reject,YES,0.0000,0.0000,3.0,3.0,5.0,3.0,,,
PDgZ3rvqHn,6.5,Accept,6.33,Accept,Accept,YES,0.0000,0.0000,6.0,8.0,5.0,,,,
Dl6nkKKvlX,5.5,Reject,6.25,Accept,Accept,NO,0.0000,0.0000,8.0,5.0,6.0,6.0,,,
o2uHg0Skil,6.0,Accept,6.25,Reject,Reject,NO,0.0000,0.0000,8.0,8.0,3.0,6.0,,,
FJjHQS2DyE,8.0,Accept,5.67,Reject,Reject,NO,0.0000,0.0000,5.0,6.0,6.0,,,,
uYAG9Gla5u,8.0,Accept,4.50,Reject,Reject,NO,0.0000,0.0000,3.0,6.0,6.0,3.0,,,
mYhH0CDFFa,4.5,Reject,5.75,Accept,Accept,NO,0.0000,0.0000,6.0,6.0,5.0,6.0,,,
8ZLzw5pIrc,8.0,Accept,6.00,Accept,Accept,YES,0.0000,0.0000,6.0,6.0,6.0,5.0,5.0,8.0,
YERRy6v5uA,7.0,Accept,5.25,Reject,Reject,NO,0.0000,0.0000,5.0,6.0,5.0,5.0,,,
tZdqL5FH7w,7.5,Accept,6.33,Accept,Accept,YES,0.0000,0.0000,8.0,6.0,5.0,,,,
o1RqSVIf3c,4.5,Reject,4.25,Reject,Reject,YES,0.0000,0.0000,3.0,6.0,5.0,3.0,,,
Ll8PmgD0IB,4.5,Reject,6.00,Reject,Reject,YES,0.0000,0.0000,5.0,8.0,6.0,5.0,,,
xw29VvOMmU,8.0,Accept,6.75,Accept,Accept,YES,0.0000,0.0000,8.0,8.0,6.0,5.0,,,
DakTqQu161,6.5,Accept,4.00,Reject,Reject,NO,0.0000,0.0000,3.0,5.0,5.0,3.0,,,
WsIDPBcnCN,6.0,Accept,3.50,Reject,Reject,NO,0.0000,0.0000,3.0,3.0,3.0,5.0,,,
bbCL5aRjUx,7.5,Accept,6.67,Accept,Accept,YES,0.0000,0.0000,6.0,6.0,8.0,,,,
SKulT2VX9p,6.0,Accept,6.67,Accept,Accept,YES,0.0000,0.0000,8.0,6.0,6.0,,,,
l1hk4q7ZY7,7.0,Accept,5.00,Reject,Reject,NO,0.0000,0.0000,5.0,3.0,6.0,6.0,,,
WfxPVtYRlL,6.0,Accept,6.25,Accept,Accept,YES,0.0000,0.0000,6.0,8.0,5.0,6.0,,,
RuYl15smRv,7.5,Accept,3.40,Reject,Reject,NO,0.0000,0.0000,3.0,5.0,1.0,3.0,5.0,,
20KYsQ8Q4Z,6.5,Accept,5.50,Reject,Reject,NO,0.0000,0.0000,6.0,5.0,5.0,6.0,,,
mhgm0IXtHw,4.0,Accept,6.67,Accept,Accept,YES,0.0000,0.0000,6.0,8.0,6.0,,,,
LugcDgDjv1,7.0,Accept,4.00,Reject,Reject,NO,0.0000,0.0000,3.0,5.0,3.0,5.0,,,
YVcVbYYy2x,7.0,Accept,5.25,Reject,Reject,NO,0.0000,0.0000,5.0,6.0,5.0,5.0,,,
tccML2tDd4,-100.0,Error,2.33,Reject,Reject,NO,0.0000,0.0000,3.0,1.0,3.0,,,,
ud8FtE1N4N,6.0,Reject,6.67,Accept,Accept,NO,0.0000,0.0000,8.0,6.0,6.0,,,,
uDIiL89ViX,6.5,Accept,5.60,Reject,Reject,NO,0.0000,0.0000,8.0,5.0,5.0,5.0,5.0,,
tvjcGkBf0g,5.5,Reject,4.00,Reject,Reject,YES,0.0000,0.0000,5.0,5.0,3.0,3.0,,,
TVnkjz4MqV,6.0,Accept,5.50,Reject,Reject,NO,0.0000,0.0000,5.0,6.0,5.0,6.0,,,
pz0EK4g6AN,6.0,Accept,4.75,Reject,Reject,NO,0.0000,0.0000,5.0,6.0,5.0,3.0,,,
7mlvOHL6qJ,7.0,Accept,6.25,Accept,Accept,YES,0.0000,0.0000,6.0,5.0,8.0,6.0,,,
ByOPJantEd,7.5,Accept,5.50,Reject,Reject,NO,0.0000,0.0000,5.0,6.0,5.0,6.0,,,
uqWM9hBDAE,5.5,Reject,7.33,Accept,Accept,NO,0.0000,0.0000,6.0,8.0,8.0,,,,
jQnXDGxdDG,7.0,Accept,3.80,Reject,Reject,NO,0.0000,0.0000,5.0,3.0,5.0,1.0,5.0,,
oANkBaVci5,4.0,Reject,6.75,Accept,Accept,NO,0.0000,0.0000,8.0,5.0,6.0,8.0,,,
SaOxhcDCM3,6.0,Reject,6.25,Reject,Reject,YES,0.0000,0.0000,5.0,5.0,5.0,10.0,,,
9SwObx9Jdn,7.0,Accept,4.75,Reject,Reject,NO,0.0000,0.0000,5.0,6.0,5.0,3.0,,,
Zp51wHvoot,6.5,Accept,4.25,Reject,Reject,NO,0.0000,0.0000,6.0,3.0,3.0,5.0,,,
97D725GJtQ,6.0,Accept,5.80,Accept,Accept,YES,0.0000,0.0000,6.0,5.0,6.0,6.0,6.0,,
8s1GMWsLlj,6.5,Accept,3.50,Reject,Reject,NO,0.0000,0.0000,3.0,5.0,3.0,3.0,,,
EHhLLmDvtE,7.5,Accept,5.50,Reject,Reject,NO,0.0000,0.0000,5.0,6.0,5.0,6.0,,,
tCmIGJivc7,7.0,Accept,4.25,Reject,Reject,NO,0.0000,0.0000,3.0,3.0,6.0,5.0,,,
KrtGfTGaGe,5.0,Reject,4.50,Accept,Accept,NO,0.0000,0.0000,1.0,5.0,6.0,6.0,,,
zMoNrajk2X,8.0,Accept,8.00,Accept,Accept,YES,0.0000,0.0000,8.0,8.0,8.0,,,,
56jIlazr6a,5.0,Reject,5.25,Reject,Reject,YES,0.0000,0.0000,5.0,3.0,5.0,8.0,,,
CJWMXqAnAy,7.0,Accept,7.00,Accept,Accept,YES,0.0000,0.0000,6.0,8.0,8.0,6.0,,,
bEbQBiMpUI,6.5,Accept,5.40,Reject,Reject,NO,0.0000,0.0000,3.0,8.0,3.0,8.0,5.0,,
kWELXBKl54,5.5,Accept,4.80,Reject,Reject,NO,0.0000,0.0000,8.0,5.0,5.0,3.0,3.0,,
DF5TVzpTW0,3.5,Accept,6.00,Reject,Reject,NO,0.0000,0.0000,6.0,6.0,6.0,6.0,,,
DoB8DmrsSS,7.0,Accept,4.25,Reject,Reject,NO,0.0000,0.0000,3.0,5.0,3.0,6.0,,,
oQUtBLM8Bo,7.0,Accept,4.67,Reject,Reject,NO,0.0000,0.0000,6.0,5.0,3.0,,,,
cif0JVXJ3b,5.5,Reject,5.25,Reject,Reject,YES,0.0000,0.0000,8.0,5.0,3.0,5.0,,,
TWmETQLZIC,6.0,Accept,5.00,Reject,Reject,NO,0.0000,0.0000,8.0,3.0,3.0,6.0,,,
PgR6fziYmJ,5.0,Reject,5.75,Reject,Reject,YES,0.0000,0.0000,5.0,6.0,6.0,6.0,,,
DCDT918ZkI,6.0,Accept,5.75,Accept,Accept,YES,0.0000,0.0000,6.0,6.0,3.0,8.0,,,
wpXGPCBOTX,5.5,Reject,6.75,Accept,Accept,NO,0.0000,0.0000,6.0,8.0,8.0,5.0,,,
OQqNieeivq,7.0,Accept,6.60,Accept,Accept,YES,0.0000,0.0000,6.0,8.0,8.0,5.0,6.0,,
6LtdZCyuZR,7.0,Accept,6.00,Accept,Accept,YES,0.0000,0.0000,6.0,6.0,6.0,6.0,,,
dImD2sgy86,8.5,Accept,6.50,Accept,Accept,YES,0.0000,0.0000,8.0,6.0,6.0,6.0,,,
YbURbViE7l,3.0,Reject,6.50,Accept,Accept,NO,0.0000,0.0000,6.0,8.0,6.0,6.0,,,
VMV8gefvq8,6.5,Accept,6.00,Accept,Accept,YES,0.0000,0.0000,6.0,6.0,6.0,,,,
vESNKdEMGp,6.0,Accept,6.40,Accept,Accept,YES,0.0000,0.0000,8.0,6.0,6.0,6.0,6.0,,
iqdqRmqUsD,7.5,Accept,4.00,Reject,Reject,NO,0.0000,0.0000,3.0,5.0,5.0,3.0,,,
9YZKbSoDr6,6.0,Accept,5.75,Reject,Reject,NO,0.0000,0.0000,6.0,5.0,6.0,6.0,,,
EBT0oymkZb,5.0,Reject,5.50,Reject,Reject,YES,0.0000,0.0000,5.0,6.0,6.0,5.0,,,
NeKjkOWvwd,6.5,Reject,5.33,Reject,Reject,YES,0.0000,0.0000,5.0,6.0,5.0,,,,
YfZMfrpEnl,5.0,Reject,5.33,Reject,Reject,YES,0.0000,0.0000,6.0,5.0,5.0,,,,
iOMnn1hSBO,6.0,Accept,6.80,Accept,Accept,YES,0.0000,0.0000,6.0,8.0,8.0,6.0,6.0,,
fkKW1PK8Ga,2.0,Reject,5.25,Reject,Reject,YES,0.0000,0.0000,6.0,6.0,3.0,6.0,,,
vHO9mU87dc,6.5,Accept,6.00,Reject,Reject,NO,0.0000,0.0000,8.0,6.0,5.0,5.0,,,
wHgu98u8Sc,6.0,Accept,4.40,Reject,Reject,NO,0.0000,0.0000,5.0,5.0,6.0,3.0,3.0,,
DjEyXTbEpa,5.0,Reject,5.17,Reject,Reject,YES,0.0000,0.0000,3.0,6.0,6.0,5.0,5.0,6.0,
x3LxHdZX0f,6.5,Accept,5.00,Reject,Reject,NO,0.0000,0.0000,5.0,6.0,3.0,6.0,,,
PBEQIxXDDD,6.5,Accept,4.00,Reject,Reject,NO,0.0000,0.0000,5.0,3.0,3.0,5.0,,,
jZPqf2G9Sw,6.5,Accept,5.50,Accept,Accept,YES,0.0000,0.0000,6.0,6.0,5.0,5.0,,,
Dnc3paMqDE,5.5,Reject,6.33,Accept,Accept,NO,0.0000,0.0000,5.0,6.0,8.0,,,,
SOXxa4pPGY,6.0,Accept,4.00,Reject,Reject,NO,0.0000,0.0000,3.0,3.0,5.0,5.0,,,
Mi45HjlVRj,8.0,Accept,5.75,Reject,Reject,NO,0.0000,0.0000,8.0,5.0,5.0,5.0,,,
EsjoMaNeVo,8.0,Accept,6.00,Reject,Reject,NO,0.0000,0.0000,5.0,6.0,5.0,8.0,,,
PhnGhO4VfF,7.0,Accept,5.67,Reject,Reject,NO,0.0000,0.0000,6.0,5.0,6.0,,,,
DuyuAHBk1t,6.5,Accept,5.50,Reject,Reject,NO,0.0000,0.0000,3.0,6.0,8.0,5.0,,,
tm8s3696Ox,7.0,Accept,5.25,Accept,Accept,YES,0.0000,0.0000,3.0,6.0,6.0,6.0,,,
4OaO3GjP7k,4.0,Reject,7.50,Accept,Accept,NO,0.0000,0.0000,8.0,8.0,6.0,8.0,,,
7652tHbbVE,6.0,Weak Accept,5.20,Reject,Reject,NO,0.0000,0.0000,5.0,3.0,6.0,6.0,6.0,,
hJ8OQAiTrl,6.0,Accept,5.50,Reject,Reject,NO,0.0000,0.0000,6.0,5.0,5.0,6.0,,,
Dn7Ay7rZcH,6.5,Accept,5.50,Reject,Reject,NO,0.0000,0.0000,5.0,3.0,8.0,6.0,,,
fkKW1PK8Ga,4.5,Reject,5.25,Reject,Reject,YES,0.0000,0.0000,6.0,6.0,3.0,6.0,,,
H03dW4TysQ,5.5,Reject,3.50,Reject,Reject,YES,0.0000,0.0000,3.0,3.0,3.0,5.0,,,
ymqLAmqYHW,5.0,Reject,4.50,Reject,Reject,YES,0.0000,0.0000,6.0,5.0,6.0,1.0,,,
fBhgu6PsA7,6.5,Accept,5.83,Reject,Reject,NO,0.0000,0.0000,6.0,6.0,6.0,6.0,6.0,5.0,
scdGzuwC9u,5.0,Reject,6.00,Reject,Reject,YES,0.0000,0.0000,6.0,8.0,5.0,5.0,,,
3Z2flzXzBY,5.0,Reject,6.40,Accept,Accept,NO,0.0000,0.0000,6.0,8.0,6.0,6.0,6.0,,
ON0JjUtw9B,7.5,Accept,4.75,Reject,Reject,NO,0.0000,0.0000,5.0,5.0,6.0,3.0,,,
zpBamnxyPm,7.5,Accept,5.75,Reject,Reject,NO,0.0000,0.0000,6.0,6.0,6.0,5.0,,,
FeqxK6PW79,6.0,Accept,4.75,Reject,Reject,NO,0.0000,0.0000,5.0,3.0,5.0,6.0,,,
du7iixIeke,4.5,Reject,4.20,Reject,Reject,YES,0.0000,0.0000,3.0,6.0,1.0,8.0,3.0,,
UPyLDIVBNP,5.0,Reject,5.00,Reject,Reject,YES,0.0000,0.0000,3.0,6.0,6.0,,,,
dmCGjPFVhF,7.0,Accept,6.00,Accept,Accept,YES,0.0000,0.0000,6.0,6.0,6.0,6.0,,,
vZ6r9GMT1n,6.0,Accept,5.75,Accept,Accept,YES,0.0000,0.0000,8.0,6.0,6.0,3.0,,,
1t1YSuBv3T,7.5,Accept,4.67,Reject,Reject,NO,0.0000,0.0000,3.0,6.0,5.0,,,,
viNQSOadLg,6.0,Accept,5.67,Reject,Reject,NO,0.0000,0.0000,5.0,6.0,6.0,,,,
Jrb9yXZJKG,4.5,Reject,5.33,Reject,Reject,YES,0.0000,0.0000,5.0,5.0,6.0,,,,
p30YulvDbj,5.0,Reject,2.00,Reject,Reject,YES,0.0000,0.0000,3.0,3.0,1.0,1.0,,,
9cQB1Hwrtw,6.0,Accept,6.75,Accept,Accept,YES,0.0000,0.0000,5.0,6.0,8.0,8.0,,,
I4iZmsV4HM,4.5,Accept,6.00,Accept,Accept,YES,0.0000,0.0000,6.0,5.0,5.0,8.0,,,
mWxcEm7jIv,6.0,Accept,4.75,Reject,Reject,NO,0.0000,0.0000,3.0,6.0,5.0,5.0,,,
g16vmAtJ8x,7.5,Accept,6.00,Reject,Reject,NO,0.0000,0.0000,8.0,8.0,6.0,3.0,5.0,,
r5yolhcrHe,5.0,Reject,5.00,Reject,Reject,YES,0.0000,0.0000,3.0,5.0,6.0,5.0,6.0,,
P5icyaAReM,5.0,Reject,4.75,Reject,Reject,YES,0.0000,0.0000,5.0,6.0,5.0,3.0,,,
6xrDPHhwD3,4.5,Reject,6.00,Accept,Accept,NO,0.0000,0.0000,5.0,8.0,3.0,8.0,,,
ZuYvrjh2od,6.0,Accept,5.00,Reject,Reject,NO,0.0000,0.0000,3.0,5.0,6.0,6.0,,,
Q1u25ahSuy,7.5,Accept,6.50,Accept,Accept,YES,0.0000,0.0000,6.0,6.0,8.0,6.0,,,
tjNf0L8QjR,7.0,Accept,6.25,Accept,Accept,YES,0.0000,0.0000,6.0,8.0,6.0,5.0,,,
dZsjj4vQjl,7.5,Accept,4.50,Reject,Reject,NO,0.0000,0.0000,3.0,5.0,5.0,5.0,,,
GDf7vWs701,4.5,Reject,3.50,Reject,Reject,YES,0.0000,0.0000,5.0,1.0,5.0,3.0,,,
ZSbsX1sFo3,5.0,Reject,3.50,Reject,Reject,YES,0.0000,0.0000,3.0,5.0,3.0,3.0,,,
fErm1seIom,6.0,Reject,3.80,Reject,Reject,YES,0.0000,0.0000,5.0,3.0,3.0,3.0,5.0,,
BL4WBIfyrz,6.5,Accept,7.50,Accept,Accept,YES,0.0000,0.0000,6.0,8.0,8.0,8.0,,,
ff2V3UR9sC,7.0,Accept,6.75,Accept,Accept,YES,0.0000,0.0000,8.0,8.0,5.0,6.0,,,
LixGd92Wri,5.5,Reject,5.67,Reject,Reject,YES,0.0000,0.0000,6.0,3.0,8.0,,,,
LbJqRGNYCf,5.0,Reject,5.75,Accept,Accept,NO,0.0000,0.0000,6.0,6.0,6.0,5.0,,,
xCRr9DrolJ,8.0,Accept,6.25,Accept,Accept,YES,0.0000,0.0000,8.0,3.0,8.0,6.0,,,
SU3lZ8jrRD,5.0,Reject,4.75,Reject,Reject,YES,0.0000,0.0000,5.0,6.0,3.0,5.0,,,
Q8cVivO5k5,4.5,Reject,5.50,Reject,Reject,YES,0.0000,0.0000,3.0,6.0,5.0,8.0,,,
gVWEq7LITG,6.0,Accept,3.50,Reject,Reject,NO,0.0000,0.0000,5.0,3.0,3.0,3.0,,,
Essg9kb4yx,7.0,Accept,6.67,Accept,Accept,YES,0.0000,0.0000,8.0,6.0,6.0,,,,
cuFnNExmdq,7.0,Accept,5.00,Reject,Reject,NO,0.0000,0.0000,6.0,3.0,3.0,8.0,,,
IkmD3fKBPQ,8.0,Accept,6.75,Accept,Accept,YES,0.0000,0.0000,5.0,6.0,8.0,8.0,,,
o2Igqm95SJ,6.5,Accept,8.00,Accept,Accept,YES,0.0000,0.0000,8.0,8.0,8.0,8.0,,,
TyFrPOKYXw,7.5,Accept,7.50,Accept,Accept,YES,0.0000,0.0000,8.0,8.0,6.0,8.0,,,
QuGnjxfLBH,5.0,Reject,3.50,Reject,Reject,YES,0.0000,0.0000,3.0,3.0,5.0,3.0,,,
385gQZuuuR,5.5,Reject,4.75,Reject,Reject,YES,0.0000,0.0000,6.0,5.0,3.0,5.0,,,
puTxuiK2qO,5.0,Reject,6.25,Accept,Accept,NO,0.0000,0.0000,6.0,5.0,6.0,8.0,,,
aZVRFIDhYL,8.0,Accept,3.75,Reject,Reject,NO,0.0000,0.0000,3.0,3.0,6.0,3.0,,,
BIveOmD1Nh,7.0,Accept,6.33,Accept,Accept,YES,0.0000,0.0000,6.0,5.0,8.0,,,,
DsEhqQtfAG,6.0,Accept,6.50,Accept,Accept,YES,0.0000,0.0000,6.0,6.0,6.0,8.0,,,
sSyytcewxe,6.5,Accept,7.00,Accept,Accept,YES,0.0000,0.0000,8.0,8.0,6.0,6.0,,,
jNR6s6OSBT,7.0,Accept,6.75,Accept,Accept,YES,0.0000,0.0000,8.0,5.0,8.0,6.0,,,
bMvqccRmKD,6.5,Accept,7.00,Accept,Accept,YES,0.0000,0.0000,6.0,6.0,8.0,8.0,,,
m1bbeUqg3V,6.5,Reject,3.00,Reject,Reject,YES,0.0000,0.0000,3.0,5.0,3.0,1.0,,,
2aebB2mf0q,6.0,Reject,3.00,Reject,Reject,YES,0.0000,0.0000,3.0,5.0,1.0,,,,
ysQiaWhnCN,3.0,Reject,3.50,Reject,Reject,YES,0.0000,0.0000,3.0,3.0,3.0,5.0,,,
leBbjaUxut,7.0,Accept,5.00,Reject,Reject,NO,0.0000,0.0000,3.0,3.0,6.0,8.0,,,
rHbxQebhDd,5.0,Reject,4.25,Reject,Reject,YES,0.0000,0.0000,5.0,5.0,6.0,1.0,,,
zwuemuTiN8,6.5,Accept,5.25,Reject,Reject,NO,0.0000,0.0000,6.0,5.0,5.0,5.0,,,
86NGO8qeWs,7.0,Accept,6.50,Accept,Accept,YES,0.0000,0.0000,6.0,8.0,6.0,6.0,,,
Qro97zWC29,7.0,Accept,6.50,Accept,Accept,YES,0.0000,0.0000,6.0,6.0,6.0,8.0,,,
s7lzZpAW7T,7.0,Accept,7.00,Accept,Accept,YES,0.0000,0.0000,6.0,6.0,8.0,8.0,,,
2uPZ4aX1VV,6.5,Accept,6.75,Accept,Accept,YES,0.0000,0.0000,6.0,5.0,8.0,8.0,,,
USI3ZbuFaV,5.5,Reject,6.00,Accept,Accept,NO,0.0000,0.0000,6.0,6.0,6.0,6.0,,,
hFQZmKFtlT,7.0,Accept,3.50,Reject,Reject,NO,0.0000,0.0000,3.0,5.0,3.0,3.0,,,
cXxfVkRCHJ,5.5,Reject,3.00,Reject,Reject,YES,0.0000,0.0000,3.0,3.0,3.0,,,,
Tigr1kMDZy,8.0,Accept,7.33,Accept,Accept,YES,0.0000,0.0000,8.0,8.0,6.0,,,,
xQCXInDq0m,6.0,Accept,6.67,Accept,Accept,YES,0.0000,0.0000,8.0,6.0,6.0,,,,
0yXqV8VJKi,3.0,Accept,5.25,Reject,Reject,NO,0.0000,0.0000,6.0,6.0,3.0,6.0,,,
6I0jPeH5Pw,4.5,Reject,2.50,Reject,Reject,YES,0.0000,0.0000,3.0,3.0,3.0,1.0,,,
il5yUQsrjC,7.5,Accept,7.00,Accept,Accept,YES,0.0000,0.0000,6.0,8.0,6.0,8.0,,,
8NlUL0Cv1L,6.5,Accept,6.25,Accept,Accept,YES,0.0000,0.0000,5.0,8.0,6.0,6.0,,,
4aywmeb97I,6.5,Accept,7.33,Accept,Accept,YES,0.0000,0.0000,8.0,8.0,6.0,,,,
3baOKeI2EU,5.0,Reject,6.25,Accept,Accept,NO,0.0000,0.0000,8.0,5.0,6.0,6.0,,,
lYXhiCYkPn,5.5,Reject,4.40,Reject,Reject,YES,0.0000,0.0000,3.0,5.0,5.0,3.0,6.0,,
HiTg16qhxp,5.0,Reject,5.50,Accept,Accept,NO,0.0000,0.0000,5.0,8.0,3.0,6.0,,,
SXtl7NRyE5,7.0,Accept,6.50,Accept,Accept,YES,0.0000,0.0000,6.0,6.0,8.0,6.0,,,
r2Ji0Bzd4g,5.5,Reject,6.20,Reject,Reject,YES,0.0000,0.0000,6.0,6.0,8.0,5.0,6.0,,
8FJ6MOiP91,5.5,Reject,3.00,Reject,Reject,YES,0.0000,0.0000,3.0,3.0,3.0,,,,
PNMv4r7s1i,7.0,Accept,6.50,Accept,Accept,YES,0.0000,0.0000,6.0,6.0,8.0,6.0,,,
zkn2tvtt8J,7.0,Accept,4.75,Reject,Reject,NO,0.0000,0.0000,5.0,3.0,3.0,8.0,,,
xHMMt7r3GW,6.0,Accept,5.33,Reject,Reject,NO,0.0000,0.0000,5.0,8.0,3.0,,,,
Gv0TOAigIY,6.5,Accept,6.00,Accept,Accept,YES,0.0000,0.0000,6.0,6.0,6.0,6.0,,,
rtCROgWC2o,4.5,Reject,3.75,Reject,Reject,YES,0.0000,0.0000,6.0,3.0,3.0,3.0,,,
sYJQEgkkaI,6.0,Accept,5.25,Reject,Reject,NO,0.0000,0.0000,5.0,5.0,6.0,5.0,,,
kSISSDUYFh,7.0,Accept,6.33,Accept,Accept,YES,0.0000,0.0000,6.0,5.0,8.0,,,,
cP2W2PJtBj,7.5,Accept,3.67,Reject,Reject,NO,0.0000,0.0000,5.0,3.0,3.0,,,,
rpouyo09V0,7.0,Accept,6.00,Accept,Accept,YES,0.0000,0.0000,5.0,5.0,8.0,6.0,,,
ZyCuQxyPJK,5.5,Reject,4.25,Reject,Reject,YES,0.0000,0.0000,3.0,6.0,3.0,5.0,,,
bLhqPxRy3G,7.0,Accept,5.75,Reject,Reject,NO,0.0000,0.0000,6.0,6.0,5.0,6.0,,,
eC2ICbECNM,7.0,Accept,6.00,Accept,Accept,YES,0.0000,0.0000,6.0,6.0,6.0,6.0,,,
PzkYyZH9Fx,6.5,Accept,4.50,Reject,Reject,NO,0.0000,0.0000,5.0,5.0,3.0,5.0,,,
j4PXHRmA88,5.5,Accept,3.50,Reject,Reject,NO,0.0000,0.0000,5.0,3.0,3.0,3.0,,,
HTpyexVwlI,6.5,Accept,3.50,Reject,Reject,NO,0.0000,0.0000,5.0,3.0,3.0,3.0,,,
QXQiq8JVOB,6.5,Accept,5.25,Reject,Reject,NO,0.0000,0.0000,5.0,5.0,6.0,5.0,,,
27YiINkhw3,7.5,Accept,6.00,Reject,Reject,NO,0.0000,0.0000,8.0,6.0,5.0,5.0,,,
Jy0MJYZEuN,5.5,Reject,3.50,Reject,Reject,YES,0.0000,0.0000,3.0,5.0,3.0,3.0,,,
DblHBgD0GR,7.0,Accept,5.75,Reject,Reject,NO,0.0000,0.0000,6.0,8.0,6.0,3.0,,,
NYf2XIXUi3,5.0,Reject,4.50,Reject,Reject,YES,0.0000,0.0000,5.0,3.0,5.0,5.0,,,
5fRlsiNDZR,5.5,Reject,3.50,Reject,Reject,YES,0.0000,0.0000,5.0,3.0,3.0,3.0,,,
YhIpTdrUDY,5.0,Reject,4.00,Reject,Reject,YES,0.0000,0.0000,5.0,3.0,5.0,3.0,,,
ADDCErFzev,5.5,Reject,6.00,Accept,Accept,NO,0.0000,0.0000,6.0,6.0,6.0,6.0,,,
WGWoRZb0pT,4.5,Reject,4.00,Reject,Reject,YES,0.0000,0.0000,3.0,5.0,3.0,5.0,,,
4nU3BLG1ni,6.0,Reject,5.00,Reject,Reject,YES,0.0000,0.0000,6.0,3.0,3.0,8.0,5.0,,
qmsX2R19p9,6.0,Reject,6.00,Accept,Accept,NO,0.0000,0.0000,6.0,5.0,5.0,8.0,,,
y9Xp9NozPR,8.0,Accept,5.50,Accept,Accept,YES,0.0000,0.0000,3.0,5.0,8.0,6.0,,,
AbJWZp4THG,5.5,Accept,5.00,Reject,Reject,NO,0.0000,0.0000,8.0,3.0,3.0,6.0,,,
81cta3WQVI,4.5,Reject,6.50,Accept,Accept,NO,0.0000,0.0000,3.0,6.0,6.0,8.0,8.0,8.0,
WwmtcGr4lP,6.0,Reject,6.80,Accept,Accept,NO,0.0000,0.0000,6.0,6.0,8.0,6.0,8.0,,
nLlBLzPpeG,6.0,Accept,4.75,Reject,Reject,NO,0.0000,0.0000,5.0,6.0,5.0,3.0,,,
TwZBQKgwdW,5.0,Reject,5.25,Reject,Reject,YES,0.0000,0.0000,5.0,6.0,5.0,5.0,,,
ljwoQ3cvQh,7.5,Accept,7.00,Accept,Accept,YES,0.0000,0.0000,8.0,6.0,6.0,8.0,,,
GtpubstM1D,7.5,Accept,5.71,Accept,Accept,YES,0.0000,0.0000,8.0,1.0,3.0,8.0,8.0,6.0,
tZdqL5FH7w,7.0,Accept,6.33,Accept,Accept,YES,0.0000,0.0000,8.0,6.0,5.0,,,,
0T8vCKa7yu,5.0,Reject,3.00,Reject,Reject,YES,0.0000,0.0000,3.0,3.0,3.0,3.0,,,
IwhvaDrL39,5.5,Reject,5.75,Reject,Reject,YES,0.0000,0.0000,6.0,6.0,5.0,6.0,,,
3fEKavFsnv,7.0,Accept,6.50,Accept,Accept,YES,0.0000,0.0000,6.0,8.0,6.0,6.0,,,
1CRu6bGx25,5.5,Reject,3.67,Reject,Reject,YES,0.0000,0.0000,3.0,5.0,3.0,,,,
TwBY17Hgiy,7.0,Accept,6.00,Accept,Accept,YES,0.0000,0.0000,6.0,6.0,6.0,6.0,,,
jb37oaGZXy,8.0,Accept,5.67,Reject,Reject,NO,0.0000,0.0000,6.0,8.0,3.0,,,,
ryKrRCbcCX,5.0,Reject,3.50,Reject,Reject,YES,0.0000,0.0000,3.0,3.0,3.0,5.0,,,
6bKEWevgSd,7.0,Accept,5.75,Accept,Accept,YES,0.0000,0.0000,8.0,5.0,5.0,5.0,,,
XSVq2z1CU6,7.5,Accept,5.00,Reject,Reject,NO,0.0000,0.0000,3.0,6.0,6.0,5.0,,,
bgk4O69SoL,7.0,Accept,5.00,Reject,Reject,NO,0.0000,0.0000,3.0,5.0,6.0,6.0,,,
dxJKLozjQl,5.5,Reject,3.00,Reject,Reject,YES,0.0000,0.0000,5.0,1.0,3.0,,,,
B9XP2R9LtG,7.5,Accept,5.25,Reject,Reject,NO,0.0000,0.0000,5.0,5.0,6.0,5.0,,,
KRdiRGSNc9,7.5,Accept,4.60,Reject,Reject,NO,0.0000,0.0000,5.0,5.0,5.0,5.0,3.0,,
cijOBlCxMa,6.0,Accept,5.67,Reject,Reject,NO,0.0000,0.0000,5.0,6.0,6.0,,,,
5CHcmVzbAz,7.0,Accept,5.00,Reject,Reject,NO,0.0000,0.0000,5.0,5.0,5.0,5.0,,,
ns0KIpfQVy,7.0,Accept,5.50,Reject,Reject,NO,0.0000,0.0000,6.0,8.0,3.0,5.0,,,
Yufi9fWhj9,7.0,Accept,5.20,Reject,Reject,NO,0.0000,0.0000,6.0,6.0,5.0,3.0,6.0,,
AHnj6YbNbj,6.0,Reject,5.00,Reject,Reject,YES,0.0000,0.0000,5.0,6.0,6.0,3.0,,,
cmcD05NPKa,8.0,Accept,6.00,Accept,Accept,YES,0.0000,0.0000,5.0,8.0,6.0,5.0,,,
qb2QRoE4W3,7.0,Accept,3.00,Reject,Reject,NO,0.0000,0.0000,3.0,3.0,3.0,3.0,,,
iylpeTI0Ql,8.0,Accept,6.00,Accept,Accept,YES,0.0000,0.0000,6.0,6.0,6.0,,,,
wLnls9LS3x,5.5,Reject,7.00,Accept,Accept,NO,0.0000,0.0000,8.0,6.0,8.0,6.0,,,
Z28efFRE9r,6.5,Accept,5.75,Reject,Reject,NO,0.0000,0.0000,5.0,6.0,6.0,6.0,,,
ByCV9xWfNK,6.5,Accept,6.33,Accept,Accept,YES,0.0000,0.0000,6.0,6.0,8.0,6.0,6.0,6.0,
fk5ePN7YCS,6.0,Reject,3.75,Reject,Reject,YES,0.0000,0.0000,3.0,3.0,6.0,3.0,,,
euZD4YTXKu,6.0,Accept,3.75,Reject,Reject,NO,0.0000,0.0000,8.0,3.0,3.0,1.0,,,
DzbUL4AJPP,6.0,Accept,5.60,Accept,Accept,YES,0.0000,0.0000,6.0,5.0,6.0,5.0,6.0,,
92GUJzTRXs,3.5,Reject,4.75,Reject,Reject,YES,0.0000,0.0000,5.0,3.0,6.0,5.0,,,
ugyqNEOjoU,6.5,Accept,5.33,Accept,Accept,YES,0.0000,0.0000,5.0,3.0,8.0,,,,
u14Y236LwX,4.0,Accept,5.00,Reject,Reject,NO,0.0000,0.0000,5.0,6.0,3.0,6.0,,,
z2WCyBO923,5.5,Reject,5.00,Reject,Reject,YES,0.0000,0.0000,5.0,5.0,5.0,5.0,,,
dKfcntLRjZ,5.0,Reject,4.50,Reject,Reject,YES,0.0000,0.0000,3.0,3.0,6.0,6.0,,,
85Eej2kUHQ,5.0,Reject,2.33,Reject,Reject,YES,0.0000,0.0000,3.0,1.0,3.0,,,,
ufvwhR3XmN,7.0,Accept,3.75,Reject,Reject,NO,0.0000,0.0000,3.0,3.0,3.0,6.0,,,
ZyLkNVHBZF,7.5,Accept,5.50,Reject,Reject,NO,0.0000,0.0000,8.0,5.0,6.0,3.0,,,
wh6pilyz2L,7.0,Accept,5.75,Reject,Reject,NO,0.0000,0.0000,6.0,5.0,6.0,6.0,,,
o1TKGCrSL7,7.0,Accept,4.75,Reject,Reject,NO,0.0000,0.0000,3.0,6.0,5.0,5.0,,,
iOMnn1hSBO,5.0,Reject,6.80,Accept,Accept,NO,0.0000,0.0000,6.0,8.0,8.0,6.0,6.0,,
kTjEPEy96Q,6.0,Accept,3.00,Reject,Reject,NO,0.0000,0.0000,5.0,1.0,3.0,3.0,,,
xPxHQHDH2u,7.0,Accept,6.50,Accept,Accept,YES,0.0000,0.0000,8.0,6.0,6.0,6.0,,,
ipWSxcmgsx,6.5,Accept,3.50,Reject,Reject,NO,0.0000,0.0000,5.0,3.0,3.0,3.0,,,
Hr3TBaZl4S,7.5,Accept,4.75,Reject,Reject,NO,0.0000,0.0000,5.0,3.0,8.0,3.0,,,
waf6HreC53,6.5,Accept,3.50,Reject,Reject,NO,0.0000,0.0000,3.0,3.0,5.0,3.0,,,
fnYvczj0OU,6.5,Accept,4.33,Reject,Reject,NO,0.0000,0.0000,5.0,3.0,5.0,,,,
lsHmT3Fr65,5.0,Reject,3.67,Reject,Reject,YES,0.0000,0.0000,5.0,3.0,3.0,,,,
QaQrWKPWdG,6.0,Reject,5.75,Reject,Reject,YES,0.0000,0.0000,6.0,6.0,5.0,6.0,,,
25j2ZEgwTj,5.5,Reject,6.00,Accept,Accept,NO,0.0000,0.0000,6.0,6.0,6.0,,,,
kUsXwE98Cs,5.5,Reject,3.75,Reject,Reject,YES,0.0000,0.0000,6.0,1.0,3.0,5.0,,,
CulHdELJ1S,4.5,Reject,4.50,Reject,Reject,YES,0.0000,0.0000,5.0,5.0,3.0,5.0,,,
NY3HzOOL3u,6.0,Reject,4.00,Reject,Reject,YES,0.0000,0.0000,3.0,5.0,3.0,5.0,,,
icUCCz8pAu,6.0,Accept,5.00,Reject,Reject,NO,0.0000,0.0000,5.0,5.0,5.0,5.0,,,
LPDJfudDTM,5.0,Reject,4.00,Reject,Reject,YES,0.0000,0.0000,3.0,5.0,5.0,3.0,,,
OMFssKwpyo,6.0,Accept,3.80,Reject,Reject,NO,0.0000,0.0000,3.0,3.0,5.0,3.0,5.0,,
4z3IguA4Zg,7.0,Accept,6.00,Accept,Accept,YES,0.0000,0.0000,6.0,6.0,6.0,6.0,,,
NxsTjmRAzA,6.0,Reject,5.50,Reject,Reject,YES,0.0000,0.0000,5.0,6.0,5.0,6.0,,,
hKeHfOUCXL,3.5,Reject,4.25,Reject,Reject,YES,0.0000,0.0000,6.0,5.0,3.0,3.0,,,
vOFx8HDcvF,7.0,Accept,6.50,Accept,Accept,YES,0.0000,0.0000,8.0,6.0,6.0,6.0,,,
OGfyzExd69,7.0,Accept,6.50,Accept,Accept,YES,0.0000,0.0000,6.0,6.0,8.0,6.0,,,
u1cQYxRI1H,5.5,Reject,10.00,Accept,Accept,NO,0.0000,0.0000,10.0,10.0,10.0,10.0,,,
elTJBP7Fbv,7.5,Accept,7.00,Accept,Accept,YES,0.0000,0.0000,6.0,8.0,8.0,6.0,,,
7J0NsFXnFd,7.0,Accept,5.25,Reject,Reject,NO,0.0000,0.0000,6.0,3.0,6.0,6.0,,,
OaoDVZntGe,6.5,Accept,4.75,Accept,Accept,YES,0.0000,0.0000,5.0,5.0,3.0,6.0,,,
p14iRzavpt,7.0,Accept,5.33,Reject,Reject,NO,0.0000,0.0000,5.0,6.0,5.0,,,,
6DHIkLv5i3,6.5,Accept,6.00,Accept,Accept,YES,0.0000,0.0000,5.0,3.0,8.0,8.0,,,
KZaEdLM4Gn,4.5,Reject,4.67,Reject,Reject,YES,0.0000,0.0000,5.0,6.0,3.0,,,,
kRJNV8RCE3,6.0,Accept,4.75,Reject,Reject,NO,0.0000,0.0000,3.0,5.0,6.0,5.0,,,
o2uHg0Skil,7.0,Accept,6.25,Reject,Reject,NO,0.0000,0.0000,8.0,8.0,3.0,6.0,,,
gsShHPxkUW,7.0,Accept,5.75,Accept,Accept,YES,0.0000,0.0000,6.0,6.0,6.0,5.0,,,
P4WnvhVmPV,6.0,Accept,5.00,Reject,Reject,NO,0.0000,0.0000,3.0,6.0,6.0,5.0,,,
85Eej2kUHQ,4.0,Reject,2.33,Reject,Reject,YES,0.0000,0.0000,3.0,1.0,3.0,,,,
wLR9d5ZFpY,-100.0,Error,4.00,Reject,Reject,NO,0.0000,0.0000,3.0,3.0,6.0,,,,
SZpygmv3G1,6.0,Accept,5.33,Reject,Reject,NO,0.0000,0.0000,3.0,5.0,8.0,,,,
wXSshrxlP4,5.5,Weak Accept,7.33,Accept,Accept,NO,0.0000,0.0000,8.0,8.0,6.0,,,,
yhmVrA8W0v,6.5,Weak Accept,4.60,Reject,Reject,NO,0.0000,0.0000,6.0,6.0,3.0,3.0,5.0,,
QIsnwejVYE,5.5,Reject,5.00,Reject,Reject,YES,0.0000,0.0000,5.0,6.0,3.0,6.0,,,
prSJlvWrgE,5.0,Reject,5.75,Reject,Reject,YES,0.0000,0.0000,3.0,8.0,6.0,6.0,,,
2tVHNRZuCs,4.5,Reject,6.00,Accept,Accept,NO,0.0000,0.0000,6.0,6.0,6.0,6.0,,,
4YgfwJBJeQ,7.0,Accept,5.67,Reject,Reject,NO,0.0000,0.0000,5.0,6.0,6.0,,,,
2kvDzdC5rh,7.5,Accept,4.40,Reject,Reject,NO,0.0000,0.0000,5.0,3.0,6.0,3.0,5.0,,
k6OQ9VTZBZ,2.0,Reject,4.00,Reject,Reject,YES,0.0000,0.0000,5.0,3.0,3.0,5.0,,,
M42KR4W9P5,-100.0,Error,6.67,Accept,Accept,NO,0.0000,0.0000,6.0,6.0,8.0,,,,
Tj3xLVuE9f,5.5,Accept,6.80,Accept,Accept,YES,0.0000,0.0000,6.0,6.0,8.0,8.0,6.0,,
5BCFlnfE1g,7.5,Accept,6.75,Accept,Accept,YES,0.0000,0.0000,5.0,8.0,6.0,8.0,,,
SrGP0ILoYa,6.0,Accept,6.25,Reject,Reject,NO,0.0000,0.0000,6.0,6.0,5.0,8.0,,,
pTyEnkuSQ0,5.5,Reject,5.25,Reject,Reject,YES,0.0000,0.0000,10.0,3.0,5.0,3.0,,,
3Z2flzXzBY,6.0,Accept,6.40,Accept,Accept,YES,0.0000,0.0000,6.0,8.0,6.0,6.0,6.0,,
Jq8NPYVxLW,7.0,Accept,5.50,Reject,Reject,NO,0.0000,0.0000,5.0,5.0,6.0,6.0,,,
TOVBglQvhB,5.0,Reject,4.75,Reject,Reject,YES,0.0000,0.0000,3.0,5.0,6.0,5.0,,,
AuTDvRwAjS,7.0,Accept,3.00,Reject,Reject,NO,0.0000,0.0000,3.0,3.0,3.0,,,,
Tepaft7632,5.5,Reject,4.80,Reject,Reject,YES,0.0000,0.0000,5.0,3.0,6.0,5.0,5.0,,
Pe2lo3QOvo,8.0,Accept,6.25,Accept,Accept,YES,0.0000,0.0000,8.0,5.0,6.0,6.0,,,
tcx84iyqaC,5.5,Reject,5.33,Reject,Reject,YES,0.0000,0.0000,5.0,6.0,5.0,,,,
Z56fPyx7GL,8.0,Accept,3.50,Reject,Reject,NO,0.0000,0.0000,3.0,3.0,5.0,3.0,,,
kJ0qp9Xdsh,7.0,Accept,6.50,Accept,Accept,YES,0.0000,0.0000,6.0,8.0,6.0,6.0,,,
6INCxtPVXd,5.0,Reject,4.00,Reject,Reject,YES,0.0000,0.0000,3.0,5.0,5.0,3.0,,,
Hh0Cg4epYY,3.0,Reject,2.33,Reject,Reject,YES,0.0000,0.0000,1.0,3.0,3.0,,,,
uuPkll6i7m,7.0,Accept,6.75,Accept,Accept,YES,0.0000,0.0000,6.0,8.0,8.0,5.0,,,
WjDjem8mWE,5.5,Reject,5.75,Accept,Accept,NO,0.0000,0.0000,6.0,8.0,6.0,3.0,,,
vEgLnT9avP,6.0,Accept,5.50,Reject,Reject,NO,0.0000,0.0000,5.0,8.0,6.0,3.0,,,
frsg32u0rO,7.5,Accept,6.50,Accept,Accept,YES,0.0000,0.0000,6.0,6.0,8.0,6.0,,,
4qRCiEZGKd,5.0,Reject,3.40,Reject,Reject,YES,0.0000,0.0000,3.0,3.0,5.0,3.0,3.0,,
Twyc3qZ3py,5.0,Reject,5.25,Reject,Reject,YES,0.0000,0.0000,5.0,6.0,5.0,5.0,,,
uSz2K30RRd,6.0,Accept,7.33,Accept,Accept,YES,0.0000,0.0000,6.0,8.0,8.0,,,,
ob7UrZOJve,6.0,Accept,5.00,Reject,Reject,NO,0.0000,0.0000,3.0,6.0,6.0,5.0,,,
NbbsRnPBoS,4.0,Reject,2.33,Reject,Reject,YES,0.0000,0.0000,3.0,1.0,3.0,,,,
816T4ab9Z5,5.0,Reject,5.80,Reject,Reject,YES,0.0000,0.0000,6.0,8.0,6.0,6.0,3.0,,
FDQF6A1s6M,6.0,Accept,4.00,Accept,Accept,YES,0.0000,0.0000,3.0,5.0,3.0,6.0,3.0,,
5dpuLgwQ0d,4.0,Reject,4.75,Reject,Reject,YES,0.0000,0.0000,5.0,6.0,3.0,5.0,,,
CbmAtAmQla,6.5,Accept,4.25,Reject,Reject,NO,0.0000,0.0000,5.0,1.0,6.0,5.0,,,
bI3fcTsKW4,6.0,Accept,6.25,Accept,Accept,YES,0.0000,0.0000,5.0,8.0,6.0,6.0,,,
mssRRt6OPE,5.5,Reject,5.75,Reject,Reject,YES,0.0000,0.0000,6.0,5.0,6.0,6.0,,,
Ke2BEL4csm,5.5,Reject,6.50,Accept,Accept,NO,0.0000,0.0000,6.0,6.0,6.0,8.0,,,
91DFSjAva8,4.0,Reject,4.75,Reject,Reject,YES,0.0000,0.0000,6.0,3.0,5.0,5.0,,,
oApCZZZ3O4,5.5,Accept,4.20,Reject,Reject,NO,0.0000,0.0000,6.0,5.0,1.0,3.0,6.0,,
PYQmaU4RwI,3.5,Reject,4.00,Reject,Reject,YES,0.0000,0.0000,1.0,5.0,6.0,,,,
K6iBe17Y16,7.5,Accept,5.40,Reject,Reject,NO,0.0000,0.0000,5.0,6.0,8.0,3.0,5.0,,
T9w5ttdqLV,5.0,Reject,5.33,Reject,Reject,YES,0.0000,0.0000,6.0,5.0,5.0,,,,
UCOPY3FZQW,5.0,Reject,3.00,Reject,Reject,YES,0.0000,0.0000,3.0,3.0,3.0,,,,
inpLTODeA6,6.5,Accept,4.25,Reject,Reject,NO,0.0000,0.0000,3.0,3.0,6.0,5.0,,,
t9NiRq9PGK,7.0,Accept,5.60,Reject,Reject,NO,0.0000,0.0000,6.0,5.0,5.0,6.0,6.0,,
L6IgkJvcgV,6.5,Accept,7.20,Accept,Accept,YES,0.0000,0.0000,6.0,10.0,8.0,6.0,6.0,,
njyZgDDeY4,6.5,Accept,4.00,Reject,Reject,NO,0.0000,0.0000,3.0,5.0,3.0,5.0,,,
7dufGaLYF8,5.5,Reject,4.00,Reject,Reject,YES,0.0000,0.0000,5.0,3.0,5.0,3.0,,,
BhxsjonZ0z,4.5,Reject,3.33,Reject,Reject,YES,0.0000,0.0000,3.0,6.0,1.0,,,,
yGv5GzlBwr,6.5,Reject,5.25,Reject,Reject,YES,0.0000,0.0000,5.0,8.0,5.0,3.0,,,
h9TTpQdGKJ,6.0,Weak Accept,4.25,Reject,Reject,NO,0.0000,0.0000,3.0,6.0,5.0,3.0,,,
gTsLBDMZrL,7.5,Accept,5.50,Reject,Reject,NO,0.0000,0.0000,5.0,6.0,6.0,5.0,,,
lgf2LW7fOJ,6.5,Accept,4.50,Reject,Reject,NO,0.0000,0.0000,5.0,5.0,5.0,3.0,,,
B5RrIFMqbe,6.0,Reject,6.50,Accept,Accept,NO,0.0000,0.0000,6.0,8.0,6.0,6.0,,,
DDAtRS5Ngf,6.5,Accept,5.00,Reject,Reject,NO,0.0000,0.0000,3.0,6.0,6.0,5.0,,,
sLkj91HIZU,7.0,Accept,6.80,Accept,Accept,YES,0.0000,0.0000,8.0,6.0,6.0,8.0,6.0,,
kiwyQsZIGP,7.0,Accept,5.00,Reject,Reject,NO,0.0000,0.0000,6.0,3.0,8.0,3.0,,,
gxhRR8vUQb,7.0,Accept,7.00,Accept,Accept,YES,0.0000,0.0000,8.0,8.0,6.0,6.0,,,
4ZhUKd05QM,6.5,Accept,3.80,Reject,Reject,NO,0.0000,0.0000,3.0,5.0,3.0,3.0,5.0,,
d23EVDRJ6g,7.0,Accept,6.00,Accept,Accept,YES,0.0000,0.0000,8.0,8.0,3.0,5.0,,,
TvkvWjxj3T,7.0,Accept,4.75,Reject,Reject,NO,0.0000,0.0000,5.0,5.0,3.0,6.0,,,
Xg6JWb1Oxt,5.0,Reject,6.00,Reject,Reject,YES,0.0000,0.0000,6.0,6.0,5.0,6.0,5.0,8.0,
kE1TVeolWv,6.0,Accept,4.25,Reject,Reject,NO,0.0000,0.0000,6.0,5.0,3.0,3.0,,,
myYzr50xBh,7.5,Accept,5.80,Accept,Accept,YES,0.0000,0.0000,5.0,6.0,6.0,6.0,6.0,,
SThJXvucjQ,6.5,Reject,6.67,Accept,Accept,NO,0.0000,0.0000,8.0,6.0,6.0,,,,
1JgWwOW3EN,8.0,Accept,4.80,Reject,Reject,NO,0.0000,0.0000,10.0,1.0,5.0,3.0,5.0,,
LuytzzohTa,7.5,Accept,5.60,Reject,Reject,NO,0.0000,0.0000,5.0,5.0,5.0,5.0,8.0,,
qA4foxO5Gf,7.5,Accept,6.25,Accept,Accept,YES,0.0000,0.0000,5.0,6.0,8.0,6.0,,,
aJnKjvTtPq,6.5,Accept,5.00,Reject,Reject,NO,0.0000,0.0000,5.0,5.0,5.0,5.0,5.0,,
JOHhktXd4a,8.0,Accept,5.40,Reject,Reject,NO,0.0000,0.0000,5.0,6.0,6.0,5.0,5.0,,
qazJfAmgOt,6.0,Accept,6.00,Reject,Reject,NO,0.0000,0.0000,5.0,6.0,5.0,8.0,,,
ELlBpc0tfb,6.0,Accept,5.67,Reject,Reject,NO,0.0000,0.0000,5.0,6.0,6.0,,,,
CupHThqQl3,6.5,Accept,4.75,Reject,Reject,NO,0.0000,0.0000,6.0,5.0,3.0,5.0,,,
hP4iZU8I3Y,6.0,Accept,5.67,Reject,Reject,NO,0.0000,0.0000,6.0,5.0,6.0,,,,
avlfmW32qO,4.5,Reject,5.00,Reject,Reject,YES,0.0000,0.0000,5.0,3.0,6.0,6.0,,,
7fxzVTSgZC,7.0,Accept,6.25,Reject,Reject,NO,0.0000,0.0000,6.0,8.0,5.0,6.0,,,
dOwmtbn6ZO,5.5,Reject,4.40,Reject,Reject,YES,0.0000,0.0000,8.0,3.0,3.0,5.0,3.0,,
RzY9qQHUXy,5.0,Reject,6.75,Accept,Accept,NO,0.0000,0.0000,8.0,5.0,6.0,8.0,,,
qq0zZMC4SM,6.0,Accept,5.00,Reject,Reject,NO,0.0000,0.0000,8.0,3.0,3.0,6.0,,,
YuYxoaL7YX,7.0,Accept,3.00,Reject,Reject,NO,0.0000,0.0000,3.0,3.0,3.0,,,,
2GcR9bO620,5.0,Reject,7.00,Accept,Accept,NO,0.0000,0.0000,8.0,8.0,6.0,6.0,,,
rYTlmSlxia,5.5,Reject,4.75,Reject,Reject,YES,0.0000,0.0000,5.0,3.0,6.0,5.0,,,
kRaWc3Hk0q,8.0,Accept,4.50,Reject,Reject,NO,0.0000,0.0000,5.0,3.0,5.0,5.0,,,
JZOPwrRYtI,6.5,Accept,5.00,Reject,Reject,NO,0.0000,0.0000,6.0,3.0,6.0,5.0,5.0,,
Fb93MfxX7T,6.5,Accept,4.75,Reject,Reject,NO,0.0000,0.0000,5.0,6.0,5.0,3.0,,,
gCYFtUKXSc,6.0,Accept,4.00,Reject,Reject,NO,0.0000,0.0000,3.0,5.0,5.0,3.0,,,
2J18i8T0oI,6.0,Accept,6.50,Accept,Accept,YES,0.0000,0.0000,6.0,6.0,8.0,6.0,,,
TjP1d8PP8l,5.5,Reject,6.50,Accept,Accept,NO,0.0000,0.0000,6.0,6.0,8.0,6.0,,,
PxL35zAxvT,6.5,Accept,4.67,Reject,Reject,NO,0.0000,0.0000,3.0,6.0,5.0,,,,
lHBQrqVYji,6.0,Accept,5.00,Reject,Reject,NO,0.0000,0.0000,3.0,6.0,5.0,6.0,,,
zvaiz3FjA9,5.0,Reject,6.00,Accept,Accept,NO,0.0000,0.0000,6.0,6.0,6.0,,,,
PabAln0jjB,6.5,Accept,4.67,Reject,Reject,NO,0.0000,0.0000,3.0,5.0,6.0,,,,
PbheqxnO1e,7.0,Accept,7.00,Accept,Accept,YES,0.0000,0.0000,5.0,8.0,8.0,,,,
awHTL3Hpto,8.0,Accept,6.33,Accept,Accept,YES,0.0000,0.0000,8.0,5.0,6.0,,,,
KmQEsIfhr9,7.5,Accept,6.00,Accept,Accept,YES,0.0000,0.0000,6.0,6.0,6.0,,,,
GQhlM0Mavg,5.5,Reject,5.00,Reject,Reject,YES,0.0000,0.0000,5.0,3.0,6.0,6.0,,,
wq4AeBWQJ4,5.5,Reject,3.50,Reject,Reject,YES,0.0000,0.0000,3.0,3.0,3.0,5.0,,,
09TI1yUo9K,5.0,Reject,4.50,Reject,Reject,YES,0.0000,0.0000,5.0,5.0,5.0,3.0,,,
F4meTCwlxZ,4.5,Reject,5.00,Reject,Reject,YES,0.0000,0.0000,3.0,5.0,5.0,6.0,6.0,,
6bAfAcuuZD,4.5,Reject,5.50,Reject,Reject,YES,0.0000,0.0000,3.0,3.0,8.0,8.0,,,
XaqaitclOA,6.5,Accept,5.00,Reject,Reject,NO,0.0000,0.0000,3.0,5.0,6.0,6.0,,,
a2tU4ykVA9,7.5,Accept,5.50,Reject,Reject,NO,0.0000,0.0000,3.0,6.0,8.0,5.0,,,
bKswCSYkKq,7.0,Accept,3.00,Reject,Reject,NO,0.0000,0.0000,3.0,3.0,3.0,3.0,,,
BdmVgLMvaf,8.0,Accept,6.50,Accept,Accept,YES,0.0000,0.0000,5.0,8.0,8.0,5.0,,,
iM7MfzbF1B,7.0,Accept,5.00,Reject,Reject,NO,0.0000,0.0000,6.0,6.0,3.0,5.0,,,
vQ0zFYJaMo,6.0,Reject,5.33,Reject,Reject,YES,0.0000,0.0000,6.0,5.0,5.0,,,,
30oIfmrcFO,6.5,Accept,6.25,Accept,Accept,YES,0.0000,0.0000,8.0,6.0,6.0,5.0,,,
7gGl6HB5Zd,7.0,Accept,6.50,Accept,Accept,YES,0.0000,0.0000,8.0,6.0,6.0,6.0,,,
QMkYEau02q,5.5,Reject,4.25,Reject,Reject,YES,0.0000,0.0000,5.0,3.0,3.0,6.0,,,
N5qFgohx9u,5.5,Reject,3.50,Reject,Reject,YES,0.0000,0.0000,3.0,5.0,3.0,3.0,,,
9tMzqRaEL3,5.5,Reject,4.50,Reject,Reject,YES,0.0000,0.0000,3.0,5.0,5.0,5.0,,,
QzQSR56JZr,6.5,Accept,5.67,Reject,Reject,NO,0.0000,0.0000,8.0,3.0,6.0,,,,
MHQMZ8FOL5,7.5,Accept,5.50,Reject,Reject,NO,0.0000,0.0000,6.0,5.0,6.0,5.0,,,
cbttLtO94Q,5.5,Accept,6.25,Accept,Accept,YES,0.0000,0.0000,6.0,5.0,6.0,8.0,,,
YZEzVR5awV,7.5,Accept,5.75,Reject,Reject,NO,0.0000,0.0000,6.0,5.0,6.0,6.0,,,
wqi85OBVLE,5.0,Reject,3.50,Reject,Reject,YES,0.0000,0.0000,3.0,3.0,3.0,5.0,,,
mYgoNEsUDi,4.0,Reject,6.33,Accept,Accept,NO,0.0000,0.0000,8.0,5.0,6.0,,,,
TwJrTz9cRS,6.5,Accept,8.00,Accept,Accept,YES,0.0000,0.0000,8.0,8.0,8.0,,,,
e2YOVTenU9,5.5,Reject,5.67,Accept,Accept,NO,0.0000,0.0000,6.0,8.0,3.0,,,,
7m5jhNXklB,5.0,Reject,5.33,Reject,Reject,YES,0.0000,0.0000,5.0,6.0,5.0,,,,
sMkvcg1i1u,-100.0,Error,4.00,Reject,Reject,NO,0.0000,0.0000,5.0,3.0,5.0,3.0,,,
Ey8KcabBpB,6.5,Accept,6.75,Accept,Accept,YES,0.0000,0.0000,6.0,8.0,8.0,5.0,,,
g7xZkiHcGO,7.0,Accept,5.00,Reject,Reject,NO,0.0000,0.0000,5.0,3.0,6.0,5.0,6.0,,
WOzffPgVjF,7.5,Accept,7.50,Accept,Accept,YES,0.0000,0.0000,8.0,8.0,6.0,8.0,,,
HkB4bW5eJj,7.5,Accept,4.25,Reject,Reject,NO,0.0000,0.0000,5.0,5.0,1.0,6.0,,,
UNHU7uO2qM,5.5,Reject,6.00,Reject,Reject,YES,0.0000,0.0000,6.0,6.0,6.0,6.0,,,
8ishA3LxN8,8.5,Accept,6.50,Accept,Accept,YES,0.0000,0.0000,6.0,8.0,6.0,6.0,,,
Cf0K6jgzZt,7.5,Accept,5.33,Reject,Reject,NO,0.0000,0.0000,5.0,6.0,5.0,,,,
6vtGG0WMne,6.5,Accept,4.50,Reject,Reject,NO,0.0000,0.0000,6.0,6.0,3.0,3.0,,,
Z756zcjNcC,6.5,Reject,4.50,Reject,Reject,YES,0.0000,0.0000,3.0,3.0,6.0,6.0,,,
L0evcuybH5,7.0,Accept,6.75,Accept,Accept,YES,0.0000,0.0000,6.0,8.0,8.0,5.0,,,
jfTrsqRrpb,8.0,Accept,4.75,Reject,Reject,NO,0.0000,0.0000,3.0,5.0,6.0,5.0,,,
50RNY6uM2Q,6.0,Accept,4.20,Reject,Reject,NO,0.0000,0.0000,5.0,3.0,3.0,5.0,5.0,,
tZozeR3VV7,7.0,Accept,6.33,Accept,Accept,YES,0.0000,0.0000,6.0,5.0,8.0,,,,
GN921JHCRw,5.0,Reject,7.00,Accept,Accept,NO,0.0000,0.0000,6.0,6.0,8.0,8.0,,,
rmLTwKGiSP,6.0,Accept,5.25,Reject,Reject,NO,0.0000,0.0000,6.0,6.0,6.0,3.0,,,
adSGeugiuj,7.0,Accept,5.75,Accept,Accept,YES,0.0000,0.0000,8.0,6.0,3.0,6.0,,,
cbttLtO94Q,6.5,Reject,6.25,Accept,Accept,NO,0.0000,0.0000,6.0,5.0,6.0,8.0,,,
5HCnKDeTws,6.0,Accept,6.75,Accept,Accept,YES,0.0000,0.0000,6.0,8.0,5.0,8.0,,,
VWBYDo5NaM,5.5,Reject,4.33,Reject,Reject,YES,0.0000,0.0000,5.0,3.0,5.0,,,,
RofU5v2BvZ,5.5,Reject,5.50,Reject,Reject,YES,0.0000,0.0000,5.0,6.0,6.0,5.0,,,
tDIL7UXmSS,3.0,Reject,6.50,Accept,Accept,NO,0.0000,0.0000,6.0,6.0,6.0,8.0,,,
v9fQfQ85oG,7.0,Accept,4.75,Reject,Reject,NO,0.0000,0.0000,5.0,3.0,5.0,6.0,,,
J8LYjgi7nH,4.0,Reject,3.50,Reject,Reject,YES,0.0000,0.0000,3.0,3.0,5.0,3.0,,,
2BfZMh9td4,6.5,Accept,4.25,Reject,Reject,NO,0.0000,0.0000,5.0,1.0,6.0,5.0,,,
nrvoWOWcyg,7.5,Accept,6.50,Accept,Accept,YES,0.0000,0.0000,6.0,8.0,6.0,6.0,,,
qUZY7ymDPr,6.0,Accept,4.80,Reject,Reject,NO,0.0000,0.0000,6.0,6.0,3.0,6.0,3.0,,
CEkIyshNbC,4.5,Reject,4.50,Accept,Accept,NO,0.0000,0.0000,5.0,3.0,5.0,5.0,,,
cx46JSD2qn,6.5,Accept,3.80,Reject,Reject,NO,0.0000,0.0000,5.0,5.0,5.0,1.0,3.0,,
Ro3EBZiKhT,6.0,Accept,4.25,Reject,Reject,NO,0.0000,0.0000,5.0,3.0,3.0,6.0,,,
NqkSUwMc0K,6.5,Accept,3.60,Reject,Reject,NO,0.0000,0.0000,1.0,8.0,3.0,3.0,3.0,,
f3jySJpEFT,7.5,Accept,6.33,Accept,Accept,YES,0.0000,0.0000,8.0,6.0,5.0,,,,
b77ML9nALL,5.5,Reject,4.75,Reject,Reject,YES,0.0000,0.0000,6.0,5.0,3.0,5.0,,,
XA9A8mkFqa,6.0,Accept,3.50,Reject,Reject,NO,0.0000,0.0000,5.0,1.0,3.0,5.0,,,
eiF7TU1E8E,7.5,Accept,6.00,Accept,Accept,YES,0.0000,0.0000,6.0,6.0,,,,,
WVLBWiKxjM,1.5,Reject,3.00,Reject,Reject,YES,0.0000,0.0000,5.0,3.0,1.0,3.0,3.0,,
DIuSX4HqDZ,7.0,Accept,5.00,Reject,Reject,NO,0.0000,0.0000,5.0,5.0,6.0,6.0,3.0,,
p1TBYyqy8v,7.0,Accept,6.60,Accept,Accept,YES,0.0000,0.0000,8.0,6.0,8.0,6.0,5.0,,
4N7v4w2r3b,7.0,Accept,5.25,Reject,Reject,NO,0.0000,0.0000,5.0,5.0,6.0,5.0,,,
ywgwArtbDq,5.0,Reject,3.00,Reject,Reject,YES,0.0000,0.0000,3.0,3.0,1.0,5.0,,,
uqLQjtSdFN,6.0,Accept,3.57,Reject,Reject,NO,0.0000,0.0000,5.0,3.0,3.0,3.0,5.0,3.0,
Y5mm3Yb36I,4.5,Reject,4.50,Reject,Reject,YES,0.0000,0.0000,5.0,3.0,5.0,5.0,,,
iKI7wT6fCP,7.0,Accept,4.40,Reject,Reject,NO,0.0000,0.0000,3.0,6.0,5.0,5.0,3.0,,
ZkpDdCQUC4,6.0,Accept,4.60,Reject,Reject,NO,0.0000,0.0000,3.0,6.0,6.0,3.0,5.0,,
9Qptgv0Eyw,5.5,Reject,3.40,Reject,Reject,YES,0.0000,0.0000,5.0,1.0,3.0,5.0,3.0,,
XN6ZPINdSg,7.5,Accept,6.40,Accept,Accept,YES,0.0000,0.0000,6.0,6.0,6.0,6.0,8.0,,
5ZEbpBYGwH,5.0,Reject,7.25,Accept,Accept,NO,0.0000,0.0000,5.0,8.0,8.0,8.0,,,
1Njl73JKjB,8.0,Accept,7.00,Accept,Accept,YES,0.0000,0.0000,8.0,6.0,6.0,8.0,,,
09iOdaeOzp,7.5,Accept,6.00,Accept,Accept,YES,0.0000,0.0000,5.0,8.0,5.0,6.0,,,
FDfq0RRkuz,6.0,Accept,5.50,Reject,Reject,NO,0.0000,0.0000,5.0,6.0,6.0,5.0,,,
RVrINT6MT7,7.0,Accept,5.75,Accept,Accept,YES,0.0000,0.0000,5.0,6.0,6.0,6.0,,,
vNrTYz1rXH,6.5,Accept,4.33,Reject,Reject,NO,0.0000,0.0000,3.0,5.0,5.0,,,,
uC003NHlEi,8.0,Accept,5.50,Reject,Reject,NO,0.0000,0.0000,8.0,3.0,6.0,5.0,,,
3ogIALgghF,5.0,Reject,7.00,Accept,Accept,NO,0.0000,0.0000,8.0,6.0,6.0,8.0,,,
4g0PUEAHg0,5.0,Accept,3.50,Reject,Reject,NO,0.0000,0.0000,5.0,1.0,5.0,3.0,,,
trKee5pIFv,6.0,Reject,6.00,Accept,Accept,NO,0.0000,0.0000,6.0,6.0,6.0,6.0,,,
BSsyY29bcl,7.5,Accept,5.80,Reject,Reject,NO,0.0000,0.0000,8.0,5.0,6.0,5.0,5.0,,
6EadiKkfgR,5.5,Reject,5.25,Reject,Reject,YES,0.0000,0.0000,5.0,6.0,5.0,5.0,,,
RwhRZojoYw,5.5,Reject,3.75,Reject,Reject,YES,0.0000,0.0000,3.0,6.0,3.0,3.0,,,
QhjosARfay,6.5,Accept,6.00,Reject,Reject,NO,0.0000,0.0000,8.0,6.0,5.0,5.0,,,
eBgIzHaegm,7.5,Accept,4.25,Reject,Reject,NO,0.0000,0.0000,5.0,6.0,3.0,3.0,,,
okD9dbifxa,7.5,Accept,5.83,Reject,Reject,NO,0.0000,0.0000,5.0,6.0,5.0,8.0,6.0,5.0,
DUfwD5yiN4,5.5,Reject,5.25,Reject,Reject,YES,0.0000,0.0000,5.0,8.0,3.0,5.0,,,
zSwH0Wo2wo,7.5,Accept,5.25,Reject,Reject,NO,0.0000,0.0000,5.0,3.0,8.0,5.0,,,
3GurO0kRue,7.5,Accept,6.50,Accept,Accept,YES,0.0000,0.0000,6.0,8.0,6.0,6.0,,,
WK6K1FMEQ1,7.0,Accept,6.75,Accept,Accept,YES,0.0000,0.0000,5.0,8.0,8.0,6.0,,,
uikf2Ue0XQ,7.5,Accept,5.50,Reject,Reject,NO,0.0000,0.0000,6.0,5.0,5.0,6.0,,,
As2ZyaNoHa,6.0,Accept,3.33,Reject,Reject,NO,0.0000,0.0000,3.0,1.0,6.0,,,,
ToWKyjwDqO,4.0,Accept,5.00,Reject,Reject,NO,0.0000,0.0000,3.0,3.0,8.0,6.0,,,
cTG25RXtJA,6.0,Accept,4.50,Reject,Reject,NO,0.0000,0.0000,5.0,5.0,5.0,3.0,,,
LVmafig6Tk,7.0,Accept,5.00,Reject,Reject,NO,0.0000,0.0000,3.0,6.0,6.0,5.0,,,
TPtzZQyiFm,6.0,Accept,6.00,Reject,Reject,NO,0.0000,0.0000,8.0,6.0,5.0,5.0,,,
VIEbRFp6s3,6.5,Accept,5.80,Reject,Reject,NO,0.0000,0.0000,6.0,6.0,6.0,5.0,6.0,,
KY8ZNcljVU,7.5,Accept,7.33,Accept,Accept,YES,0.0000,0.0000,8.0,8.0,6.0,,,,
tBZK9BI2GZ,6.5,Accept,4.50,Reject,Reject,NO,0.0000,0.0000,5.0,5.0,5.0,3.0,,,
vsYt8UHGzI,5.5,Accept,4.33,Reject,Reject,NO,0.0000,0.0000,5.0,3.0,5.0,5.0,5.0,3.0,
kbm6tsICar,5.5,Reject,6.50,Accept,Accept,NO,0.0000,0.0000,8.0,6.0,6.0,6.0,,,
wSErgkwDZO,7.0,Accept,4.00,Reject,Reject,NO,0.0000,0.0000,6.0,3.0,3.0,3.0,5.0,,
KeRwLLwZaw,7.0,Accept,6.00,Accept,Accept,YES,0.0000,0.0000,6.0,6.0,6.0,6.0,,,
Tn8EQIFIMQ,6.0,Accept,7.00,Accept,Accept,YES,0.0000,0.0000,8.0,6.0,6.0,8.0,,,
89l6VLPrin,5.5,Reject,5.33,Reject,Reject,YES,0.0000,0.0000,5.0,5.0,6.0,,,,
z9FXRHoQdc,6.0,Accept,4.75,Reject,Reject,NO,0.0000,0.0000,5.0,6.0,5.0,3.0,,,
XRtyVELwr6,5.5,Reject,6.25,Accept,Accept,NO,0.0000,0.0000,6.0,5.0,6.0,8.0,,,
L1FeTLOwzr,7.5,Accept,5.25,Reject,Reject,NO,0.0000,0.0000,5.0,5.0,6.0,5.0,,,
4y6Q98hJzr,6.5,Accept,4.00,Reject,Reject,NO,0.0000,0.0000,5.0,3.0,3.0,5.0,,,
6cQ6cBqzV3,5.5,Accept,5.75,Accept,Accept,YES,0.0000,0.0000,8.0,6.0,6.0,3.0,,,
YhT1ZemZow,4.5,Reject,4.50,Reject,Reject,YES,0.0000,0.0000,3.0,3.0,6.0,6.0,,,
SBzIbJojs8,7.5,Accept,6.00,Accept,Accept,YES,0.0000,0.0000,6.0,6.0,6.0,6.0,,,
BjaHYhr7VS,6.0,Accept,4.75,Reject,Reject,NO,0.0000,0.0000,6.0,5.0,3.0,5.0,,,
HA0oLUvuGI,7.5,Accept,6.25,Accept,Accept,YES,0.0000,0.0000,5.0,8.0,6.0,6.0,,,
I2ZYngkRW6,7.5,Accept,4.25,Reject,Reject,NO,0.0000,0.0000,3.0,3.0,5.0,6.0,,,
PC5WxcMRs8,5.5,Accept,4.00,Reject,Reject,NO,0.0000,0.0000,3.0,5.0,3.0,5.0,,,
7TXdglI1g0,7.5,Accept,5.20,Reject,Reject,NO,0.0000,0.0000,5.0,3.0,6.0,6.0,6.0,,
1qbZekXGrp,6.5,Accept,6.50,Accept,Accept,YES,0.0000,0.0000,6.0,6.0,8.0,6.0,,,
jdFoxDnBwY,7.0,Accept,4.80,Reject,Reject,NO,0.0000,0.0000,5.0,6.0,5.0,5.0,3.0,,
uWHPW0sXFK,4.0,Reject,3.50,Reject,Reject,YES,0.0000,0.0000,3.0,3.0,3.0,5.0,,,
NDMLjEJoLb,4.0,Reject,4.75,Reject,Reject,YES,0.0000,0.0000,5.0,3.0,8.0,3.0,,,
MeGDmZjUXy,5.5,Reject,6.33,Accept,Accept,NO,0.0000,0.0000,8.0,5.0,6.0,,,,
mliQ2huFrZ,7.0,Accept,7.25,Accept,Accept,YES,0.0000,0.0000,5.0,8.0,8.0,8.0,,,
WNvvwK0tut,7.5,Accept,6.50,Accept,Accept,YES,0.0000,0.0000,6.0,8.0,6.0,6.0,,,
506Sxc0Adp,5.5,Accept,4.00,Reject,Reject,NO,0.0000,0.0000,3.0,6.0,1.0,6.0,,,
CrOHzVtWmH,7.0,Accept,3.80,Reject,Reject,NO,0.0000,0.0000,3.0,5.0,5.0,3.0,3.0,,
FE2e8664Sl,6.0,Reject,7.00,Accept,Accept,NO,0.0000,0.0000,8.0,8.0,5.0,,,,
5RUM1aIdok,6.0,Accept,6.75,Accept,Accept,YES,0.0000,0.0000,8.0,5.0,8.0,6.0,,,
BLWaTeucYX,6.0,Accept,6.00,Accept,Accept,YES,0.0000,0.0000,6.0,6.0,6.0,6.0,,,
Kg0IDQF3wp,4.5,Reject,4.67,Reject,Reject,YES,0.0000,0.0000,5.0,6.0,3.0,,,,
hqxzi4d3Ws,5.0,Reject,3.00,Reject,Reject,YES,0.0000,0.0000,3.0,3.0,3.0,3.0,,,
KNQJtoPZmz,4.5,Reject,3.00,Reject,Reject,YES,0.0000,0.0000,3.0,3.0,3.0,3.0,,,
tlH4vDii0E,4.5,Reject,5.60,Reject,Reject,YES,0.0000,0.0000,6.0,6.0,5.0,5.0,6.0,,
h6ktwCPYxE,8.0,Accept,6.00,Accept,Accept,YES,0.0000,0.0000,5.0,6.0,8.0,5.0,,,
Cf4FJGmHRQ,6.5,Accept,6.00,Accept,Accept,YES,0.0000,0.0000,6.0,6.0,6.0,,,,
ykt6I21YQZ,7.5,Accept,4.75,Reject,Reject,NO,0.0000,0.0000,5.0,6.0,5.0,3.0,,,
MUTTUDKb3M,4.5,Reject,5.50,Reject,Reject,YES,0.0000,0.0000,5.0,6.0,5.0,6.0,,,
jx6njBKH8E,7.0,Accept,5.75,Reject,Reject,NO,0.0000,0.0000,6.0,6.0,5.0,6.0,,,
1djnGJnaiy,5.5,Reject,5.00,Reject,Reject,YES,0.0000,0.0000,6.0,3.0,6.0,,,,
uIKZSStON3,8.0,Accept,7.25,Accept,Accept,YES,0.0000,0.0000,8.0,5.0,8.0,8.0,,,
2snKOc7TVp,7.0,Accept,5.75,Accept,Accept,YES,0.0000,0.0000,6.0,3.0,8.0,6.0,,,
E2PFv7ad3p,7.5,Accept,6.67,Accept,Accept,YES,0.0000,0.0000,8.0,6.0,6.0,,,,
lFzUHGebeb,4.5,Reject,2.00,Reject,Reject,YES,0.0000,0.0000,1.0,1.0,3.0,3.0,,,
sMkvcg1i1u,-100.0,Error,4.00,Reject,Reject,NO,0.0000,0.0000,5.0,3.0,5.0,3.0,,,
4sJJixGIZX,6.5,Accept,5.00,Reject,Reject,NO,0.0000,0.0000,6.0,6.0,5.0,3.0,,,
sRb9sddBy2,6.0,Accept,4.50,Reject,Reject,NO,0.0000,0.0000,5.0,5.0,3.0,5.0,,,
yBZd6mCWXd,6.5,Accept,5.33,Reject,Reject,NO,0.0000,0.0000,5.0,5.0,6.0,,,,
R2OzZWOkjz,5.0,Reject,3.80,Reject,Reject,YES,0.0000,0.0000,5.0,3.0,3.0,5.0,3.0,,
iBExhaU3Lc,7.5,Accept,7.00,Accept,Accept,YES,0.0000,0.0000,6.0,8.0,8.0,6.0,,,
nfKfAzkiez,6.0,Accept,5.75,Accept,Accept,YES,0.0000,0.0000,6.0,6.0,5.0,6.0,,,
VtYfbvwpWp,7.0,Accept,5.60,Accept,Accept,YES,0.0000,0.0000,8.0,3.0,5.0,6.0,6.0,,
YONCcPQJoC,6.5,Accept,4.75,Reject,Reject,NO,0.0000,0.0000,3.0,8.0,3.0,5.0,,,
4y3GDTFv70,6.0,Accept,3.25,Reject,Reject,NO,0.0000,0.0000,3.0,1.0,3.0,6.0,,,
4WM0OogPTx,7.5,Accept,6.75,Accept,Accept,YES,0.0000,0.0000,8.0,6.0,5.0,8.0,,,
hss35aoQ1Y,6.0,Accept,5.75,Accept,Accept,YES,0.0000,0.0000,6.0,6.0,6.0,5.0,,,
vLJg4wgBPu,7.0,Accept,4.25,Reject,Reject,NO,0.0000,0.0000,3.0,5.0,3.0,6.0,,,
M6fYrICcQs,5.5,Reject,6.00,Accept,Accept,NO,0.0000,0.0000,6.0,6.0,6.0,6.0,,,
eJhgguibXu,1.0,Reject,2.50,Reject,Reject,YES,0.0000,0.0000,3.0,3.0,3.0,1.0,,,
2TiU1JTdSQ,6.5,Accept,5.00,Reject,Reject,NO,0.0000,0.0000,6.0,3.0,5.0,6.0,,,
hMEHnLJyrU,5.5,Accept,3.75,Reject,Reject,NO,0.0000,0.0000,3.0,5.0,6.0,1.0,,,
Y5LjYI4N6P,7.0,Accept,6.75,Accept,Accept,YES,0.0000,0.0000,8.0,6.0,8.0,5.0,,,
owokKCrGYr,6.5,Accept,5.75,Accept,Accept,YES,0.0000,0.0000,5.0,6.0,6.0,6.0,,,
8OrXrdPbef,5.5,Reject,4.25,Reject,Reject,YES,0.0000,0.0000,5.0,1.0,6.0,5.0,,,
vbmSSIhKAM,7.0,Accept,6.60,Accept,Accept,YES,0.0000,0.0000,8.0,8.0,3.0,8.0,6.0,,
22pyNMuIoa,7.0,Accept,5.75,Accept,Accept,YES,0.0000,0.0000,6.0,8.0,3.0,6.0,,,
BZYIEw4mcY,6.0,Accept,6.00,Accept,Accept,YES,0.0000,0.0000,6.0,6.0,6.0,6.0,,,
VJDFhkwQg6,7.0,Accept,5.00,Reject,Reject,NO,0.0000,0.0000,6.0,5.0,6.0,3.0,,,
ix7rLVHXyY,6.5,Accept,7.25,Accept,Accept,YES,0.0000,0.0000,8.0,8.0,5.0,8.0,,,
TrKRpaOk8y,7.0,Accept,6.40,Accept,Accept,YES,0.0000,0.0000,6.0,6.0,6.0,8.0,6.0,,
qoYogklIPz,6.0,Accept,6.75,Accept,Accept,YES,0.0000,0.0000,5.0,8.0,6.0,8.0,,,
IRjT0AmsDI,5.0,Reject,4.50,Reject,Reject,YES,0.0000,0.0000,5.0,3.0,5.0,5.0,,,
T7ZVzuObcj,6.0,Reject,5.50,Reject,Reject,YES,0.0000,0.0000,6.0,5.0,6.0,5.0,,,
Dtxc7mlKRg,5.5,Reject,4.60,Reject,Reject,YES,0.0000,0.0000,3.0,5.0,6.0,6.0,3.0,,
4b1cJHn7q5,7.0,Accept,3.50,Reject,Reject,NO,0.0000,0.0000,5.0,3.0,3.0,3.0,,,
gDcL7cgZBt,4.5,Reject,7.00,Accept,Accept,NO,0.0000,0.0000,8.0,8.0,6.0,6.0,,,
UHDSE86qiG,5.0,Reject,4.50,Reject,Reject,YES,0.0000,0.0000,5.0,3.0,5.0,5.0,,,
UC1UD0EIWn,8.0,Accept,5.00,Reject,Reject,NO,0.0000,0.0000,5.0,5.0,5.0,5.0,,,
jVsXDLIt45,6.5,Reject,5.67,Reject,Reject,YES,0.0000,0.0000,5.0,6.0,6.0,,,,
VLuJL8cnGk,6.0,Accept,5.00,Reject,Reject,NO,0.0000,0.0000,5.0,8.0,3.0,6.0,3.0,,
1wRXUROlzY,6.5,Accept,4.67,Reject,Reject,NO,0.0000,0.0000,3.0,6.0,5.0,,,,
T1pUS4GZZq,6.0,Accept,5.75,Reject,Reject,NO,0.0000,0.0000,5.0,6.0,6.0,6.0,,,
q8H9t10Vsy,5.5,Borderline Accept,4.00,Reject,Reject,NO,0.0000,0.0000,3.0,5.0,5.0,3.0,,,
DhdqML3FdM,3.0,Reject,7.00,Accept,Accept,NO,0.0000,0.0000,6.0,6.0,8.0,8.0,,,
72nCh5JtLQ,5.5,Reject,5.75,Reject,Reject,YES,0.0000,0.0000,8.0,6.0,6.0,3.0,,,
w73feIekdO,5.0,Reject,3.25,Reject,Reject,YES,0.0000,0.0000,3.0,6.0,1.0,3.0,,,
cpGPPLLYYx,7.5,Accept,6.50,Accept,Accept,YES,0.0000,0.0000,6.0,6.0,6.0,8.0,,,
YMCtQlm8Bc,6.5,Accept,5.75,Reject,Reject,NO,0.0000,0.0000,6.0,5.0,6.0,6.0,,,
EE2tIwKhSW,4.0,Accept,5.50,Reject,Reject,NO,0.0000,0.0000,6.0,5.0,6.0,5.0,,,
udfjje2xXb,5.0,Reject,3.40,Reject,Reject,YES,0.0000,0.0000,5.0,3.0,3.0,3.0,3.0,,
3m6VqesEMw,4.5,Reject,6.00,Reject,Reject,YES,0.0000,0.0000,6.0,5.0,5.0,8.0,,,
4VHiptx7xe,7.5,Accept,6.25,Accept,Accept,YES,0.0000,0.0000,6.0,8.0,6.0,5.0,,,
hKZfzVZ999,5.0,Reject,4.75,Reject,Reject,YES,0.0000,0.0000,8.0,5.0,3.0,3.0,,,
H9plefjzuR,6.0,Weak Accept,4.00,Reject,Reject,NO,0.0000,0.0000,3.0,6.0,5.0,3.0,3.0,,
PdA9HAxO4w,7.0,Accept,5.00,Reject,Reject,NO,0.0000,0.0000,3.0,6.0,5.0,6.0,,,
K4JHTZ13G3,8.0,Accept,5.33,Reject,Reject,NO,0.0000,0.0000,5.0,5.0,6.0,,,,
B9177IHxCL,7.5,Accept,4.25,Reject,Reject,NO,0.0000,0.0000,3.0,3.0,8.0,3.0,,,
r0QqfaCkF8,6.0,Accept,4.33,Reject,Reject,NO,0.0000,0.0000,5.0,5.0,3.0,,,,
pwlm6Po61I,5.0,Reject,5.67,Reject,Reject,YES,0.0000,0.0000,5.0,6.0,6.0,,,,
FDve8qGH3M,6.5,Accept,5.00,Reject,Reject,NO,0.0000,0.0000,5.0,6.0,3.0,6.0,,,
tp1QiTH2aa,5.0,Reject,4.50,Reject,Reject,YES,0.0000,0.0000,3.0,5.0,5.0,5.0,,,
dWEDLUmddV,7.0,Accept,5.33,Reject,Reject,NO,0.0000,0.0000,5.0,6.0,5.0,,,,
b89OyrljJD,6.5,Accept,3.67,Reject,Reject,NO,0.0000,0.0000,3.0,3.0,5.0,,,,
1xG3MN1RRW,5.0,Reject,5.20,Reject,Reject,YES,0.0000,0.0000,6.0,6.0,6.0,5.0,3.0,,
5VK1UulEbE,6.0,Accept,4.20,Reject,Reject,NO,0.0000,0.0000,3.0,5.0,3.0,5.0,5.0,,
dp1BH2bK4Y,6.0,Accept,3.00,Reject,Reject,NO,0.0000,0.0000,3.0,3.0,3.0,,,,
yP0iKsinmk,7.0,Accept,5.50,Reject,Reject,NO,0.0000,0.0000,6.0,5.0,6.0,5.0,,,
QHROe7Mfcb,5.0,Reject,4.67,Accept,Accept,NO,0.0000,0.0000,3.0,6.0,5.0,,,,
svp1EBA6hA,6.0,Reject,6.50,Accept,Accept,NO,0.0000,0.0000,6.0,6.0,8.0,6.0,,,
0mdUV1pLGP,7.0,Accept,3.50,Reject,Reject,NO,0.0000,0.0000,3.0,3.0,5.0,3.0,,,
umggmAFhRD,5.5,Reject,4.25,Reject,Reject,YES,0.0000,0.0000,3.0,5.0,6.0,3.0,,,
7essnmWOK5,7.5,Accept,3.50,Reject,Reject,NO,0.0000,0.0000,3.0,3.0,5.0,3.0,,,
moWiYJuSGF,6.5,Accept,6.00,Accept,Accept,YES,0.0000,0.0000,6.0,6.0,6.0,6.0,,,
GvsCOOPxoI,-100.0,Error,6.17,Reject,Reject,NO,0.0000,0.0000,5.0,5.0,8.0,8.0,5.0,6.0,
BYWVwmbqwK,6.0,Accept,5.00,Reject,Reject,NO,0.0000,0.0000,5.0,5.0,5.0,5.0,,,
ckicHjoTgf,6.0,Accept,4.00,Reject,Reject,NO,0.0000,0.0000,5.0,3.0,3.0,5.0,,,
0UvlnHgaii,7.0,Accept,6.00,Accept,Accept,YES,0.0000,0.0000,6.0,6.0,6.0,,,,
fvo6q86NKG,5.0,Reject,4.00,Reject,Reject,YES,0.0000,0.0000,1.0,3.0,5.0,8.0,3.0,,
F61IzZl5jw,6.0,Accept,4.00,Reject,Reject,NO,0.0000,0.0000,5.0,5.0,1.0,5.0,,,
fsEzHMqbkf,7.0,Accept,5.75,Reject,Reject,NO,0.0000,0.0000,6.0,8.0,6.0,3.0,,,
Q3oAX9HoH2,6.0,Reject,4.00,Reject,Reject,YES,0.0000,0.0000,5.0,3.0,3.0,5.0,,,
1ctV3yry3B,2.5,Reject,3.00,Reject,Reject,YES,0.0000,0.0000,1.0,3.0,5.0,3.0,3.0,,
zONMuIVCAT,7.0,Accept,7.00,Accept,Accept,YES,0.0000,0.0000,8.0,8.0,6.0,6.0,,,
d9iHI1eimo,7.5,Accept,6.00,Accept,Accept,YES,0.0000,0.0000,6.0,6.0,6.0,6.0,,,
GjfIZan5jN,7.0,Accept,7.33,Accept,Accept,YES,0.0000,0.0000,8.0,8.0,8.0,6.0,8.0,6.0,
lqHv6dxBkj,-100.0,Error,5.67,Accept,Accept,NO,0.0000,0.0000,6.0,5.0,6.0,,,,
B1nfjxZI6z,5.5,Reject,4.25,Reject,Reject,YES,0.0000,0.0000,3.0,3.0,3.0,8.0,,,
lA6du4Q0Zc,7.0,Accept,3.75,Reject,Reject,NO,0.0000,0.0000,6.0,5.0,3.0,1.0,,,
MtzHEqqUm0,5.0,Reject,3.50,Reject,Reject,YES,0.0000,0.0000,5.0,3.0,3.0,3.0,,,
Pj2qEVzufH,6.0,Accept,6.00,Accept,Accept,YES,0.0000,0.0000,6.0,6.0,6.0,,,,
v49jqwmGtM,5.5,Reject,5.25,Reject,Reject,YES,0.0000,0.0000,5.0,6.0,5.0,5.0,,,
4dtwyV7XyW,7.5,Accept,3.00,Reject,Reject,NO,0.0000,0.0000,5.0,1.0,3.0,3.0,,,
OeH6Fdhv7q,-100.0,Error,6.50,Accept,Accept,NO,0.0000,0.0000,6.0,6.0,6.0,8.0,,,
duyA42HlCK,7.0,Accept,5.25,Accept,Accept,YES,0.0000,0.0000,1.0,6.0,8.0,6.0,,,
EG9nDN3eGB,7.5,Accept,6.67,Accept,Accept,YES,0.0000,0.0000,6.0,6.0,8.0,,,,
oKGDfMrD4A,7.5,Accept,5.75,Reject,Reject,NO,0.0000,0.0000,6.0,6.0,5.0,6.0,,,
2hI3o9GHMq,7.0,Accept,4.33,Reject,Reject,NO,0.0000,0.0000,5.0,3.0,5.0,,,,
rrdNQZRHEm,6.0,Accept,5.43,Reject,Reject,NO,0.0000,0.0000,6.0,8.0,5.0,5.0,5.0,6.0,
N8tJmhCw25,8.5,Accept,6.00,Accept,Accept,YES,0.0000,0.0000,6.0,6.0,6.0,,,,
E4flIscNE6,7.0,Accept,4.50,Reject,Reject,NO,0.0000,0.0000,5.0,5.0,3.0,5.0,,,
GEcwtMk1uA,7.5,Accept,7.33,Accept,Accept,YES,0.0000,0.0000,8.0,8.0,6.0,,,,
X6W5eqhzDx,6.5,Accept,4.67,Reject,Reject,NO,0.0000,0.0000,6.0,5.0,3.0,,,,
O7wTfBLSFn,5.0,Reject,5.00,Reject,Reject,YES,0.0000,0.0000,5.0,6.0,5.0,6.0,3.0,,
UQ0RqfhgCk,5.5,Reject,6.80,Accept,Accept,NO,0.0000,0.0000,6.0,8.0,6.0,8.0,6.0,,
I9aemDuy5b,5.5,Reject,3.50,Reject,Reject,YES,0.0000,0.0000,5.0,3.0,3.0,3.0,,,
Aq35gl2c1k,7.0,Accept,5.00,Accept,Accept,YES,0.0000,0.0000,5.0,1.0,6.0,8.0,,,
2Oiee202rd,6.5,Reject,6.00,Accept,Accept,NO,0.0000,0.0000,6.0,5.0,5.0,8.0,,,
5BjQOUXq7i,5.5,Accept,7.20,Accept,Accept,YES,0.0000,0.0000,8.0,8.0,6.0,6.0,8.0,,
OJUcOLOLXL,7.5,Accept,4.50,Reject,Reject,NO,0.0000,0.0000,3.0,3.0,6.0,6.0,,,
qhkEOCcVX9,7.5,Accept,6.25,Accept,Accept,YES,0.0000,0.0000,3.0,8.0,8.0,6.0,,,
AN6PIiObp0,5.5,Accept,4.83,Reject,Reject,NO,0.0000,0.0000,5.0,5.0,5.0,6.0,3.0,5.0,
oZ8FmnLpCA,5.0,Reject,4.50,Reject,Reject,YES,0.0000,0.0000,3.0,5.0,5.0,5.0,,,
PfZekmXRjN,5.5,Accept,4.00,Reject,Reject,NO,0.0000,0.0000,3.0,6.0,3.0,,,,
iTm4H6N4aG,6.0,Accept,6.25,Accept,Accept,YES,0.0000,0.0000,8.0,6.0,6.0,5.0,,,
LxkgScfHKf,5.5,Reject,4.50,Reject,Reject,YES,0.0000,0.0000,5.0,5.0,3.0,5.0,,,
3ZdGSTxKuy,6.0,Accept,2.00,Reject,Reject,NO,0.0000,0.0000,3.0,3.0,1.0,1.0,,,
UZS6D7GfP1,4.5,Reject,3.50,Reject,Reject,YES,0.0000,0.0000,3.0,3.0,5.0,3.0,,,
kOtFuzoA93,5.0,Reject,4.00,Reject,Reject,YES,0.0000,0.0000,3.0,5.0,3.0,5.0,,,
2ZK8zyIt7o,6.5,Accept,5.75,Accept,Accept,YES,0.0000,0.0000,8.0,3.0,6.0,6.0,,,
tSmkYZ8vU7,7.0,Accept,4.75,Reject,Reject,NO,0.0000,0.0000,3.0,5.0,5.0,6.0,,,
30oIfmrcFO,6.5,Reject,6.25,Accept,Accept,NO,0.0000,0.0000,8.0,6.0,6.0,5.0,,,
qZwtPEw2qN,7.5,Accept,6.80,Accept,Accept,YES,0.0000,0.0000,6.0,6.0,8.0,8.0,6.0,,
fUHoUXGUZp,6.5,Accept,5.50,Reject,Reject,NO,0.0000,0.0000,5.0,3.0,6.0,8.0,,,
E4A7KtLB21,6.0,Reject,4.00,Reject,Reject,YES,0.0000,0.0000,3.0,5.0,5.0,3.0,,,
z3mPLBLfGY,7.5,Accept,6.00,Reject,Reject,NO,0.0000,0.0000,5.0,8.0,5.0,6.0,,,
Ep0TtjVoap,8.5,Accept,6.75,Accept,Accept,YES,0.0000,0.0000,8.0,8.0,5.0,6.0,,,
GT4gMdvVFp,7.0,Accept,5.50,Reject,Reject,NO,0.0000,0.0000,5.0,6.0,5.0,6.0,,,
69Fp4dcmJN,7.5,Accept,7.33,Accept,Accept,YES,0.0000,0.0000,8.0,6.0,8.0,,,,
llFXOrEbG5,5.5,Reject,3.50,Reject,Reject,YES,0.0000,0.0000,5.0,3.0,1.0,5.0,,,
8S14xeFQAY,6.0,Accept,4.67,Reject,Reject,NO,0.0000,0.0000,6.0,5.0,3.0,,,,
cQCrBJHy0C,5.5,Reject,5.75,Reject,Reject,YES,0.0000,0.0000,5.0,5.0,8.0,5.0,,,
ZbOSRZ0JXH,7.0,Accept,3.00,Reject,Reject,NO,0.0000,0.0000,3.0,3.0,3.0,3.0,3.0,,
Sqf4jqKrQy,6.5,Accept,4.25,Reject,Reject,NO,0.0000,0.0000,3.0,6.0,3.0,5.0,,,
l6QnSQizmN,7.0,Accept,7.25,Accept,Accept,YES,0.0000,0.0000,8.0,8.0,8.0,5.0,,,
HfXDrAzFvG,7.0,Accept,6.00,Accept,Accept,YES,0.0000,0.0000,6.0,6.0,6.0,,,,
c4OGMNyzPT,7.0,Accept,6.50,Accept,Accept,YES,0.0000,0.0000,6.0,6.0,6.0,8.0,,,
iUD9FklwQf,8.0,Accept,5.25,Reject,Reject,NO,0.0000,0.0000,5.0,6.0,5.0,5.0,,,
2E2q9t1MFp,5.0,Reject,4.67,Reject,Reject,YES,0.0000,0.0000,5.0,3.0,6.0,,,,
xxaEhwC1I4,4.5,Accept,6.67,Accept,Accept,YES,0.0000,0.0000,6.0,6.0,8.0,,,,
mb2ryuZ3wz,5.0,Reject,5.75,Accept,Accept,NO,0.0000,0.0000,6.0,5.0,6.0,6.0,,,
i0VqD2KaYt,7.5,Accept,6.25,Reject,Reject,NO,0.0000,0.0000,8.0,6.0,5.0,6.0,,,
E2CR6hmV1I,7.0,Accept,3.00,Reject,Reject,NO,0.0000,0.0000,3.0,3.0,3.0,3.0,,,
idpV2AqusC,-100.0,Error,4.00,Reject,Reject,NO,0.0000,0.0000,1.0,6.0,6.0,3.0,,,
6XUSDvBFkV,5.5,Accept,6.00,Accept,Accept,YES,0.0000,0.0000,6.0,5.0,8.0,5.0,,,
MVe2dnWPCu,7.0,Accept,7.50,Accept,Accept,YES,0.0000,0.0000,6.0,8.0,8.0,8.0,,,
ViY73s6j6Q,5.0,Accept,4.33,Reject,Reject,NO,0.0000,0.0000,5.0,5.0,3.0,,,,
ylhiMfpqkm,7.0,Accept,7.00,Accept,Accept,YES,0.0000,0.0000,6.0,8.0,6.0,8.0,,,
jhPvuc7kxB,7.5,Accept,6.50,Accept,Accept,YES,0.0000,0.0000,6.0,8.0,6.0,6.0,,,
KvaDHPhhir,7.0,Accept,6.25,Accept,Accept,YES,0.0000,0.0000,8.0,6.0,5.0,6.0,,,
LnLySuf1vp,4.5,Reject,5.25,Accept,Accept,NO,0.0000,0.0000,3.0,6.0,6.0,6.0,,,
IWHvZE3V9L,6.0,Accept,3.50,Reject,Reject,NO,0.0000,0.0000,3.0,3.0,5.0,3.0,,,
psG83N6GZi,6.0,Reject,4.25,Reject,Reject,YES,0.0000,0.0000,3.0,6.0,5.0,3.0,,,
6Ire5JaobL,7.0,Accept,5.33,Reject,Reject,NO,0.0000,0.0000,5.0,6.0,5.0,,,,
6325Jzc9eR,7.0,Accept,5.20,Reject,Reject,NO,0.0000,0.0000,5.0,5.0,6.0,5.0,5.0,,
uaMSBJDnRv,8.5,Accept,7.00,Accept,Accept,YES,0.0000,0.0000,8.0,6.0,8.0,6.0,,,
Ur4LqAOXIF,5.5,Reject,3.50,Reject,Reject,YES,0.0000,0.0000,5.0,3.0,3.0,3.0,,,
0AHkdAtFW8,7.0,Accept,5.60,Reject,Reject,NO,0.0000,0.0000,6.0,6.0,6.0,5.0,5.0,,
Svy1XoOLXj,5.5,Reject,5.50,Reject,Reject,YES,0.0000,0.0000,6.0,5.0,6.0,5.0,,,
FDMlGhExFp,7.0,Accept,5.25,Reject,Reject,NO,0.0000,0.0000,3.0,5.0,5.0,8.0,,,
4CFVPCYfJ9,6.5,Accept,6.00,Reject,Reject,NO,0.0000,0.0000,5.0,8.0,5.0,6.0,,,
esh9JYzmTq,6.0,Reject,4.67,Reject,Reject,YES,0.0000,0.0000,5.0,3.0,6.0,,,,
SPu6k4OZkj,5.5,Reject,5.25,Reject,Reject,YES,0.0000,0.0000,3.0,8.0,5.0,5.0,,,
fRmfDqZ2yq,6.5,Accept,5.25,Reject,Reject,NO,0.0000,0.0000,5.0,5.0,6.0,5.0,,,
kNPcOaqC5r,8.0,Accept,5.75,Accept,Accept,YES,0.0000,0.0000,5.0,8.0,5.0,5.0,,,
2qLSkTuqrb,5.5,Reject,4.75,Reject,Reject,YES,0.0000,0.0000,5.0,3.0,6.0,5.0,,,
TkXisc47la,6.0,Accept,3.50,Reject,Reject,NO,0.0000,0.0000,3.0,5.0,3.0,3.0,,,
RL7PycCtAO,4.5,Reject,5.75,Accept,Accept,NO,0.0000,0.0000,6.0,6.0,6.0,5.0,,,
tUM39YTRxH,7.5,Accept,7.00,Accept,Accept,YES,0.0000,0.0000,8.0,6.0,8.0,6.0,,,
Sc382pFw86,6.5,Accept,5.25,Reject,Reject,NO,0.0000,0.0000,5.0,5.0,6.0,5.0,,,
ZPCBcR7Drg,5.5,Reject,5.00,Reject,Reject,YES,0.0000,0.0000,5.0,6.0,3.0,6.0,5.0,,
ElYRG3pJcv,5.5,Reject,4.25,Reject,Reject,YES,0.0000,0.0000,3.0,3.0,6.0,5.0,,,
e9iRAkEJQ1,7.5,Accept,4.75,Reject,Reject,NO,0.0000,0.0000,3.0,5.0,8.0,3.0,,,
UYqssWc7TC,7.5,Accept,3.67,Reject,Reject,NO,0.0000,0.0000,5.0,3.0,3.0,,,,
bGkPZtisSm,5.0,Reject,5.25,Reject,Reject,YES,0.0000,0.0000,5.0,5.0,5.0,6.0,,,
xzKFnsJIXL,7.5,Accept,6.50,Accept,Accept,YES,0.0000,0.0000,6.0,6.0,8.0,6.0,,,
fvTaoyH96Z,5.0,Reject,2.33,Reject,Reject,YES,0.0000,0.0000,3.0,3.0,1.0,,,,
htDczodFN5,5.0,Reject,6.50,Accept,Accept,NO,0.0000,0.0000,6.0,6.0,6.0,8.0,,,
QC2qE1tcmd,5.0,Reject,6.80,Accept,Accept,NO,0.0000,0.0000,8.0,8.0,6.0,6.0,6.0,,
FR2WQcwjG4,7.5,Accept,5.60,Reject,Reject,NO,0.0000,0.0000,6.0,5.0,8.0,6.0,3.0,,
Iv4NCR9wzg,5.5,Reject,3.50,Reject,Reject,YES,0.0000,0.0000,3.0,3.0,3.0,5.0,,,
zEhTnQZB3D,5.0,Reject,2.33,Reject,Reject,YES,0.0000,0.0000,3.0,3.0,1.0,,,,
eNCyY81aW6,5.5,Reject,5.00,Reject,Reject,YES,0.0000,0.0000,3.0,6.0,3.0,8.0,,,
vJwjWyt4Ed,6.5,Accept,5.40,Accept,Accept,YES,0.0000,0.0000,6.0,6.0,6.0,6.0,3.0,,
XpU1twhp3u,7.0,Accept,3.50,Reject,Reject,NO,0.0000,0.0000,3.0,5.0,3.0,3.0,,,
4RHdGVimNA,6.5,Accept,3.50,Reject,Reject,NO,0.0000,0.0000,3.0,3.0,3.0,5.0,,,
2H6KhX1kJr,5.5,Reject,3.00,Reject,Reject,YES,0.0000,0.0000,3.0,3.0,3.0,3.0,,,
16kG5aNleS,6.0,Reject,6.25,Accept,Accept,NO,0.0000,0.0000,6.0,6.0,8.0,5.0,,,
ZjuEPZJsa3,6.0,Reject,5.75,Reject,Reject,YES,0.0000,0.0000,8.0,6.0,3.0,6.0,,,
QyNN5n37nK,6.5,Accept,5.75,Reject,Reject,NO,0.0000,0.0000,6.0,6.0,5.0,6.0,,,
o0BEth0Po3,6.0,Accept,4.00,Reject,Reject,NO,0.0000,0.0000,3.0,5.0,6.0,3.0,3.0,,
3Gga05Jdmj,7.5,Accept,6.00,Accept,Accept,YES,0.0000,0.0000,6.0,6.0,6.0,6.0,,,
4wk2eOKGvh,7.5,Accept,6.50,Accept,Accept,YES,0.0000,0.0000,6.0,6.0,8.0,6.0,,,
BapOwAzicb,5.0,Reject,5.25,Reject,Reject,YES,0.0000,0.0000,6.0,6.0,3.0,6.0,,,
I5lcjmFmlc,7.5,Accept,8.00,Reject,Reject,NO,0.0000,0.0000,8.0,8.0,8.0,,,,
pBugl1EIkm,6.5,Accept,3.50,Reject,Reject,NO,0.0000,0.0000,3.0,3.0,3.0,5.0,,,
iN7EIQRUbF,6.5,Accept,5.00,Reject,Reject,NO,0.0000,0.0000,5.0,5.0,5.0,5.0,,,
krx55l2A6G,7.0,Accept,6.20,Accept,Accept,YES,0.0000,0.0000,6.0,6.0,6.0,8.0,5.0,,
LemSSn8htt,7.0,Accept,6.67,Accept,Accept,YES,0.0000,0.0000,6.0,6.0,8.0,,,,
kuhIqeVg0e,6.5,Accept,5.75,Accept,Accept,YES,0.0000,0.0000,5.0,6.0,6.0,6.0,,,
3i4OShnmnG,4.0,Reject,3.75,Reject,Reject,YES,0.0000,0.0000,3.0,3.0,3.0,6.0,,,
9spNhEw6qf,5.0,Reject,3.50,Reject,Reject,YES,0.0000,0.0000,3.0,5.0,3.0,3.0,,,
ztpy1gsUpT,6.5,Accept,6.00,Accept,Accept,YES,0.0000,0.0000,6.0,6.0,6.0,6.0,,,
4hPwLg7zD3,6.5,Accept,6.25,Accept,Accept,YES,0.0000,0.0000,6.0,5.0,6.0,8.0,,,
GLmOWcqvE3,4.5,Reject,5.25,Reject,Reject,YES,0.0000,0.0000,5.0,5.0,5.0,6.0,,,
kUveo5k1GF,6.5,Reject,6.25,Accept,Accept,NO,0.0000,0.0000,6.0,8.0,6.0,5.0,,,
7xCSK9BLPy,7.5,Accept,7.33,Accept,Accept,YES,0.0000,0.0000,8.0,6.0,8.0,,,,
Frhj9T7ihK,5.0,Reject,3.00,Reject,Reject,YES,0.0000,0.0000,3.0,1.0,3.0,5.0,,,
84Hk01tFKq,6.0,Accept,5.75,Reject,Reject,NO,0.0000,0.0000,5.0,8.0,5.0,5.0,,,
TId1SHe8JG,6.0,Reject,7.50,Accept,Accept,NO,0.0000,0.0000,8.0,8.0,8.0,6.0,,,
VUA9LSmC2r,5.5,Reject,4.00,Reject,Reject,YES,0.0000,0.0000,3.0,5.0,3.0,5.0,,,
QRgT26JlAx,6.5,Reject,5.25,Reject,Reject,YES,0.0000,0.0000,5.0,3.0,5.0,8.0,,,
DUkYDXqxKp,5.5,Reject,4.75,Reject,Reject,YES,0.0000,0.0000,6.0,5.0,3.0,5.0,,,
Bx5kcMkb8l,5.0,Reject,3.00,Reject,Reject,YES,0.0000,0.0000,3.0,3.0,3.0,,,,
QB8dHqVoDw,6.5,Accept,4.75,Reject,Reject,NO,0.0000,0.0000,5.0,5.0,3.0,6.0,,,
gw4hYNFUIC,5.5,Reject,3.75,Reject,Reject,YES,0.0000,0.0000,3.0,6.0,3.0,3.0,,,
CpgWRFqxhD,7.0,Accept,4.67,Reject,Reject,NO,0.0000,0.0000,3.0,6.0,5.0,,,,
rOpK0ToM3o,6.0,Accept,4.25,Reject,Reject,NO,0.0000,0.0000,3.0,3.0,6.0,5.0,,,
31UkFGMy8t,6.5,Accept,5.25,Reject,Reject,NO,0.0000,0.0000,8.0,3.0,5.0,5.0,,,
ut9aUpFZFr,5.0,Reject,4.67,Reject,Reject,YES,0.0000,0.0000,5.0,6.0,3.0,,,,
C5u71ph75Q,7.0,Accept,5.67,Reject,Reject,NO,0.0000,0.0000,5.0,6.0,6.0,,,,
VTG68CNUCf,4.5,Reject,4.00,Reject,Reject,YES,0.0000,0.0000,3.0,3.0,5.0,5.0,,,
53xxT3LwJB,5.5,Reject,5.25,Reject,Reject,YES,0.0000,0.0000,5.0,5.0,5.0,6.0,,,
ESM2ixIp3X,7.0,Accept,3.50,Reject,Reject,NO,0.0000,0.0000,3.0,3.0,5.0,3.0,,,
DJRd4IQHGQ,6.0,Accept,5.25,Reject,Reject,NO,0.0000,0.0000,5.0,5.0,5.0,6.0,,,
RcmJ9NpqeA,5.0,Reject,5.00,Reject,Reject,YES,0.0000,0.0000,5.0,5.0,5.0,5.0,,,
dWEDLUmddV,7.5,Accept,5.33,Reject,Reject,NO,0.0000,0.0000,5.0,6.0,5.0,,,,
V5ns6uvRZ9,8.0,Accept,6.00,Accept,Accept,YES,0.0000,0.0000,8.0,5.0,5.0,,,,
yj9lLwMjnE,7.5,Accept,6.00,Accept,Accept,YES,0.0000,0.0000,5.0,5.0,8.0,6.0,6.0,,
OBUQNASaWw,5.0,Reject,5.40,Accept,Accept,NO,0.0000,0.0000,5.0,8.0,6.0,5.0,3.0,,
ejEIlXRShF,5.5,Reject,5.00,Reject,Reject,YES,0.0000,0.0000,8.0,6.0,3.0,3.0,5.0,,
ipQrjRsl11,7.0,Accept,6.20,Accept,Accept,YES,0.0000,0.0000,6.0,8.0,5.0,6.0,6.0,,
qDMyhAxok3,7.0,Accept,4.67,Reject,Reject,NO,0.0000,0.0000,6.0,3.0,5.0,,,,
WzCEiBILHu,7.5,Accept,7.50,Accept,Accept,YES,0.0000,0.0000,8.0,8.0,8.0,6.0,,,
ulaUJFd96G,8.0,Accept,6.25,Accept,Accept,YES,0.0000,0.0000,8.0,6.0,3.0,8.0,,,
mmGc0TR8zB,6.5,Accept,5.50,Reject,Reject,NO,0.0000,0.0000,3.0,5.0,6.0,8.0,,,
vszlHtUvSR,5.0,Reject,3.00,Reject,Reject,YES,0.0000,0.0000,1.0,3.0,5.0,,,,
7oT1X8xjIk,5.5,Reject,5.80,Reject,Reject,YES,0.0000,0.0000,6.0,5.0,5.0,8.0,5.0,,
MRYyOaNxh3,8.0,Accept,6.50,Accept,Accept,YES,0.0000,0.0000,6.0,6.0,8.0,6.0,,,
DwcV654WBP,7.5,Accept,6.50,Reject,Reject,NO,0.0000,0.0000,5.0,8.0,5.0,8.0,,,
0ctvBgKFgc,8.5,Accept,8.00,Accept,Accept,YES,0.0000,0.0000,8.0,8.0,8.0,8.0,,,
APWIZgehDT,7.0,Accept,6.00,Reject,Reject,NO,0.0000,0.0000,6.0,6.0,6.0,6.0,,,
vf5aUZT0Fz,6.0,Accept,8.00,Accept,Accept,YES,0.0000,0.0000,8.0,8.0,8.0,,,,
QVBeBPsmy0,7.0,Accept,4.50,Reject,Reject,NO,0.0000,0.0000,5.0,5.0,3.0,5.0,,,
ToVvoHpk4L,6.5,Accept,4.33,Reject,Reject,NO,0.0000,0.0000,5.0,3.0,5.0,,,,
NPViqdhTIi,6.0,Accept,4.75,Reject,Reject,NO,0.0000,0.0000,3.0,8.0,3.0,5.0,,,
70YeidEcYR,7.5,Accept,5.25,Reject,Reject,NO,0.0000,0.0000,3.0,6.0,6.0,6.0,,,
7mdi1i1mSd,5.5,Reject,5.40,Reject,Reject,YES,0.0000,0.0000,3.0,6.0,8.0,5.0,5.0,,
eUEMjwh5wK,1.0,Reject,6.00,Accept,Accept,NO,0.0000,0.0000,6.0,6.0,6.0,6.0,,,
xA8WW2dlTX,5.5,Reject,4.40,Reject,Reject,YES,0.0000,0.0000,6.0,5.0,3.0,5.0,3.0,,
DTqx3iqjkz,7.0,Accept,6.25,Accept,Accept,YES,0.0000,0.0000,5.0,6.0,6.0,8.0,,,
U0SijGsCHJ,6.5,Accept,6.40,Accept,Accept,YES,0.0000,0.0000,8.0,5.0,8.0,5.0,6.0,,
ISqx8giekS,7.0,Accept,5.17,Accept,Accept,YES,0.0000,0.0000,6.0,6.0,6.0,3.0,5.0,5.0,
xawA8X5dHq,6.5,Reject,4.00,Reject,Reject,YES,0.0000,0.0000,3.0,3.0,5.0,5.0,,,
YRXDl6I3j5,6.5,Accept,3.67,Reject,Reject,NO,0.0000,0.0000,5.0,1.0,5.0,,,,
Ombm8S40zN,7.5,Accept,6.25,Accept,Accept,YES,0.0000,0.0000,8.0,6.0,6.0,5.0,,,
DoDNJdDntB,7.0,Accept,4.20,Reject,Reject,NO,0.0000,0.0000,3.0,3.0,3.0,6.0,6.0,,
Wf2ndb8nhf,7.5,Accept,6.33,Accept,Accept,YES,0.0000,0.0000,5.0,6.0,8.0,,,,
38E4yUbrgr,5.5,Reject,6.00,Accept,Accept,NO,0.0000,0.0000,6.0,8.0,3.0,8.0,5.0,,
Xn4Je0CxC6,6.0,Accept,3.50,Reject,Reject,NO,0.0000,0.0000,5.0,3.0,3.0,3.0,,,
UyBMzsFThf,6.5,Accept,5.25,Reject,Reject,NO,0.0000,0.0000,5.0,5.0,5.0,6.0,,,
4pRwkYpa2u,8.0,Accept,6.00,Accept,Accept,YES,0.0000,0.0000,6.0,6.0,6.0,6.0,6.0,,
JZLon6cvx8,7.5,Accept,5.25,Accept,Accept,YES,0.0000,0.0000,6.0,3.0,6.0,6.0,,,
t3gOYtv1xV,7.0,Accept,4.25,Reject,Reject,NO,0.0000,0.0000,1.0,5.0,6.0,5.0,,,
J5sUOvlLbQ,7.0,Accept,5.75,Accept,Accept,YES,0.0000,0.0000,6.0,6.0,6.0,5.0,,,
K3jv45pptT,4.0,Accept,5.25,Reject,Reject,NO,0.0000,0.0000,5.0,5.0,6.0,5.0,,,
W49UjcpGxx,6.5,Accept,5.50,Accept,Accept,YES,0.0000,0.0000,5.0,6.0,6.0,5.0,,,
aQ7qYnY2nF,6.0,Reject,4.00,Reject,Reject,YES,0.0000,0.0000,3.0,5.0,5.0,3.0,,,
aMBSY2ebPw,4.0,Accept,7.33,Accept,Accept,YES,0.0000,0.0000,8.0,8.0,6.0,,,,
Xlayxj2fWp,8.0,Accept,6.67,Accept,Accept,YES,0.0000,0.0000,8.0,6.0,6.0,,,,
fsmEuS5ZNg,6.0,Accept,3.00,Reject,Reject,NO,0.0000,0.0000,1.0,5.0,3.0,,,,
WSze9IIN3d,7.0,Accept,4.00,Reject,Reject,NO,0.0000,0.0000,5.0,5.0,3.0,3.0,,,
EzB0n8aRqI,6.0,Accept,4.67,Reject,Reject,NO,0.0000,0.0000,6.0,3.0,5.0,,,,
lDbjooxLkD,6.5,Accept,6.00,Accept,Accept,YES,0.0000,0.0000,5.0,8.0,5.0,6.0,,,
9k4Yvb75ED,7.0,Accept,3.75,Reject,Reject,NO,0.0000,0.0000,3.0,3.0,6.0,3.0,,,
w50MQ9Vfty,6.0,Accept,5.50,Accept,Accept,YES,0.0000,0.0000,6.0,5.0,6.0,5.0,,,
MrR3rMxqqv,7.5,Accept,7.50,Accept,Accept,YES,0.0000,0.0000,6.0,8.0,8.0,8.0,,,
wi8wMFuO0H,5.0,Reject,3.00,Reject,Reject,YES,0.0000,0.0000,3.0,1.0,3.0,5.0,,,
R1crLHQ4kf,6.0,Accept,5.00,Reject,Reject,NO,0.0000,0.0000,5.0,5.0,5.0,5.0,,,
Kb1bIuGuax,6.5,Accept,4.75,Reject,Reject,NO,0.0000,0.0000,5.0,6.0,3.0,5.0,,,
UgTrngiN16,7.0,Accept,5.00,Reject,Reject,NO,0.0000,0.0000,1.0,6.0,6.0,8.0,6.0,3.0,
ZMZc3KqjEb,7.5,Accept,4.60,Reject,Reject,NO,0.0000,0.0000,6.0,6.0,3.0,5.0,3.0,,
5EtSvYUU0v,7.0,Accept,6.00,Reject,Reject,NO,0.0000,0.0000,5.0,8.0,3.0,8.0,,,
O6DKGUwv0m,4.5,Reject,5.00,Reject,Reject,YES,0.0000,0.0000,5.0,5.0,5.0,,,,
pNgyXuGcx4,3.0,Accept,4.75,Reject,Reject,NO,0.0000,0.0000,5.0,6.0,5.0,3.0,,,
tUiYbVqcuQ,4.5,Reject,3.00,Reject,Reject,YES,0.0000,0.0000,3.0,3.0,3.0,,,,
NLPzL6HWNl,5.0,Reject,5.50,Accept,Accept,NO,0.0000,0.0000,6.0,5.0,5.0,6.0,,,
dyzdDSzoKi,6.0,Reject,4.50,Reject,Reject,YES,0.0000,0.0000,5.0,5.0,3.0,5.0,,,
VzPGV19Bnp,5.0,Reject,4.75,Reject,Reject,YES,0.0000,0.0000,5.0,5.0,6.0,3.0,,,
fmoknhh7CH,7.5,Accept,5.20,Reject,Reject,NO,0.0000,0.0000,5.0,5.0,6.0,5.0,5.0,,
Nb3a8aUGfj,6.0,Reject,5.33,Accept,Accept,NO,0.0000,0.0000,6.0,5.0,6.0,6.0,6.0,3.0,
MZ324wU7Hj,6.0,Accept,6.00,Reject,Reject,NO,0.0000,0.0000,6.0,5.0,5.0,8.0,,,
RL6R5ryuL5,6.5,Accept,3.50,Reject,Reject,NO,0.0000,0.0000,3.0,3.0,5.0,3.0,,,
xXtD9P2lvH,4.5,Reject,5.75,Reject,Reject,YES,0.0000,0.0000,6.0,6.0,5.0,6.0,,,
ervzSmtQyY,7.0,Accept,3.00,Reject,Reject,NO,0.0000,0.0000,3.0,3.0,3.0,3.0,,,
SwRlpDKrY9,4.0,Reject,5.20,Reject,Reject,YES,0.0000,0.0000,5.0,8.0,5.0,5.0,3.0,,
LnxviiZ1xi,6.5,Accept,3.00,Reject,Reject,NO,0.0000,0.0000,3.0,3.0,3.0,,,,
SPS6HzVzyt,7.5,Accept,8.00,Accept,Accept,YES,0.0000,0.0000,8.0,8.0,8.0,8.0,,,
R3Tf7LDdX4,6.0,Accept,6.00,Accept,Accept,YES,0.0000,0.0000,6.0,6.0,6.0,6.0,,,
RtOTTdWbZd,5.5,Reject,5.25,Reject,Reject,YES,0.0000,0.0000,5.0,8.0,3.0,5.0,,,
pWrcpPsVas,6.5,Accept,4.25,Reject,Reject,NO,0.0000,0.0000,5.0,6.0,3.0,3.0,,,
xAZLCWbsTF,5.5,Reject,4.00,Reject,Reject,YES,0.0000,0.0000,5.0,5.0,3.0,3.0,,,
TUUjIWntkU,4.0,Reject,2.50,Reject,Reject,YES,0.0000,0.0000,3.0,3.0,3.0,1.0,,,
RKXcTwWqVa,6.5,Accept,5.20,Reject,Reject,NO,0.0000,0.0000,5.0,5.0,6.0,5.0,5.0,,
qm46g9Ri15,5.5,Reject,5.25,Reject,Reject,YES,0.0000,0.0000,5.0,6.0,5.0,5.0,,,
mLxxv5gts0,6.0,Reject,3.80,Reject,Reject,YES,0.0000,0.0000,1.0,5.0,5.0,5.0,3.0,,
di52zR8xgf,7.5,Accept,8.00,Accept,Accept,YES,0.0000,0.0000,8.0,8.0,8.0,8.0,,,
q2VK1Z8XFo,7.0,Accept,4.67,Reject,Reject,NO,0.0000,0.0000,3.0,6.0,5.0,,,,
Sxi6gBtJcI,4.5,Reject,3.00,Reject,Reject,YES,0.0000,0.0000,3.0,3.0,3.0,,,,
WVWZ6SnM4t,6.0,Accept,4.75,Reject,Reject,NO,0.0000,0.0000,8.0,5.0,3.0,3.0,,,
CWoIj2XJuT,6.0,Accept,4.50,Reject,Reject,NO,0.0000,0.0000,3.0,5.0,5.0,5.0,,,
kPC83HK4br,6.0,Reject,6.50,Accept,Accept,NO,0.0000,0.0000,6.0,8.0,6.0,6.0,,,
73Q9U0vcja,7.5,Accept,6.00,Reject,Reject,NO,0.0000,0.0000,6.0,5.0,8.0,5.0,,,
E4Ero36Zr4,6.0,Accept,4.40,Reject,Reject,NO,0.0000,0.0000,6.0,3.0,5.0,5.0,3.0,,
plebgsdiiV,6.5,Accept,7.33,Accept,Accept,YES,0.0000,0.0000,8.0,8.0,6.0,,,,
E64ZqVCr72,5.0,Reject,5.25,Reject,Reject,YES,0.0000,0.0000,6.0,6.0,6.0,3.0,,,
kS27PPs3yR,7.0,Accept,5.00,Reject,Reject,NO,0.0000,0.0000,5.0,5.0,5.0,5.0,,,
tGOOP7DGxs,6.0,Accept,5.00,Reject,Reject,NO,0.0000,0.0000,5.0,5.0,5.0,5.0,,,
zLHP6QDWYp,5.0,Reject,3.80,Reject,Reject,YES,0.0000,0.0000,3.0,3.0,5.0,3.0,5.0,,
stcN89QGfL,7.0,Accept,5.67,Reject,Reject,NO,0.0000,0.0000,5.0,6.0,6.0,3.0,8.0,6.0,
gJG4IPwg6l,6.5,Accept,6.25,Accept,Accept,YES,0.0000,0.0000,6.0,8.0,6.0,5.0,,,
urQi0TgXFY,6.0,Accept,5.00,Reject,Reject,NO,0.0000,0.0000,6.0,5.0,3.0,6.0,,,
BSqVfAFJWz,6.0,Accept,5.00,Reject,Reject,NO,0.0000,0.0000,6.0,5.0,6.0,3.0,,,
VRRuYBaq9u,6.5,Accept,3.25,Reject,Reject,NO,0.0000,0.0000,3.0,1.0,6.0,3.0,,,
CMqOfvD3tO,7.0,Accept,6.80,Accept,Accept,YES,0.0000,0.0000,8.0,8.0,6.0,6.0,6.0,,
I9bEi6LNgt,7.5,Accept,6.40,Accept,Accept,YES,0.0000,0.0000,8.0,6.0,6.0,6.0,6.0,,
PnZ2lbQaao,2.0,Reject,4.75,Reject,Reject,YES,0.0000,0.0000,6.0,3.0,5.0,5.0,,,
xJEd8PkdNz,7.0,Accept,7.00,Accept,Accept,YES,0.0000,0.0000,8.0,6.0,6.0,8.0,,,
fg772k6x6U,6.0,Reject,5.50,Reject,Reject,YES,0.0000,0.0000,6.0,5.0,6.0,5.0,,,
1KLBvrYz3V,7.0,Accept,7.50,Accept,Accept,YES,0.0000,0.0000,8.0,6.0,8.0,8.0,,,
VWBYDo5NaM,6.0,Accept,4.33,Reject,Reject,NO,0.0000,0.0000,5.0,3.0,5.0,,,,
3lDxKQepvn,6.5,Accept,5.75,Reject,Reject,NO,0.0000,0.0000,6.0,3.0,6.0,8.0,,,
uSV07DapJx,5.0,Reject,4.50,Reject,Reject,YES,0.0000,0.0000,5.0,3.0,5.0,5.0,,,
GkeTXeujW0,7.0,Accept,4.25,Reject,Reject,NO,0.0000,0.0000,3.0,6.0,3.0,5.0,,,
PTgTlj6x0W,6.0,Accept,6.25,Reject,Reject,NO,0.0000,0.0000,8.0,6.0,5.0,6.0,,,
FZfWQFrdBT,7.0,Accept,5.50,Reject,Reject,NO,0.0000,0.0000,5.0,6.0,5.0,6.0,,,
TbOcySs6g8,7.0,Accept,2.50,Reject,Reject,NO,0.0000,0.0000,5.0,1.0,3.0,1.0,,,
z1Jq1PLQWs,7.0,Accept,5.67,Reject,Reject,NO,0.0000,0.0000,5.0,6.0,6.0,6.0,6.0,5.0,
kaGA40pfFY,97.4,Reject,6.50,Reject,Reject,YES,0.0000,0.0000,6.0,8.0,6.0,6.0,,,
iinqdeuA8x,7.0,Accept,4.80,Reject,Reject,NO,0.0000,0.0000,5.0,5.0,6.0,5.0,3.0,,
MSlF3GvUXI,4.0,Reject,6.67,Reject,Reject,YES,0.0000,0.0000,6.0,6.0,8.0,,,,
S2oTVrlcp3,6.0,Reject,6.75,Accept,Accept,NO,0.0000,0.0000,8.0,6.0,5.0,8.0,,,
DCg9r2DKKe,5.0,Reject,2.50,Reject,Reject,YES,0.0000,0.0000,3.0,3.0,3.0,1.0,,,
lR3rk7ysXz,7.5,Accept,7.00,Accept,Accept,YES,0.0000,0.0000,8.0,6.0,8.0,6.0,,,
fs2Z2z3GRx,6.5,Accept,6.00,Accept,Accept,YES,0.0000,0.0000,6.0,6.0,6.0,6.0,,,
We5z3UEnUY,7.5,Accept,6.50,Accept,Accept,YES,0.0000,0.0000,6.0,6.0,8.0,6.0,,,
MKEHCx25xp,7.0,Accept,7.33,Accept,Accept,YES,0.0000,0.0000,8.0,6.0,8.0,,,,
pxwJU6rTAv,4.5,Reject,4.75,Reject,Reject,YES,0.0000,0.0000,5.0,3.0,5.0,6.0,,,
FhbZ1PQCaG,5.5,Reject,5.75,Reject,Reject,YES,0.0000,0.0000,6.0,6.0,6.0,5.0,,,
YvtiTdXjfn,7.0,Accept,5.33,Reject,Reject,NO,0.0000,0.0000,6.0,5.0,5.0,,,,
KJFyOwAnLR,7.0,Accept,4.00,Reject,Reject,NO,0.0000,0.0000,3.0,6.0,3.0,,,,
jqVj8vCQsT,7.0,Accept,5.60,Accept,Accept,YES,0.0000,0.0000,3.0,6.0,8.0,8.0,3.0,,
kBNIx4Biq4,7.5,Accept,6.50,Accept,Accept,YES,0.0000,0.0000,8.0,5.0,8.0,5.0,,,
LUEe72DwPG,7.0,Accept,4.75,Reject,Reject,NO,0.0000,0.0000,5.0,5.0,3.0,6.0,,,
4Sv5MQ931E,7.5,Accept,5.00,Reject,Reject,NO,0.0000,0.0000,5.0,3.0,6.0,6.0,,,
dIK7GpOwNY,6.0,Accept,3.00,Reject,Reject,NO,0.0000,0.0000,3.0,3.0,3.0,3.0,,,
6I7UsvlDPj,6.0,Accept,5.67,Reject,Reject,NO,0.0000,0.0000,5.0,6.0,6.0,,,,
dxoryzjsCW,7.0,Accept,4.50,Reject,Reject,NO,0.0000,0.0000,3.0,3.0,6.0,6.0,,,
YKzGrt3m2g,7.5,Accept,4.25,Reject,Reject,NO,0.0000,0.0000,5.0,6.0,3.0,3.0,,,
HXoq9EqR9e,6.5,Reject,6.50,Accept,Accept,NO,0.0000,0.0000,6.0,8.0,6.0,6.0,,,
TTWxMAwS6n,6.5,Accept,4.33,Reject,Reject,NO,0.0000,0.0000,3.0,5.0,5.0,,,,
F4bmOrmUwc,4.5,Reject,5.75,Accept,Accept,NO,0.0000,0.0000,6.0,6.0,6.0,5.0,,,
48nAxwEyQ0,4.5,Reject,3.50,Reject,Reject,YES,0.0000,0.0000,5.0,5.0,3.0,1.0,,,
vBw8JGBJWj,6.0,Accept,4.33,Accept,Accept,YES,0.0000,0.0000,5.0,3.0,5.0,,,,
aVyJwS1fqQ,7.0,Accept,4.67,Reject,Reject,NO,0.0000,0.0000,3.0,5.0,6.0,,,,
9xsXEj2ile,5.5,Reject,6.50,Reject,Reject,YES,0.0000,0.0000,6.0,8.0,6.0,6.0,,,
IcbC9F9xJ7,7.0,Accept,6.50,Reject,Reject,NO,0.0000,0.0000,8.0,6.0,6.0,6.0,,,
QFYVVwiAM8,6.0,Accept,6.00,Accept,Accept,YES,0.0000,0.0000,6.0,6.0,6.0,6.0,,,
JSlTXa6WE6,5.5,Accept,5.50,Reject,Reject,NO,0.0000,0.0000,5.0,6.0,6.0,5.0,,,
r4Q86nBQka,6.0,Accept,5.00,Reject,Reject,NO,0.0000,0.0000,3.0,6.0,5.0,6.0,,,
TyycdsNeeg,6.5,Accept,5.60,Reject,Reject,NO,0.0000,0.0000,8.0,6.0,3.0,6.0,5.0,,
ihHeqPLRDk,6.0,Accept,4.75,Reject,Reject,NO,0.0000,0.0000,5.0,5.0,3.0,6.0,,,
QhnPrsZ38V,4.0,Reject,3.80,Reject,Reject,YES,0.0000,0.0000,3.0,5.0,1.0,5.0,5.0,,
SoUwcVplq4,6.0,Reject,7.00,Accept,Accept,NO,0.0000,0.0000,6.0,6.0,8.0,8.0,,,
pXUAiJshdh,7.0,Accept,5.50,Reject,Reject,NO,0.0000,0.0000,5.0,6.0,5.0,6.0,,,
an3jH2qD2r,7.0,Accept,6.00,Reject,Reject,NO,0.0000,0.0000,5.0,8.0,6.0,5.0,,,
LPG8pPSfQD,5.5,Accept,6.75,Accept,Accept,YES,0.0000,0.0000,6.0,5.0,8.0,8.0,,,
SFuEabyr4v,8.0,Accept,4.75,Reject,Reject,NO,0.0000,0.0000,1.0,6.0,6.0,6.0,,,
iIrvKrtwnZ,4.5,Reject,6.00,Reject,Reject,YES,0.0000,0.0000,5.0,8.0,5.0,6.0,,,
oCdIo9757e,7.5,Accept,7.00,Accept,Accept,YES,0.0000,0.0000,6.0,6.0,8.0,8.0,,,
6PmJoRfdaK,7.5,Accept,7.00,Accept,Accept,YES,0.0000,0.0000,6.0,8.0,8.0,6.0,,,
KBSHR4h8XV,7.5,Accept,3.33,Reject,Reject,NO,0.0000,0.0000,6.0,3.0,1.0,,,,
v3XabZsB7j,5.0,Reject,2.00,Reject,Reject,YES,0.0000,0.0000,1.0,3.0,1.0,3.0,,,
xiyzCfXTS6,6.5,Accept,5.50,Accept,Accept,YES,0.0000,0.0000,8.0,8.0,3.0,3.0,,,
8IuKza9dxJ,4.5,Reject,3.75,Reject,Reject,YES,0.0000,0.0000,3.0,6.0,3.0,3.0,,,
iGV6Sg5bI0,5.5,Reject,5.20,Reject,Reject,YES,0.0000,0.0000,6.0,8.0,1.0,3.0,8.0,,
kN25ggeq1J,6.5,Reject,5.67,Accept,Accept,NO,0.0000,0.0000,5.0,6.0,6.0,,,,
zCJqgXnV7f,6.0,Reject,4.25,Reject,Reject,YES,0.0000,0.0000,6.0,5.0,3.0,3.0,,,
uWUovmBRUq,8.0,Accept,4.00,Reject,Reject,NO,0.0000,0.0000,3.0,5.0,5.0,3.0,,,
Nf4Lm6fXN8,6.5,Accept,6.50,Accept,Accept,YES,0.0000,0.0000,6.0,6.0,6.0,8.0,,,
FR2WQcwjG4,6.0,Accept,5.60,Reject,Reject,NO,0.0000,0.0000,6.0,5.0,8.0,6.0,3.0,,
tGsumqfOUk,7.5,Accept,4.75,Reject,Reject,NO,0.0000,0.0000,5.0,5.0,3.0,6.0,,,
mFzpBaTLGK,6.5,Accept,3.50,Reject,Reject,NO,0.0000,0.0000,3.0,3.0,5.0,3.0,,,
eUgS9Ig8JG,6.0,Accept,7.00,Accept,Accept,YES,0.0000,0.0000,8.0,8.0,6.0,6.0,,,
hPpyUv1XyQ,7.0,Accept,5.25,Accept,Accept,YES,0.0000,0.0000,3.0,8.0,5.0,5.0,,,
eAKmQPe3m1,7.5,Accept,7.00,Accept,Accept,YES,0.0000,0.0000,8.0,6.0,8.0,6.0,,,
lkRjnNW0gb,4.5,Reject,5.67,Reject,Reject,YES,0.0000,0.0000,5.0,6.0,6.0,,,,
B2N0nCVC91,7.0,Accept,6.50,Accept,Accept,YES,0.0000,0.0000,8.0,6.0,6.0,6.0,,,
1OyE9IK0kx,5.0,Accept,5.00,Reject,Reject,NO,0.0000,0.0000,6.0,5.0,5.0,3.0,3.0,8.0,
DpFeMH4l8Q,6.0,Accept,5.67,Accept,Accept,YES,0.0000,0.0000,6.0,5.0,6.0,,,,
a3PmRgAB5T,8.0,Accept,6.00,Accept,Accept,YES,0.0000,0.0000,6.0,6.0,6.0,6.0,,,
NJqsHgxcKh,6.0,Accept,4.67,Reject,Reject,NO,0.0000,0.0000,3.0,5.0,6.0,,,,
ZaOHSBGOhV,7.0,Accept,4.00,Reject,Reject,NO,0.0000,0.0000,5.0,3.0,5.0,3.0,3.0,5.0,
tp1QiTH2aa,5.0,Reject,4.50,Reject,Reject,YES,0.0000,0.0000,3.0,5.0,5.0,5.0,,,
R6sIi9Kbxv,7.0,Accept,4.00,Reject,Reject,NO,0.0000,0.0000,5.0,3.0,3.0,5.0,,,
QyVLJ7EnAC,5.5,Reject,6.40,Accept,Accept,NO,0.0000,0.0000,6.0,8.0,6.0,6.0,6.0,,
Wd47f7HEXg,7.0,Accept,7.50,Accept,Accept,YES,0.0000,0.0000,8.0,6.0,8.0,8.0,,,
f1uXrAjpOH,7.0,Accept,5.40,Reject,Reject,NO,0.0000,0.0000,8.0,5.0,3.0,5.0,6.0,,
eGqQyTAbXC,7.0,Accept,6.00,Accept,Accept,YES,0.0000,0.0000,6.0,6.0,6.0,6.0,,,
ZMtq9pYw5e,6.5,Accept,3.67,Reject,Reject,NO,0.0000,0.0000,3.0,5.0,3.0,,,,
St7k6NJKn1,5.5,Reject,3.50,Reject,Reject,YES,0.0000,0.0000,3.0,5.0,3.0,3.0,,,
nFMS6wF2xq,7.5,Accept,6.25,Accept,Accept,YES,0.0000,0.0000,6.0,5.0,8.0,6.0,,,
G5Fo7H6dqE,6.5,Accept,4.00,Reject,Reject,NO,0.0000,0.0000,3.0,5.0,3.0,5.0,,,
FMsmo01TaI,7.0,Accept,4.33,Reject,Reject,NO,0.0000,0.0000,5.0,5.0,3.0,,,,
UpQLu9bzAR,7.5,Accept,6.00,Accept,Accept,YES,0.0000,0.0000,6.0,6.0,6.0,6.0,,,
28L2FCtMWq,6.5,Accept,6.50,Accept,Accept,YES,0.0000,0.0000,6.0,8.0,6.0,6.0,,,
ffuHn3Q6Hc,6.5,Accept,5.33,Reject,Reject,NO,0.0000,0.0000,8.0,3.0,5.0,,,,
3MnMGLctKb,7.0,Accept,6.75,Accept,Accept,YES,0.0000,0.0000,8.0,8.0,5.0,6.0,,,
qGLzeD9GCX,7.0,Accept,4.25,Reject,Reject,NO,0.0000,0.0000,3.0,6.0,3.0,5.0,,,
6SxOzYVuy6,6.5,Accept,4.25,Reject,Reject,NO,0.0000,0.0000,3.0,3.0,5.0,6.0,,,
fDNBPqgr4K,5.0,Reject,4.75,Reject,Reject,YES,0.0000,0.0000,5.0,5.0,3.0,6.0,,,
gzT61ziSCu,5.5,Reject,6.75,Accept,Accept,NO,0.0000,0.0000,8.0,8.0,6.0,5.0,,,
4NhMhElWqP,7.5,Accept,7.00,Accept,Accept,YES,0.0000,0.0000,8.0,6.0,6.0,8.0,,,
Q9vYgjcvrX,6.5,Accept,3.50,Reject,Reject,NO,0.0000,0.0000,3.0,5.0,3.0,3.0,,,
JsVIGVntnQ,5.0,Reject,5.40,Accept,Accept,NO,0.0000,0.0000,8.0,5.0,8.0,3.0,3.0,,
lJdgUUcLaA,6.5,Accept,4.75,Reject,Reject,NO,0.0000,0.0000,5.0,5.0,3.0,6.0,,,
hEl2HpiH3g,6.0,Accept,4.75,Reject,Reject,NO,0.0000,0.0000,5.0,5.0,6.0,3.0,,,
ymt4crbbXh,7.5,Accept,6.25,Accept,Accept,YES,0.0000,0.0000,5.0,6.0,8.0,6.0,,,
43flsheS4s,7.5,Accept,4.75,Reject,Reject,NO,0.0000,0.0000,5.0,6.0,3.0,5.0,,,
T16M4SzH1v,7.5,Accept,5.50,Reject,Reject,NO,0.0000,0.0000,8.0,5.0,6.0,3.0,,,
7UqQJUKaLM,7.5,Accept,6.00,Accept,Accept,YES,0.0000,0.0000,6.0,6.0,6.0,6.0,,,
QhsZwzBYaU,7.0,Accept,5.50,Reject,Reject,NO,0.0000,0.0000,3.0,8.0,5.0,6.0,,,
fDcn3S8oAt,7.0,Accept,5.25,Reject,Reject,NO,0.0000,0.0000,3.0,5.0,5.0,8.0,,,
C1Wp4ubvXZ,6.0,Accept,5.60,Reject,Reject,NO,0.0000,0.0000,5.0,6.0,6.0,6.0,5.0,,
bc2H72hGxB,8.0,Accept,6.80,Accept,Accept,YES,0.0000,0.0000,8.0,8.0,6.0,6.0,6.0,,
6o9Vy1m0Jv,7.0,Accept,3.50,Reject,Reject,NO,0.0000,0.0000,5.0,3.0,3.0,3.0,,,
ceNnsnA5gu,5.0,Reject,3.00,Reject,Reject,YES,0.0000,0.0000,3.0,3.0,3.0,,,,
WwCirclMvl,7.0,Accept,5.67,Reject,Reject,NO,0.0000,0.0000,6.0,5.0,6.0,,,,
JgqftqZQZ7,-100.0,Error,6.50,Accept,Accept,NO,0.0000,0.0000,8.0,5.0,5.0,8.0,,,
fwCoLe3TAX,6.0,Accept,5.25,Accept,Accept,YES,0.0000,0.0000,6.0,6.0,1.0,8.0,,,
10eQ4Cfh8p,4.5,Reject,3.00,Reject,Reject,YES,0.0000,0.0000,3.0,3.0,3.0,3.0,,,
mLxxv5gts0,5.0,Reject,3.80,Reject,Reject,YES,0.0000,0.0000,1.0,5.0,5.0,5.0,3.0,,
AZR4R3lw7y,-100.0,Error,5.75,Accept,Accept,NO,0.0000,0.0000,6.0,6.0,5.0,6.0,,,
7PLpiVdnUC,6.5,Accept,6.50,Accept,Accept,YES,0.0000,0.0000,6.0,8.0,6.0,6.0,,,
wE1I9IGqeH,7.5,Accept,6.00,Reject,Reject,NO,0.0000,0.0000,5.0,5.0,8.0,,,,
WWXjMYZxfH,6.0,Reject,6.20,Accept,Accept,NO,0.0000,0.0000,6.0,8.0,8.0,6.0,3.0,,
dSjCFKiEdK,5.5,Accept,5.25,Reject,Reject,NO,0.0000,0.0000,6.0,5.0,5.0,5.0,,,
17ZbByq95E,6.5,Accept,3.75,Reject,Reject,NO,0.0000,0.0000,3.0,6.0,3.0,3.0,,,
k2gGy2hpfx,8.0,Accept,3.67,Reject,Reject,NO,0.0000,0.0000,3.0,3.0,5.0,,,,
lfRYzd8ady,7.5,Accept,6.67,Accept,Accept,YES,0.0000,0.0000,5.0,8.0,8.0,5.0,8.0,6.0,
sehRvaIPQQ,6.0,Accept,5.50,Accept,Accept,YES,0.0000,0.0000,5.0,6.0,6.0,5.0,,,
PeLLMw3wLX,7.0,Accept,6.50,Accept,Accept,YES,0.0000,0.0000,6.0,8.0,6.0,6.0,,,
HXZK1Z8tHa,6.0,Accept,5.33,Reject,Reject,NO,0.0000,0.0000,5.0,5.0,6.0,,,,
fSB95BWiBQ,6.5,Accept,3.50,Reject,Reject,NO,0.0000,0.0000,3.0,3.0,5.0,3.0,,,
2NwHLAffZZ,6.5,Accept,2.33,Reject,Reject,NO,0.0000,0.0000,3.0,3.0,1.0,,,,
gCSEQIgbWH,5.5,Reject,3.50,Reject,Reject,YES,0.0000,0.0000,3.0,5.0,3.0,3.0,,,
bjMi9ux50f,6.0,Accept,4.67,Reject,Reject,NO,0.0000,0.0000,6.0,3.0,5.0,,,,
fwHVclv0ij,6.0,Accept,5.25,Reject,Reject,NO,0.0000,0.0000,6.0,3.0,6.0,6.0,,,
AyzkDpuqcl,6.0,Accept,6.80,Accept,Accept,YES,0.0000,0.0000,8.0,6.0,6.0,6.0,8.0,,
h5NqrrSjlP,6.5,Accept,4.60,Reject,Reject,NO,0.0000,0.0000,5.0,3.0,5.0,5.0,5.0,,
E4Ero36Zr4,6.0,Reject,4.40,Reject,Reject,YES,0.0000,0.0000,6.0,3.0,5.0,5.0,3.0,,
LSq9ef8ANs,5.5,Accept,4.60,Reject,Reject,NO,0.0000,0.0000,5.0,5.0,5.0,3.0,5.0,,
cObFETcoeW,6.5,Accept,6.75,Accept,Accept,YES,0.0000,0.0000,5.0,6.0,8.0,8.0,,,
1GIVx7COef,8.0,Accept,4.33,Reject,Reject,NO,0.0000,0.0000,3.0,5.0,5.0,,,,
h7Qz1ulnvF,5.0,Reject,5.75,Accept,Accept,NO,0.0000,0.0000,3.0,8.0,6.0,6.0,,,
3mDe5o24BM,7.0,Accept,5.33,Reject,Reject,NO,0.0000,0.0000,5.0,5.0,6.0,,,,
PYmrUQmMEw,5.5,Reject,6.50,Accept,Accept,NO,0.0000,0.0000,6.0,6.0,6.0,8.0,,,
KNtcoAM5Gy,8.0,Accept,5.50,Reject,Reject,NO,0.0000,0.0000,5.0,6.0,5.0,6.0,,,
b3kDP3IytM,7.0,Accept,6.25,Accept,Accept,YES,0.0000,0.0000,5.0,6.0,6.0,8.0,,,
MRYyOaNxh3,7.5,Accept,6.50,Accept,Accept,YES,0.0000,0.0000,6.0,6.0,8.0,6.0,,,
CRkoMdDlFh,5.5,Weak Reject,4.00,Reject,Reject,NO,0.0000,0.0000,5.0,3.0,3.0,5.0,,,
vTRWu9zaWo,5.0,Reject,4.40,Reject,Reject,YES,0.0000,0.0000,6.0,3.0,3.0,5.0,5.0,,
23OEmHVkpq,5.0,Reject,5.25,Reject,Reject,YES,0.0000,0.0000,6.0,5.0,5.0,5.0,,,
k7Q28aNVko,5.0,Reject,4.40,Reject,Reject,YES,0.0000,0.0000,3.0,6.0,5.0,5.0,3.0,,
4lqA5EuieJ,6.0,Accept,4.75,Reject,Reject,NO,0.0000,0.0000,3.0,5.0,5.0,6.0,,,
56mg1JFd3n,7.0,Accept,6.00,Reject,Reject,NO,0.0000,0.0000,10.0,3.0,5.0,6.0,,,
Ux0BEP46fd,5.0,Reject,4.33,Reject,Reject,YES,0.0000,0.0000,5.0,5.0,3.0,,,,
tEAF9LBdgu,5.5,Accept,6.75,Reject,Reject,NO,0.0000,0.0000,8.0,8.0,5.0,6.0,,,
f5o6kWRC0A,4.5,Reject,4.00,Reject,Reject,YES,0.0000,0.0000,3.0,3.0,5.0,5.0,,,
tGOOP7DGxs,6.5,Accept,5.00,Reject,Reject,NO,0.0000,0.0000,5.0,5.0,5.0,5.0,,,
iEUZMISIKj,4.5,Reject,4.75,Reject,Reject,YES,0.0000,0.0000,5.0,5.0,6.0,3.0,,,
qNp86ByQlN,8.0,Accept,6.50,Accept,Accept,YES,0.0000,0.0000,6.0,6.0,6.0,8.0,,,
S8gbnkCgxZ,6.5,Accept,7.00,Accept,Accept,YES,0.0000,0.0000,8.0,6.0,6.0,8.0,,,
7Jer2DQt9V,6.0,Accept,4.50,Reject,Reject,NO,0.0000,0.0000,3.0,5.0,5.0,5.0,,,
4vzGQcVUG8,7.5,Accept,6.50,Accept,Accept,YES,0.0000,0.0000,6.0,6.0,8.0,6.0,,,
jOm5p3q7c7,8.5,Accept,6.50,Accept,Accept,YES,0.0000,0.0000,6.0,8.0,6.0,6.0,,,
TRWxFUzK9K,7.5,Accept,6.50,Accept,Accept,YES,0.0000,0.0000,8.0,6.0,6.0,6.0,,,
xSOl0s1u77,7.0,Accept,4.75,Reject,Reject,NO,0.0000,0.0000,6.0,5.0,5.0,3.0,,,
j80J5cyyqP,6.5,Accept,4.25,Reject,Reject,NO,0.0000,0.0000,5.0,3.0,3.0,6.0,,,
FiyS0ecSm0,7.5,Accept,6.75,Accept,Accept,YES,0.0000,0.0000,8.0,5.0,8.0,6.0,,,
pAVJKp3Dvn,5.0,Reject,5.67,Accept,Accept,NO,0.0000,0.0000,6.0,5.0,6.0,,,,
MY0qlcFcUg,7.0,Accept,7.33,Accept,Accept,YES,0.0000,0.0000,8.0,8.0,6.0,,,,
07xuZw59uB,6.5,Accept,3.00,Reject,Reject,NO,0.0000,0.0000,3.0,5.0,3.0,1.0,,,
nTNElfN4O5,7.5,Accept,5.50,Reject,Reject,NO,0.0000,0.0000,6.0,5.0,6.0,5.0,,,
AU2gS9ut61,7.5,Accept,5.40,Accept,Accept,YES,0.0000,0.0000,6.0,6.0,8.0,1.0,6.0,,
pPvK2e8o8M,5.5,Reject,3.25,Reject,Reject,YES,0.0000,0.0000,6.0,3.0,1.0,3.0,,,
ZPkNrs6aNO,5.5,Reject,5.50,Reject,Reject,YES,0.0000,0.0000,6.0,6.0,5.0,5.0,,,
WrEFIbrVg9,5.0,Reject,3.75,Reject,Reject,YES,0.0000,0.0000,3.0,3.0,3.0,6.0,,,
RdG7LVGnQi,6.0,Weak Accept,4.50,Reject,Reject,NO,0.0000,0.0000,1.0,6.0,6.0,5.0,,,
NnYaYVODyV,7.0,Accept,6.60,Accept,Accept,YES,0.0000,0.0000,8.0,6.0,6.0,8.0,5.0,,
1dUdNzLJRF,7.5,Accept,5.50,Reject,Reject,NO,0.0000,0.0000,5.0,6.0,5.0,6.0,,,
xXTkbTBmqq,7.5,Accept,8.67,Accept,Accept,YES,0.0000,0.0000,8.0,8.0,10.0,,,,
dmjQLHufev,6.5,Accept,6.00,Accept,Accept,YES,0.0000,0.0000,6.0,6.0,5.0,8.0,5.0,6.0,
cd79pbXi4N,7.5,Accept,7.00,Accept,Accept,YES,0.0000,0.0000,8.0,6.0,8.0,6.0,,,
pqgDqYinDZ,5.0,Reject,3.50,Reject,Reject,YES,0.0000,0.0000,3.0,3.0,5.0,3.0,,,
BuFNoKBiMs,5.5,Reject,6.33,Accept,Accept,NO,0.0000,0.0000,6.0,5.0,8.0,,,,
DfTWrTwLzD,5.0,Reject,5.00,Reject,Reject,YES,0.0000,0.0000,6.0,6.0,3.0,5.0,,,
W9uY7is3Ey,5.0,Reject,4.20,Reject,Reject,YES,0.0000,0.0000,3.0,5.0,3.0,5.0,5.0,,
6E0x0lVvh8,8.0,Accept,4.00,Reject,Reject,NO,0.0000,0.0000,3.0,5.0,3.0,5.0,,,
0er6aOyXUD,8.0,Accept,5.40,Reject,Reject,NO,0.0000,0.0000,6.0,5.0,6.0,5.0,5.0,,
m3RRWWFaVe,6.0,Accept,4.25,Accept,Accept,YES,0.0000,0.0000,6.0,1.0,5.0,5.0,,,
HE9eUQlAvo,6.0,Accept,6.40,Accept,Accept,YES,0.0000,0.0000,6.0,6.0,6.0,8.0,6.0,,
vyGp9Mty2t,7.0,Accept,5.50,Reject,Reject,NO,0.0000,0.0000,3.0,5.0,6.0,8.0,,,
PoL2joPZQ4,7.0,Accept,4.25,Reject,Reject,NO,0.0000,0.0000,3.0,3.0,6.0,5.0,,,
324fOKW1wO,5.5,Accept,3.33,Reject,Reject,NO,0.0000,0.0000,1.0,3.0,3.0,3.0,5.0,5.0,
ZyPRwskBli,5.5,Accept,4.75,Reject,Reject,NO,0.0000,0.0000,6.0,5.0,3.0,5.0,,,
SzV37yefM4,7.5,Accept,4.33,Reject,Reject,NO,0.0000,0.0000,3.0,5.0,5.0,,,,
rqBc4WnvUP,6.0,Accept,3.50,Reject,Reject,NO,0.0000,0.0000,5.0,3.0,3.0,3.0,,,
QRgT26JlAx,7.0,Accept,5.25,Reject,Reject,NO,0.0000,0.0000,5.0,3.0,5.0,8.0,,,
kaAtQwhnM2,7.5,Accept,5.40,Reject,Reject,NO,0.0000,0.0000,5.0,6.0,3.0,5.0,8.0,,
GBpKUnM6gW,7.0,Accept,3.50,Reject,Reject,NO,0.0000,0.0000,3.0,3.0,5.0,3.0,,,
EoPsCAEYae,7.0,Accept,3.80,Reject,Reject,NO,0.0000,0.0000,5.0,3.0,3.0,5.0,3.0,,
1gkePTsAWf,6.0,Reject,6.20,Reject,Reject,YES,0.0000,0.0000,6.0,8.0,6.0,6.0,5.0,,
YcbE2K3i2E,1.5,Reject,4.60,Reject,Reject,YES,0.0000,0.0000,3.0,5.0,5.0,5.0,5.0,,
Pin2kdWloe,8.0,Accept,5.75,Reject,Reject,NO,0.0000,0.0000,6.0,6.0,6.0,5.0,,,
Q5VlpYRxGF,6.5,Accept,4.33,Reject,Reject,NO,0.0000,0.0000,5.0,5.0,3.0,,,,
Cf0K6jgzZt,7.5,Accept,5.33,Reject,Reject,NO,0.0000,0.0000,5.0,6.0,5.0,,,,
e92KW6htFO,7.0,Accept,5.00,Reject,Reject,NO,0.0000,0.0000,6.0,5.0,3.0,6.0,,,
cpGPPLLYYx,7.5,Accept,6.50,Accept,Accept,YES,0.0000,0.0000,6.0,6.0,6.0,8.0,,,
sfi2j1Ot6j,7.0,Accept,6.50,Accept,Accept,YES,0.0000,0.0000,6.0,6.0,6.0,8.0,,,
7VPTUWkiDQ,8.0,Accept,7.33,Accept,Accept,YES,0.0000,0.0000,6.0,8.0,8.0,,,,
cDInj7WMQm,6.0,Reject,5.00,Reject,Reject,YES,0.0000,0.0000,6.0,3.0,6.0,,,,
M4RhGr2lAy,6.0,Accept,4.40,Reject,Reject,NO,0.0000,0.0000,5.0,5.0,3.0,3.0,6.0,,
y3qpL2Ioys,6.0,Accept,4.75,Reject,Reject,NO,0.0000,0.0000,5.0,5.0,3.0,6.0,,,
mWT3Ftkc3e,7.0,Accept,6.50,Reject,Reject,NO,0.0000,0.0000,8.0,6.0,6.0,6.0,,,
ztzZDzgfrh,7.0,Accept,7.33,Accept,Accept,YES,0.0000,0.0000,8.0,8.0,6.0,,,,
kWRKNDU6uN,8.0,Accept,6.80,Accept,Accept,YES,0.0000,0.0000,6.0,6.0,6.0,8.0,8.0,,
rfrtFwnF62,7.5,Accept,6.00,Accept,Accept,YES,0.0000,0.0000,6.0,6.0,6.0,,,,
WncnpvJk83,6.5,Accept,6.50,Accept,Accept,YES,0.0000,0.0000,6.0,6.0,8.0,6.0,,,
pWdkM9NNCA,6.5,Accept,3.00,Reject,Reject,NO,0.0000,0.0000,3.0,3.0,3.0,3.0,,,
yarUvgEXq3,7.0,Accept,7.33,Accept,Accept,YES,0.0000,0.0000,6.0,8.0,8.0,,,,
VYvxrD7aS0,7.0,Accept,6.75,Accept,Accept,YES,0.0000,0.0000,6.0,5.0,8.0,8.0,,,
LKUVlhjgOw,6.0,Accept,4.00,Reject,Reject,NO,0.0000,0.0000,6.0,3.0,3.0,,,,
SVRRQ8goQo,6.0,Reject,7.00,Accept,Accept,NO,0.0000,0.0000,6.0,8.0,8.0,6.0,,,
i7P2mK3x3o,6.5,Reject,4.20,Reject,Reject,YES,0.0000,0.0000,5.0,5.0,3.0,3.0,5.0,,
LH2JNpfwdH,5.5,Reject,5.67,Reject,Reject,YES,0.0000,0.0000,6.0,6.0,5.0,,,,
D4xztKoz0Y,7.5,Accept,6.50,Accept,Accept,YES,0.0000,0.0000,8.0,6.0,6.0,6.0,,,
z7K2faBrDG,6.5,Accept,5.25,Accept,Accept,YES,0.0000,0.0000,3.0,5.0,5.0,8.0,,,
jpypMKAsO6,-100.0,Error,5.67,Reject,Reject,NO,0.0000,0.0000,5.0,6.0,6.0,,,,
5nEmi3YIz4,6.0,Accept,4.33,Reject,Reject,NO,0.0000,0.0000,3.0,5.0,5.0,,,,
f1uXrAjpOH,7.0,Accept,5.40,Reject,Reject,NO,0.0000,0.0000,8.0,5.0,3.0,5.0,6.0,,
KCVv3tICvp,7.0,Accept,5.00,Reject,Reject,NO,0.0000,0.0000,3.0,6.0,5.0,6.0,,,
in0Nmo8Ojd,5.5,Reject,5.50,Reject,Reject,YES,0.0000,0.0000,5.0,6.0,5.0,6.0,,,
TbJo3eQvHR,6.0,Reject,5.00,Reject,Reject,YES,0.0000,0.0000,5.0,6.0,3.0,5.0,6.0,,
8Gqz2opok1,8.0,Accept,7.00,Accept,Accept,YES,0.0000,0.0000,8.0,8.0,6.0,6.0,,,
LkzuPorQ5L,7.0,Accept,6.00,Accept,Accept,YES,0.0000,0.0000,8.0,5.0,8.0,3.0,,,
sGqd1tF8P8,5.5,Reject,6.80,Accept,Accept,NO,0.0000,0.0000,6.0,6.0,6.0,10.0,6.0,,
EAT7gmyIH2,5.0,Accept,6.25,Reject,Reject,NO,0.0000,0.0000,6.0,8.0,6.0,5.0,,,
myZNJSpiK1,5.0,Reject,6.75,Reject,Reject,YES,0.0000,0.0000,5.0,8.0,6.0,8.0,,,
jrY83wPzMJ,7.0,Accept,4.00,Reject,Reject,NO,0.0000,0.0000,3.0,3.0,5.0,5.0,,,
JCFJFBm5rE,2.5,Reject,6.40,Reject,Reject,YES,0.0000,0.0000,8.0,8.0,5.0,5.0,6.0,,
zv9jedBExg,4.5,Reject,3.75,Reject,Reject,YES,0.0000,0.0000,6.0,3.0,3.0,3.0,,,
Oashk4fDD9,7.5,Accept,6.00,Reject,Reject,NO,0.0000,0.0000,6.0,6.0,6.0,,,,
j7oTk2nEoN,6.5,Accept,5.50,Reject,Reject,NO,0.0000,0.0000,5.0,6.0,6.0,5.0,,,
ox2ATRM90I,7.0,Accept,6.20,Accept,Accept,YES,0.0000,0.0000,6.0,6.0,5.0,8.0,6.0,,
t9lS1lX9FQ,6.5,Accept,6.00,Accept,Accept,YES,0.0000,0.0000,6.0,6.0,6.0,,,,
3Ok7ccvtf3,3.5,Reject,3.50,Reject,Reject,YES,0.0000,0.0000,3.0,5.0,3.0,3.0,,,
hPWWXpCaJ7,5.5,Reject,6.00,Accept,Accept,NO,0.0000,0.0000,6.0,6.0,6.0,6.0,,,
QuVlUn4T2G,7.0,Accept,6.75,Accept,Accept,YES,0.0000,0.0000,8.0,3.0,8.0,8.0,,,
2oKkQTyfz7,6.5,Accept,6.40,Accept,Accept,YES,0.0000,0.0000,6.0,8.0,6.0,6.0,6.0,,
akPwQb4fHU,6.0,Accept,3.67,Reject,Reject,NO,0.0000,0.0000,5.0,3.0,3.0,,,,
RaqZX9LSGA,6.5,Accept,5.75,Accept,Accept,YES,0.0000,0.0000,5.0,6.0,6.0,6.0,,,
nKVYQOgD0q,6.5,Accept,5.50,Reject,Reject,NO,0.0000,0.0000,5.0,5.0,6.0,6.0,,,
5ZEbpBYGwH,7.0,Accept,7.25,Accept,Accept,YES,0.0000,0.0000,5.0,8.0,8.0,8.0,,,
sJzfxRbEv6,4.5,Reject,4.00,Reject,Reject,YES,0.0000,0.0000,3.0,5.0,3.0,5.0,,,
lOi6FtIwR8,6.5,Accept,6.67,Accept,Accept,YES,0.0000,0.0000,6.0,6.0,8.0,,,,
4fJghLR3hk,6.5,Accept,4.00,Reject,Reject,NO,0.0000,0.0000,3.0,6.0,3.0,,,,
NoRvNK9eDp,7.0,Accept,4.50,Reject,Reject,NO,0.0000,0.0000,3.0,5.0,5.0,5.0,,,
NeVbEYW4tp,8.0,Accept,5.00,Reject,Reject,NO,0.0000,0.0000,6.0,5.0,6.0,3.0,,,
Q47jVPzJ3G,5.5,Reject,3.50,Reject,Reject,YES,0.0000,0.0000,3.0,5.0,3.0,3.0,,,
LPG8pPSfQD,5.5,Accept,6.75,Accept,Accept,YES,0.0000,0.0000,6.0,5.0,8.0,8.0,,,
Il5DjZmLzp,6.5,Accept,4.50,Reject,Reject,NO,0.0000,0.0000,3.0,6.0,6.0,3.0,,,
6PGT9OJX5N,5.5,Accept,3.00,Reject,Reject,NO,0.0000,0.0000,5.0,3.0,3.0,1.0,,,
ROxsH4rMe4,6.0,Accept,4.20,Reject,Reject,NO,0.0000,0.0000,3.0,3.0,5.0,5.0,5.0,,
0lVQBMhsPG,5.0,Reject,4.20,Reject,Reject,YES,0.0000,0.0000,5.0,5.0,3.0,3.0,5.0,,
Je5SHCKpPa,7.5,Accept,6.50,Accept,Accept,YES,0.0000,0.0000,6.0,6.0,8.0,6.0,,,
gkUyYcY1W9,7.0,Accept,6.50,Accept,Accept,YES,0.0000,0.0000,8.0,3.0,6.0,6.0,8.0,8.0,
VVO3ApdMUE,5.0,Reject,5.50,Accept,Accept,NO,0.0000,0.0000,6.0,3.0,5.0,8.0,,,
BkR4QG4azn,7.5,Accept,5.60,Reject,Reject,NO,0.0000,0.0000,6.0,5.0,6.0,6.0,5.0,,
UgTrngiN16,6.5,Accept,5.00,Reject,Reject,NO,0.0000,0.0000,1.0,6.0,6.0,8.0,6.0,3.0,
cVyELMpMRS,7.0,Accept,6.50,Accept,Accept,YES,0.0000,0.0000,6.0,6.0,6.0,8.0,,,
7kRFnSFN89,5.5,Reject,5.00,Reject,Reject,YES,0.0000,0.0000,3.0,8.0,3.0,6.0,,,
xlxGsX1pc7,7.0,Accept,5.25,Reject,Reject,NO,0.0000,0.0000,5.0,6.0,5.0,5.0,,,
FJWT0692hw,6.0,Reject,6.00,Accept,Accept,NO,0.0000,0.0000,6.0,6.0,6.0,6.0,,,
D7PQ54l5Q1,7.0,Accept,4.75,Reject,Reject,NO,0.0000,0.0000,3.0,5.0,5.0,6.0,,,
ZU8OdDLTts,7.5,Accept,7.00,Accept,Accept,YES,0.0000,0.0000,8.0,5.0,8.0,,,,
wYmcfur889,5.0,Reject,6.00,Reject,Reject,YES,0.0000,0.0000,5.0,6.0,5.0,8.0,,,
4MsfQ2H0lP,7.0,Accept,6.00,Accept,Accept,YES,0.0000,0.0000,6.0,6.0,6.0,6.0,,,
GrHewano8m,5.0,Reject,5.75,Reject,Reject,YES,0.0000,0.0000,5.0,5.0,5.0,8.0,,,
lVp97zZ5i8,7.5,Accept,6.00,Accept,Accept,YES,0.0000,0.0000,6.0,6.0,6.0,,,,
BmYzoPppij,7.5,Accept,3.33,Reject,Reject,NO,0.0000,0.0000,6.0,1.0,3.0,,,,
B6Sdw56GQJ,7.0,Accept,4.75,Reject,Reject,NO,0.0000,0.0000,6.0,5.0,3.0,5.0,,,
p3NKpom1VL,6.5,Accept,5.33,Accept,Accept,YES,0.0000,0.0000,5.0,3.0,8.0,,,,
dA4EWchlbn,5.0,Reject,3.50,Reject,Reject,YES,0.0000,0.0000,3.0,3.0,5.0,3.0,,,
xAqcJ9XoTf,7.0,Accept,6.00,Accept,Accept,YES,0.0000,0.0000,8.0,5.0,6.0,5.0,6.0,,
2JXe3RprGS,5.5,Accept,3.00,Reject,Reject,NO,0.0000,0.0000,3.0,3.0,3.0,,,,
7d2JwGbxhA,8.0,Accept,6.50,Accept,Accept,YES,0.0000,0.0000,6.0,8.0,6.0,6.0,,,
AeGrf1uY0p,7.0,Accept,4.75,Reject,Reject,NO,0.0000,0.0000,3.0,8.0,3.0,5.0,,,
Pj4Aid3XqL,3.0,Reject,5.25,Accept,Accept,NO,0.0000,0.0000,5.0,5.0,5.0,6.0,,,
mnHpxTxnYg,7.5,Accept,5.25,Reject,Reject,NO,0.0000,0.0000,5.0,8.0,5.0,3.0,,,
eNbA8Fqir4,7.0,Accept,6.00,Accept,Accept,YES,0.0000,0.0000,8.0,6.0,5.0,6.0,5.0,,
LNLr8WXDEh,7.0,Accept,4.50,Reject,Reject,NO,0.0000,0.0000,5.0,3.0,5.0,5.0,,,
iUwTDbjqyd,5.0,Reject,4.00,Reject,Reject,YES,0.0000,0.0000,5.0,5.0,3.0,3.0,,,
h8yg0hT96f,6.5,Accept,7.33,Accept,Accept,YES,0.0000,0.0000,8.0,6.0,8.0,,,,
fD8Whiy7ca,4.5,Reject,5.50,Reject,Reject,YES,0.0000,0.0000,6.0,3.0,8.0,5.0,,,
gZnBI7WS1K,5.0,Reject,3.50,Reject,Reject,YES,0.0000,0.0000,3.0,5.0,3.0,3.0,,,
bXI0thP733,6.5,Accept,4.50,Reject,Reject,NO,0.0000,0.0000,5.0,5.0,5.0,3.0,,,
mUbYof5MKp,7.0,Accept,6.00,Accept,Accept,YES,0.0000,0.0000,6.0,6.0,6.0,6.0,,,
rss4mLJDpT,5.0,Reject,4.50,Reject,Reject,YES,0.0000,0.0000,3.0,5.0,5.0,5.0,,,
I1Gd2d1WXY,6.5,Accept,3.75,Reject,Reject,NO,0.0000,0.0000,6.0,3.0,3.0,3.0,,,
7LGmXXZXtP,5.0,Reject,6.67,Accept,Accept,NO,0.0000,0.0000,8.0,6.0,6.0,,,,
VmGRoNDQgJ,6.5,Accept,7.50,Accept,Accept,YES,0.0000,0.0000,8.0,6.0,8.0,8.0,,,
46xYl55hdc,6.0,Reject,7.00,Accept,Accept,NO,0.0000,0.0000,8.0,8.0,6.0,6.0,,,
58KF6ne6d4,6.0,Accept,3.00,Reject,Reject,NO,0.0000,0.0000,5.0,3.0,3.0,1.0,,,
omrLHFzC37,6.0,Reject,6.25,Accept,Accept,NO,0.0000,0.0000,5.0,6.0,6.0,8.0,,,
PN3i4b6NED,5.5,Accept,3.50,Reject,Reject,NO,0.0000,0.0000,1.0,5.0,5.0,3.0,,,
n64NYyc6rQ,3.5,Accept,6.20,Accept,Accept,YES,0.0000,0.0000,6.0,8.0,5.0,6.0,6.0,,
eIO1YcEdE6,5.0,Reject,4.75,Reject,Reject,YES,0.0000,0.0000,5.0,3.0,8.0,3.0,,,
cbFqqtJGtA,8.0,Accept,4.25,Reject,Reject,NO,0.0000,0.0000,6.0,3.0,3.0,5.0,,,
hYd6BCZTzg,7.0,Accept,6.25,Reject,Reject,NO,0.0000,0.0000,5.0,6.0,6.0,8.0,,,
f7PmO5boQ9,5.5,Reject,4.25,Reject,Reject,YES,0.0000,0.0000,3.0,6.0,5.0,3.0,,,
EV7FMBZxnx,6.5,Accept,6.00,Accept,Accept,YES,0.0000,0.0000,6.0,6.0,6.0,,,,
UatDdAlr2x,7.5,Accept,5.75,Reject,Reject,NO,0.0000,0.0000,5.0,6.0,6.0,6.0,,,
nCxULYtwkC,5.5,Reject,3.67,Reject,Reject,YES,0.0000,0.0000,3.0,5.0,3.0,,,,
BszvEXQyLM,-100.0,Error,4.25,Reject,Reject,NO,0.0000,0.0000,3.0,6.0,5.0,3.0,,,
GGAG3wFEKv,7.0,Accept,5.60,Reject,Reject,NO,0.0000,0.0000,6.0,6.0,6.0,5.0,5.0,,
qh1goDZ0ZQ,7.0,Accept,4.33,Reject,Reject,NO,0.0000,0.0000,5.0,5.0,3.0,,,,
iR5qF9N1Ge,7.5,Accept,5.80,Reject,Reject,NO,0.0000,0.0000,5.0,6.0,8.0,5.0,5.0,,
NQUXBoGiDU,6.0,Accept,3.75,Reject,Reject,NO,0.0000,0.0000,1.0,3.0,5.0,6.0,,,
QGGNvKaoIU,7.5,Accept,7.00,Accept,Accept,YES,0.0000,0.0000,6.0,8.0,6.0,8.0,,,
MtoklWYQus,5.5,Reject,4.00,Reject,Reject,YES,0.0000,0.0000,1.0,5.0,5.0,5.0,,,
5dcnU4gihd,7.5,Accept,4.50,Reject,Reject,NO,0.0000,0.0000,5.0,3.0,5.0,5.0,,,
BJfIDS5LsS,5.0,Reject,2.50,Reject,Reject,YES,0.0000,0.0000,3.0,3.0,1.0,3.0,,,
NJUzUq2OIi,7.5,Accept,5.75,Reject,Reject,NO,0.0000,0.0000,6.0,5.0,6.0,6.0,,,
k65Nh7IV6X,5.0,Reject,4.50,Reject,Reject,YES,0.0000,0.0000,3.0,6.0,6.0,3.0,,,
4GJVU31mF7,6.0,Accept,4.25,Reject,Reject,NO,0.0000,0.0000,5.0,6.0,3.0,3.0,,,
L9G9nR8fMF,5.0,Reject,6.33,Reject,Reject,YES,0.0000,0.0000,6.0,5.0,8.0,,,,
lvDHfy169r,7.0,Accept,5.75,Reject,Reject,NO,0.0000,0.0000,5.0,8.0,5.0,5.0,,,
Y8OaqdX5Xt,4.5,Reject,4.50,Reject,Reject,YES,0.0000,0.0000,3.0,3.0,6.0,6.0,,,
83w0LPowHz,7.0,Accept,4.00,Reject,Reject,NO,0.0000,0.0000,5.0,5.0,3.0,3.0,,,
y886UXPEZ0,7.5,Accept,6.50,Accept,Accept,YES,0.0000,0.0000,6.0,6.0,8.0,6.0,,,
SrkDVzygXx,7.5,Accept,5.00,Reject,Reject,NO,0.0000,0.0000,3.0,6.0,6.0,5.0,,,
9HK2rHNAhd,7.0,Accept,5.50,Accept,Accept,YES,0.0000,0.0000,6.0,3.0,5.0,8.0,,,
z3dfuRcGAK,6.5,Accept,6.67,Accept,Accept,YES,0.0000,0.0000,6.0,6.0,8.0,,,,
NGB6YNnO5o,7.5,Accept,6.25,Accept,Accept,YES,0.0000,0.0000,5.0,8.0,6.0,6.0,,,
itNHdOzZig,7.0,Accept,5.67,Reject,Reject,NO,0.0000,0.0000,8.0,6.0,3.0,,,,
Sw0O2ESxbf,6.5,Accept,4.75,Reject,Reject,NO,0.0000,0.0000,5.0,6.0,5.0,3.0,,,
p9OsTj0nMP,7.5,Accept,7.00,Accept,Accept,YES,0.0000,0.0000,6.0,8.0,8.0,6.0,,,
XmnTfSX5Az,5.0,Reject,5.20,Reject,Reject,YES,0.0000,0.0000,5.0,6.0,3.0,6.0,6.0,,
rf0ZoDASnS,7.0,Accept,5.50,Reject,Reject,NO,0.0000,0.0000,6.0,5.0,6.0,5.0,,,
XrunSYwoLr,7.0,Accept,7.00,Accept,Accept,YES,0.0000,0.0000,6.0,6.0,8.0,8.0,,,
iplOFSOzS2,6.5,Accept,4.50,Reject,Reject,NO,0.0000,0.0000,5.0,5.0,3.0,5.0,,,
HBbbhAZuia,6.0,Accept,5.75,Reject,Reject,NO,0.0000,0.0000,5.0,6.0,6.0,6.0,,,
ma4SUzeCLR,5.5,Reject,5.33,Reject,Reject,YES,0.0000,0.0000,6.0,5.0,5.0,,,,
zwU9scoU4A,5.0,Reject,6.67,Accept,Accept,NO,0.0000,0.0000,6.0,8.0,6.0,,,,
CFKZKjrQ5r,6.5,Accept,3.50,Reject,Reject,NO,0.0000,0.0000,3.0,3.0,5.0,3.0,,,
1aF2D2CPHi,6.0,Accept,8.00,Accept,Accept,YES,0.0000,0.0000,8.0,10.0,6.0,8.0,,,
0sO2euxhUQ,6.0,Accept,4.00,Reject,Reject,NO,0.0000,0.0000,5.0,3.0,3.0,5.0,,,
c8sEgxG2c0,7.0,Accept,3.50,Reject,Reject,NO,0.0000,0.0000,3.0,5.0,3.0,3.0,,,
IZVCzCWwoY,7.0,Accept,3.50,Reject,Reject,NO,0.0000,0.0000,3.0,3.0,3.0,5.0,,,
8eKMxc1SXg,6.0,Accept,4.75,Reject,Reject,NO,0.0000,0.0000,3.0,6.0,5.0,5.0,,,
iG7qH9Kdao,6.0,Accept,5.00,Reject,Reject,NO,0.0000,0.0000,6.0,6.0,3.0,,,,
YvOq7jHT6R,3.0,Reject,3.75,Reject,Reject,YES,0.0000,0.0000,6.0,3.0,3.0,3.0,,,
sOdeh2WJL2,5.5,Reject,3.75,Reject,Reject,YES,0.0000,0.0000,3.0,1.0,8.0,3.0,,,
L143pPpIHv,3.5,Reject,3.00,Reject,Reject,YES,0.0000,0.0000,3.0,3.0,5.0,1.0,,,
Z0ojN315Uf,4.5,Reject,4.33,Reject,Reject,YES,0.0000,0.0000,6.0,6.0,1.0,,,,
iS5ADHNg2A,7.0,Accept,6.50,Accept,Accept,YES,0.0000,0.0000,6.0,6.0,6.0,8.0,,,
Pj52xO5ysY,6.5,Accept,3.00,Reject,Reject,NO,0.0000,0.0000,3.0,3.0,3.0,,,,
TSZh4610VG,6.0,Reject,4.25,Reject,Reject,YES,0.0000,0.0000,6.0,5.0,3.0,3.0,,,
rAHcTCMaLc,6.5,Accept,5.71,Accept,Accept,YES,0.0000,0.0000,3.0,6.0,6.0,8.0,6.0,6.0,
LPfLsSqrQJ,7.5,Accept,5.25,Reject,Reject,NO,0.0000,0.0000,6.0,5.0,5.0,5.0,,,
7BLXhmWvwF,7.0,Accept,8.00,Accept,Accept,YES,0.0000,0.0000,8.0,8.0,8.0,8.0,,,
Cf8HBieRzL,5.0,Reject,3.50,Reject,Reject,YES,0.0000,0.0000,3.0,3.0,5.0,3.0,,,
z5UZZjXFc9,7.0,Accept,4.50,Reject,Reject,NO,0.0000,0.0000,6.0,3.0,6.0,3.0,,,
2IoFFexvuw,6.5,Accept,6.00,Accept,Accept,YES,0.0000,0.0000,6.0,6.0,6.0,,,,
RhkI1cba7n,7.0,Accept,4.67,Reject,Reject,NO,0.0000,0.0000,6.0,5.0,3.0,,,,
yiyDi50xx6,7.5,Accept,4.00,Reject,Reject,NO,0.0000,0.0000,3.0,5.0,3.0,5.0,,,
OjCWG58ZyY,7.0,Accept,5.50,Reject,Reject,NO,0.0000,0.0000,5.0,6.0,5.0,6.0,,,
NtSlKEJ2DS,5.0,Reject,6.00,Accept,Accept,NO,0.0000,0.0000,6.0,6.0,6.0,6.0,,,
Pujt3ADZgI,5.0,Reject,6.00,Accept,Accept,NO,0.0000,0.0000,6.0,6.0,6.0,6.0,,,
p8sr9kfUbQ,6.5,Accept,3.50,Reject,Reject,NO,0.0000,0.0000,3.0,3.0,3.0,5.0,,,
OwtMhMSybu,7.5,Accept,7.33,Accept,Accept,YES,0.0000,0.0000,8.0,6.0,8.0,,,,
NgMbGDCmAM,7.5,Accept,3.50,Reject,Reject,NO,0.0000,0.0000,5.0,3.0,3.0,3.0,,,
50RNY6uM2Q,6.5,Accept,4.20,Reject,Reject,NO,0.0000,0.0000,5.0,3.0,3.0,5.0,5.0,,
tfTGSm31F7,5.0,Reject,4.00,Reject,Reject,YES,0.0000,0.0000,6.0,3.0,3.0,5.0,3.0,,
e0bdvNsgcF,6.5,Accept,2.50,Reject,Reject,NO,0.0000,0.0000,3.0,1.0,5.0,1.0,,,
WRKVA3TgSv,6.5,Accept,3.00,Reject,Reject,NO,0.0000,0.0000,3.0,3.0,3.0,3.0,,,
SDG0EBoqpp,5.5,Reject,3.67,Reject,Reject,YES,0.0000,0.0000,3.0,3.0,5.0,,,,
rto6aU453A,7.0,Accept,4.75,Reject,Reject,NO,0.0000,0.0000,5.0,8.0,3.0,3.0,,,
uYzJvP8HGl,6.5,Accept,5.67,Reject,Reject,NO,0.0000,0.0000,6.0,8.0,3.0,6.0,8.0,3.0,
QM2WoPu1It,6.0,Accept,4.75,Reject,Reject,NO,0.0000,0.0000,5.0,6.0,5.0,3.0,,,
BWYR9rfGOU,4.5,Reject,4.25,Reject,Reject,YES,0.0000,0.0000,5.0,6.0,3.0,3.0,,,
YFKH1vO0W2,7.0,Accept,5.25,Reject,Reject,NO,0.0000,0.0000,6.0,5.0,5.0,5.0,,,
d7q9IGj2p0,7.0,Accept,6.67,Accept,Accept,YES,0.0000,0.0000,8.0,6.0,6.0,,,,
w1Pwcx5hPp,7.0,Accept,3.67,Reject,Reject,NO,0.0000,0.0000,3.0,3.0,5.0,,,,
ilGdLPy3mA,4.5,Reject,3.40,Reject,Reject,YES,0.0000,0.0000,3.0,5.0,3.0,3.0,3.0,,
D1gKsJagiq,6.0,Accept,4.67,Reject,Reject,NO,0.0000,0.0000,6.0,5.0,3.0,,,,
p7pFgsSPd7,7.0,Accept,4.33,Reject,Reject,NO,0.0000,0.0000,3.0,5.0,5.0,,,,
Zkq4fsyjfp,6.0,Accept,6.25,Accept,Accept,YES,0.0000,0.0000,6.0,5.0,8.0,6.0,,,
cMLtjP3Cym,5.0,Reject,4.75,Reject,Reject,YES,0.0000,0.0000,5.0,3.0,6.0,5.0,,,
z9UABOHCZc,7.5,Accept,5.00,Reject,Reject,NO,0.0000,0.0000,3.0,5.0,6.0,6.0,,,
RMBwNzs57N,5.5,Reject,4.25,Reject,Reject,YES,0.0000,0.0000,3.0,6.0,5.0,3.0,,,
tpGkEgxMJT,7.0,Accept,5.75,Accept,Accept,YES,0.0000,0.0000,5.0,8.0,5.0,5.0,,,
2fZ9iOVzpR,6.0,Accept,5.33,Reject,Reject,NO,0.0000,0.0000,5.0,6.0,3.0,5.0,5.0,8.0,
6ofUPFtqPF,5.5,Reject,3.00,Reject,Reject,YES,0.0000,0.0000,3.0,3.0,3.0,3.0,,,
aCPFCDL9QY,5.5,Reject,5.75,Accept,Accept,NO,0.0000,0.0000,6.0,6.0,6.0,5.0,,,
JetCx7Tpgb,5.5,Reject,4.20,Reject,Reject,YES,0.0000,0.0000,5.0,3.0,5.0,3.0,5.0,,
ZXO7iURZfW,6.0,Accept,5.25,Reject,Reject,NO,0.0000,0.0000,5.0,6.0,5.0,5.0,,,
SYBdkHcXXK,7.0,Accept,6.00,Accept,Accept,YES,0.0000,0.0000,8.0,5.0,5.0,,,,
GhexuBLxbO,7.0,Accept,6.75,Accept,Accept,YES,0.0000,0.0000,6.0,8.0,5.0,8.0,,,
t7vXubuady,5.0,Reject,5.50,Reject,Reject,YES,0.0000,0.0000,5.0,6.0,6.0,5.0,,,
7DY2DFDT0T,5.0,Reject,2.50,Reject,Reject,YES,0.0000,0.0000,3.0,3.0,1.0,3.0,,,
e4em5klSEw,7.0,Accept,5.25,Reject,Reject,NO,0.0000,0.0000,5.0,6.0,5.0,5.0,,,
DfPtC8uSot,7.0,Accept,6.75,Accept,Accept,YES,0.0000,0.0000,8.0,6.0,8.0,5.0,,,
awvJBtB2op,7.5,Accept,7.50,Accept,Accept,YES,0.0000,0.0000,8.0,6.0,8.0,8.0,,,
5zwrpqYIK5,7.5,Accept,3.50,Reject,Reject,NO,0.0000,0.0000,5.0,3.0,3.0,3.0,,,
mFY0tPDWK8,5.0,Reject,6.25,Accept,Accept,NO,0.0000,0.0000,6.0,6.0,8.0,5.0,,,
YwJkv2YqBq,6.5,Accept,6.75,Accept,Accept,YES,0.0000,0.0000,8.0,8.0,5.0,6.0,,,
qpDqO7qa3R,6.0,Reject,5.25,Reject,Reject,YES,0.0000,0.0000,5.0,5.0,5.0,6.0,,,
KiespDPaRH,5.5,Reject,6.00,Accept,Accept,NO,0.0000,0.0000,6.0,6.0,6.0,6.0,,,
6jjAYmppGQ,6.0,Reject,5.50,Accept,Accept,NO,0.0000,0.0000,8.0,1.0,8.0,5.0,,,
o83eu4H9Mb,7.0,Accept,7.20,Accept,Accept,YES,0.0000,0.0000,8.0,6.0,6.0,8.0,8.0,,
gK7HIepdn7,7.0,Accept,4.67,Reject,Reject,NO,0.0000,0.0000,3.0,5.0,6.0,,,,
Rc8z5wLzBF,5.5,Reject,5.75,Reject,Reject,YES,0.0000,0.0000,6.0,8.0,3.0,6.0,,,
YauQYh2k1g,8.0,Accept,6.25,Accept,Accept,YES,0.0000,0.0000,8.0,5.0,6.0,6.0,,,
IuEBdNsWKb,5.5,Reject,4.25,Reject,Reject,YES,0.0000,0.0000,3.0,8.0,3.0,3.0,,,
BgxsmpVoOX,7.5,Accept,7.50,Accept,Accept,YES,0.0000,0.0000,8.0,8.0,6.0,8.0,,,
PhLCPYsHCw,5.5,Reject,3.60,Reject,Reject,YES,0.0000,0.0000,3.0,3.0,6.0,3.0,3.0,,
LW55JrLYPg,6.5,Accept,6.67,Accept,Accept,YES,0.0000,0.0000,6.0,6.0,8.0,,,,
1fwZJzGdKj,7.0,Accept,5.50,Reject,Reject,NO,0.0000,0.0000,5.0,8.0,6.0,3.0,,,
MACKSU3xed,4.0,Reject,2.50,Reject,Reject,YES,0.0000,0.0000,3.0,3.0,1.0,3.0,,,
PC5WxcMRs8,5.0,Reject,4.00,Reject,Reject,YES,0.0000,0.0000,3.0,5.0,3.0,5.0,,,
NJUzUq2OIi,8.0,Accept,5.75,Reject,Reject,NO,0.0000,0.0000,6.0,5.0,6.0,6.0,,,
ikSrEv8FId,4.0,Reject,3.50,Reject,Reject,YES,0.0000,0.0000,3.0,3.0,5.0,3.0,,,
oos6KyAUsW,5.0,Reject,4.25,Reject,Reject,YES,0.0000,0.0000,6.0,5.0,3.0,3.0,,,
Qvoe4wXWFi,6.0,Accept,5.75,Reject,Reject,NO,0.0000,0.0000,8.0,5.0,5.0,5.0,,,
dhLIno8FmH,6.0,Accept,6.75,Accept,Accept,YES,0.0000,0.0000,8.0,8.0,8.0,3.0,,,
QG31By6S6w,7.0,Accept,6.25,Accept,Accept,YES,0.0000,0.0000,6.0,5.0,6.0,8.0,,,
oEMSM8HHpj,6.5,Accept,4.00,Reject,Reject,NO,0.0000,0.0000,3.0,3.0,5.0,5.0,,,
CpQegoH1Fn,3.5,Reject,4.00,Reject,Reject,YES,0.0000,0.0000,5.0,3.0,5.0,3.0,,,
eUkbTUsDgs,6.5,Accept,4.33,Reject,Reject,NO,0.0000,0.0000,5.0,3.0,5.0,,,,
rss4mLJDpT,6.0,Accept,4.50,Reject,Reject,NO,0.0000,0.0000,3.0,5.0,5.0,5.0,,,
tiJzOop4u6,7.5,Accept,6.25,Reject,Reject,NO,0.0000,0.0000,6.0,3.0,8.0,8.0,,,
2boLXjsHsB,4.5,Reject,5.00,Reject,Reject,YES,0.0000,0.0000,5.0,5.0,5.0,,,,
vxutwN3xQN,7.5,Accept,6.00,Reject,Reject,NO,0.0000,0.0000,6.0,6.0,6.0,6.0,,,
AfnsTnYphT,6.5,Accept,7.50,Accept,Accept,YES,0.0000,0.0000,8.0,6.0,8.0,8.0,,,
Ns6fnLFsCZ,7.0,Accept,5.25,Reject,Reject,NO,0.0000,0.0000,3.0,6.0,6.0,6.0,,,
glUf3YGcJQ,6.0,Reject,4.00,Reject,Reject,YES,0.0000,0.0000,5.0,3.0,3.0,5.0,,,
iTsHStJKcm,5.0,Reject,5.25,Reject,Reject,YES,0.0000,0.0000,5.0,5.0,6.0,5.0,,,
BCyAlMoyx5,7.5,Accept,5.67,Reject,Reject,NO,0.0000,0.0000,8.0,6.0,3.0,,,,
Pev2ufTzMv,-100.0,Error,3.75,Reject,Reject,NO,0.0000,0.0000,3.0,8.0,3.0,1.0,,,
0Y26tFG3WF,4.0,Reject,3.67,Reject,Reject,YES,0.0000,0.0000,3.0,3.0,5.0,,,,
7ut8T9iJ7P,5.0,Reject,4.50,Reject,Reject,YES,0.0000,0.0000,3.0,5.0,5.0,5.0,,,
YaBiGjuDiC,7.5,Accept,6.00,Accept,Accept,YES,0.0000,0.0000,8.0,6.0,5.0,5.0,,,
mMaQvkMzDi,6.0,Accept,5.50,Accept,Accept,YES,0.0000,0.0000,3.0,3.0,8.0,8.0,,,
n7iwmPacDt,5.5,Reject,3.00,Reject,Reject,YES,0.0000,0.0000,3.0,3.0,3.0,3.0,,,
afgqQYxTyR,5.5,Reject,3.00,Reject,Reject,YES,0.0000,0.0000,1.0,5.0,3.0,3.0,,,
h5UdvNFHee,7.0,Accept,5.00,Reject,Reject,NO,0.0000,0.0000,5.0,5.0,5.0,5.0,,,
kymuzakf7V,7.0,Accept,5.67,Reject,Reject,NO,0.0000,0.0000,6.0,5.0,6.0,,,,
2msbbX3ydD,6.0,Accept,6.67,Accept,Accept,YES,0.0000,0.0000,8.0,6.0,6.0,,,,
F7QnIKlC1N,6.5,Accept,6.33,Accept,Accept,YES,0.0000,0.0000,8.0,8.0,3.0,,,,
YxOG4FjZLd,6.5,Accept,4.50,Reject,Reject,NO,0.0000,0.0000,6.0,3.0,3.0,6.0,,,
QV6uB196cR,6.5,Accept,4.75,Reject,Reject,NO,0.0000,0.0000,5.0,3.0,5.0,6.0,,,
b5lXUwZiD3,6.5,Accept,5.25,Reject,Reject,NO,0.0000,0.0000,5.0,6.0,5.0,5.0,,,
fjPOt8QlqQ,7.0,Accept,6.40,Accept,Accept,YES,0.0000,0.0000,6.0,6.0,6.0,8.0,6.0,,
AqfUa08PCH,6.5,Accept,6.50,Accept,Accept,YES,0.0000,0.0000,6.0,8.0,6.0,6.0,,,
Sf2A2PUXO3,6.0,Accept,5.75,Accept,Accept,YES,0.0000,0.0000,6.0,6.0,5.0,6.0,,,
xvhjRjoFCN,6.5,Accept,4.33,Reject,Reject,NO,0.0000,0.0000,6.0,6.0,1.0,,,,
QqdloE1QH2,7.0,Accept,5.50,Reject,Reject,NO,0.0000,0.0000,5.0,6.0,8.0,3.0,,,
7W4boWjb3Q,6.5,Accept,5.50,Reject,Reject,NO,0.0000,0.0000,6.0,5.0,6.0,5.0,,,
maRYffiUpI,8.0,Accept,7.00,Accept,Accept,YES,0.0000,0.0000,8.0,8.0,5.0,,,,
tU074jg2vS,8.0,Accept,7.00,Accept,Accept,YES,0.0000,0.0000,8.0,8.0,5.0,,,,
PJqP0wyQek,7.5,Accept,6.00,Accept,Accept,YES,0.0000,0.0000,6.0,6.0,6.0,6.0,6.0,,
PRJ4n3CBzU,7.5,Accept,4.25,Reject,Reject,NO,0.0000,0.0000,5.0,3.0,6.0,3.0,,,
sSRSKjLki6,6.0,Accept,4.75,Reject,Reject,NO,0.0000,0.0000,6.0,3.0,5.0,5.0,,,
EvRZ68ObgW,7.0,Accept,3.75,Reject,Reject,NO,0.0000,0.0000,3.0,3.0,6.0,3.0,,,
CtiFwPRMZX,7.0,Accept,5.00,Reject,Reject,NO,0.0000,0.0000,3.0,6.0,8.0,3.0,,,
dZ3cI69BE8,6.5,Accept,5.00,Reject,Reject,NO,0.0000,0.0000,6.0,5.0,5.0,3.0,6.0,,
bWcnvZ3qMb,6.5,Accept,8.00,Accept,Accept,YES,0.0000,0.0000,8.0,8.0,8.0,8.0,,,
s9SVlWOcLt,6.0,Accept,6.75,Reject,Reject,NO,0.0000,0.0000,8.0,6.0,8.0,5.0,,,
Vli7PVO60W,5.5,Accept,4.50,Reject,Reject,NO,0.0000,0.0000,3.0,5.0,5.0,5.0,,,
kz78RIVL7G,2.5,Reject,2.60,Reject,Reject,YES,0.0000,0.0000,3.0,3.0,1.0,3.0,3.0,,
AqRwoHvKtN,6.5,Accept,5.33,Reject,Reject,NO,0.0000,0.0000,8.0,3.0,5.0,,,,
U6hEOZlDf5,8.0,Accept,6.00,Accept,Accept,YES,0.0000,0.0000,6.0,6.0,6.0,6.0,,,
Z3xg3hxdky,5.5,Reject,5.40,Reject,Reject,YES,0.0000,0.0000,6.0,6.0,3.0,6.0,6.0,,
1YO4EE3SPB,5.0,Reject,5.50,Accept,Accept,NO,0.0000,0.0000,6.0,6.0,5.0,5.0,,,
z3mPLBLfGY,7.5,Accept,6.00,Reject,Reject,NO,0.0000,0.0000,5.0,8.0,5.0,6.0,,,
OPdmIxdkPb,6.0,Reject,4.75,Reject,Reject,YES,0.0000,0.0000,3.0,3.0,8.0,5.0,,,
eqKHuxIpp5,5.0,Reject,2.50,Reject,Reject,YES,0.0000,0.0000,1.0,3.0,3.0,3.0,,,
Y0wAim2F8A,7.0,Accept,3.50,Reject,Reject,NO,0.0000,0.0000,3.0,3.0,3.0,5.0,,,
ZzmKEpze8e,5.5,Reject,6.50,Accept,Accept,NO,0.0000,0.0000,6.0,6.0,6.0,8.0,,,
7WgOB2nUaS,6.5,Accept,4.25,Reject,Reject,NO,0.0000,0.0000,3.0,6.0,3.0,5.0,,,
XZhpS5Imzx,-100.0,Error,4.00,Reject,Reject,NO,0.0000,0.0000,3.0,3.0,5.0,6.0,3.0,,
PxRATSTDlS,7.0,Accept,5.75,Accept,Accept,YES,0.0000,0.0000,6.0,5.0,6.0,6.0,,,
cLws58ZojF,6.0,Accept,3.00,Reject,Reject,NO,0.0000,0.0000,3.0,3.0,3.0,3.0,,,
fx8AJDQRVB,7.0,Accept,4.25,Reject,Reject,NO,0.0000,0.0000,6.0,3.0,3.0,5.0,,,
LqaEEs3UxU,6.5,Accept,5.75,Accept,Accept,YES,0.0000,0.0000,5.0,6.0,6.0,6.0,,,
FNDudoox4A,-100.0,Error,4.00,Reject,Reject,NO,0.0000,0.0000,3.0,5.0,3.0,5.0,,,
KW8yzAOIZr,6.5,Reject,5.75,Accept,Accept,NO,0.0000,0.0000,5.0,6.0,6.0,6.0,,,
f3QR9TEERH,7.5,Accept,5.25,Accept,Accept,YES,0.0000,0.0000,3.0,6.0,6.0,6.0,,,
Ch7WqGcGmb,8.5,Accept,5.75,Accept,Accept,YES,0.0000,0.0000,6.0,3.0,8.0,6.0,,,
EUSkm2sVJ6,6.5,Accept,7.60,Accept,Accept,YES,0.0000,0.0000,8.0,8.0,8.0,8.0,6.0,,
Mzb7XD0O1Q,4.5,Reject,4.00,Reject,Reject,YES,0.0000,0.0000,5.0,5.0,3.0,3.0,,,
fjwZHuQ3cm,6.0,Accept,5.50,Reject,Reject,NO,0.0000,0.0000,6.0,5.0,5.0,6.0,,,
ijFdq8uqki,6.0,Accept,5.00,Reject,Reject,NO,0.0000,0.0000,6.0,6.0,5.0,3.0,,,
mDBsBB1enO,7.5,Accept,5.00,Reject,Reject,NO,0.0000,0.0000,5.0,5.0,5.0,5.0,,,
okRSNTMdFg,7.0,Accept,4.00,Reject,Reject,NO,0.0000,0.0000,3.0,3.0,6.0,,,,
NuVBI4wPMm,7.0,Accept,6.50,Accept,Accept,YES,0.0000,0.0000,6.0,8.0,6.0,6.0,,,
OLtD2vDF5X,6.5,Accept,4.88,Reject,Reject,NO,0.0000,0.0000,6.0,5.0,3.0,5.0,5.0,5.0,
TOahfjA3sP,7.5,Accept,5.80,Accept,Accept,YES,0.0000,0.0000,6.0,6.0,6.0,5.0,6.0,,
iC4hBE9xYe,5.5,Reject,4.75,Reject,Reject,YES,0.0000,0.0000,6.0,5.0,5.0,3.0,,,
hDkLpu1E64,5.5,Reject,4.50,Reject,Reject,YES,0.0000,0.0000,5.0,3.0,5.0,5.0,,,
8sSqNntaMr,7.0,Accept,6.33,Accept,Accept,YES,0.0000,0.0000,8.0,6.0,5.0,,,,
VW21r9rTjE,7.5,Accept,4.50,Reject,Reject,NO,0.0000,0.0000,5.0,5.0,5.0,3.0,,,
DUfwD5yiN4,4.0,Reject,5.25,Reject,Reject,YES,0.0000,0.0000,5.0,8.0,3.0,5.0,,,
FoUpv84hMw,7.5,Accept,6.17,Accept,Accept,YES,0.0000,0.0000,8.0,6.0,8.0,3.0,6.0,6.0,
Ob0UafH2YI,6.0,Accept,4.67,Reject,Reject,NO,0.0000,0.0000,6.0,5.0,3.0,,,,
otU31x3fus,7.0,Accept,5.25,Accept,Accept,YES,0.0000,0.0000,8.0,1.0,6.0,6.0,,,
YHDY5uXOSN,5.5,Reject,3.00,Reject,Reject,YES,0.0000,0.0000,1.0,3.0,5.0,,,,
9TpgFnRJ1y,5.0,Reject,4.25,Reject,Reject,YES,0.0000,0.0000,6.0,3.0,3.0,5.0,,,
2eIembMRQJ,6.0,Accept,5.25,Reject,Reject,NO,0.0000,0.0000,6.0,5.0,5.0,5.0,,,
qYniSDqk8a,5.0,Reject,4.75,Reject,Reject,YES,0.0000,0.0000,6.0,5.0,5.0,3.0,,,
f4aMqhYG7z,7.0,Accept,5.60,Reject,Reject,NO,0.0000,0.0000,6.0,5.0,6.0,6.0,5.0,,
S5EqslEHnz,7.0,Accept,5.60,Accept,Accept,YES,0.0000,0.0000,8.0,3.0,5.0,6.0,6.0,,
94FKDbtTqO,6.0,Accept,5.25,Reject,Reject,NO,0.0000,0.0000,6.0,3.0,6.0,6.0,,,
Wd47f7HEXg,6.0,Accept,7.50,Accept,Accept,YES,0.0000,0.0000,8.0,6.0,8.0,8.0,,,
FkXYvV7nEB,6.0,Reject,5.25,Reject,Reject,YES,0.0000,0.0000,5.0,6.0,5.0,5.0,,,
3ktyyYGLxB,7.5,Accept,5.75,Reject,Reject,NO,0.0000,0.0000,5.0,5.0,8.0,5.0,,,
fzJtylzsKO,7.0,Accept,4.00,Reject,Reject,NO,0.0000,0.0000,5.0,5.0,3.0,3.0,,,
RmOXAa5H5Y,5.5,Reject,3.00,Reject,Reject,YES,0.0000,0.0000,3.0,3.0,3.0,3.0,,,
BJ9mzoSeu1,6.0,Accept,5.50,Reject,Reject,NO,0.0000,0.0000,6.0,5.0,5.0,6.0,,,
NsFZZU9gvk,7.0,Accept,7.00,Accept,Accept,YES,0.0000,0.0000,6.0,8.0,6.0,8.0,,,
8vzMLo8LDN,7.5,Accept,6.25,Accept,Accept,YES,0.0000,0.0000,8.0,6.0,5.0,6.0,,,
6IjN7oxjXt,4.0,Reject,5.50,Accept,Accept,NO,0.0000,0.0000,5.0,6.0,6.0,5.0,,,
L3FHMoKZcS,8.0,Accept,6.00,Accept,Accept,YES,0.0000,0.0000,6.0,6.0,6.0,6.0,,,
NxyfSW6mLK,7.5,Accept,6.75,Accept,Accept,YES,0.0000,0.0000,6.0,8.0,5.0,8.0,,,
y6wVRmPwDu,5.5,Reject,4.25,Reject,Reject,YES,0.0000,0.0000,3.0,8.0,3.0,3.0,,,
Qmw9ne6SOQ,7.0,Accept,6.50,Accept,Accept,YES,0.0000,0.0000,5.0,8.0,5.0,8.0,,,
rvj1mn8q8D,5.5,Reject,5.75,Reject,Reject,YES,0.0000,0.0000,6.0,5.0,6.0,6.0,,,
ZO5cn4IfaN,5.5,Borderline Accept,7.00,Accept,Accept,NO,0.0000,0.0000,8.0,6.0,8.0,6.0,6.0,8.0,
BeOEmnmyFu,5.0,Reject,2.50,Reject,Reject,YES,0.0000,0.0000,1.0,3.0,3.0,3.0,,,
Z2uhdwOrn0,4.5,Reject,5.50,Reject,Reject,YES,0.0000,0.0000,6.0,6.0,5.0,5.0,,,
CXS3cIb5Dc,5.5,Reject,4.00,Reject,Reject,YES,0.0000,0.0000,3.0,5.0,3.0,5.0,,,
TNYLCF7vZA,6.0,Accept,4.75,Reject,Reject,NO,0.0000,0.0000,3.0,5.0,3.0,8.0,,,
fr7cLDfNNU,6.5,Accept,5.50,Reject,Reject,NO,0.0000,0.0000,5.0,8.0,3.0,6.0,,,
o1efpbvR6v,4.5,Reject,2.33,Reject,Reject,YES,0.0000,0.0000,1.0,1.0,5.0,,,,
vqIH0ObdqL,4.5,Accept,6.00,Accept,Accept,YES,0.0000,0.0000,6.0,6.0,6.0,,,,
Wvi8c0tgvt,8.0,Accept,6.67,Accept,Accept,YES,0.0000,0.0000,6.0,8.0,6.0,,,,
KaYXsoCxV7,7.5,Accept,3.00,Reject,Reject,NO,0.0000,0.0000,3.0,3.0,3.0,3.0,,,
wKB3XcQHcX,7.0,Accept,5.75,Reject,Reject,NO,0.0000,0.0000,3.0,6.0,8.0,6.0,,,
Alv71WWRgh,5.0,Reject,4.50,Reject,Reject,YES,0.0000,0.0000,3.0,5.0,5.0,5.0,,,
hUD9ugK2OH,5.5,Accept,5.75,Reject,Reject,NO,0.0000,0.0000,6.0,6.0,5.0,6.0,,,
QowsEic1sc,5.5,Accept,6.00,Accept,Accept,YES,0.0000,0.0000,6.0,6.0,6.0,6.0,,,
pAVJKp3Dvn,6.5,Accept,5.67,Accept,Accept,YES,0.0000,0.0000,6.0,5.0,6.0,,,,
6E8GCcCgxl,5.0,Reject,3.25,Reject,Reject,YES,0.0000,0.0000,3.0,1.0,3.0,6.0,,,
exei8zvY13,6.0,Accept,2.00,Reject,Reject,NO,0.0000,0.0000,3.0,1.0,1.0,3.0,,,
3pf2hEdu8B,4.5,Reject,6.00,Accept,Accept,NO,0.0000,0.0000,8.0,6.0,5.0,5.0,,,
vpo2K9Xivv,5.5,Reject,3.80,Reject,Reject,YES,0.0000,0.0000,3.0,3.0,5.0,3.0,5.0,,
n6KBvTQ10I,7.0,Accept,3.75,Reject,Reject,NO,0.0000,0.0000,6.0,3.0,3.0,3.0,,,
moXtEmCleY,6.0,Reject,6.00,Accept,Accept,NO,0.0000,0.0000,6.0,6.0,6.0,6.0,,,
dIoLjHet58,6.5,Accept,5.50,Reject,Reject,NO,0.0000,0.0000,6.0,5.0,5.0,6.0,,,
pTN8dV2pL8,5.5,Reject,6.00,Accept,Accept,NO,0.0000,0.0000,6.0,6.0,6.0,6.0,,,
orD5t7blqV,6.0,Accept,4.25,Reject,Reject,NO,0.0000,0.0000,3.0,5.0,6.0,3.0,,,
J8YWCBPgx7,5.0,Reject,6.50,Accept,Accept,NO,0.0000,0.0000,8.0,6.0,6.0,6.0,,,
X4Rcxi9588,7.0,Accept,5.50,Reject,Reject,NO,0.0000,0.0000,5.0,5.0,6.0,6.0,,,
5WtovCb1ZE,7.0,Accept,5.75,Reject,Reject,NO,0.0000,0.0000,8.0,6.0,3.0,6.0,,,
8vUcEqFGE1,4.0,Reject,3.50,Reject,Reject,YES,0.0000,0.0000,3.0,3.0,5.0,3.0,,,
KZWaxtzIRx,7.0,Accept,5.00,Accept,Accept,YES,0.0000,0.0000,6.0,3.0,6.0,,,,
LojXXo2xaf,5.5,Reject,6.00,Reject,Reject,YES,0.0000,0.0000,5.0,8.0,3.0,8.0,,,
xxzukMsYs9,4.5,Reject,5.50,Reject,Reject,YES,0.0000,0.0000,3.0,8.0,5.0,6.0,,,
gp32jvUquq,7.0,Accept,6.50,Accept,Accept,YES,0.0000,0.0000,8.0,5.0,8.0,5.0,,,
Y5Xkw9fpty,7.5,Accept,4.00,Reject,Reject,NO,0.0000,0.0000,3.0,3.0,6.0,,,,
f8S3aLm0Vp,6.0,Accept,6.50,Accept,Accept,YES,0.0000,0.0000,6.0,6.0,6.0,8.0,,,
p09XyFxZkc,5.5,Reject,5.50,Reject,Reject,YES,0.0000,0.0000,6.0,6.0,5.0,5.0,,,
MUWkqH6e7d,7.0,Accept,5.75,Reject,Reject,NO,0.0000,0.0000,6.0,6.0,6.0,5.0,,,
qdOIkeZ5e4,6.0,Accept,6.00,Accept,Accept,YES,0.0000,0.0000,6.0,6.0,6.0,6.0,,,
DJw1JBTmuk,6.5,Accept,5.50,Reject,Reject,NO,0.0000,0.0000,6.0,3.0,5.0,8.0,,,
Dpqw0namg3,6.5,Accept,6.00,Reject,Reject,NO,0.0000,0.0000,6.0,6.0,6.0,,,,
B9kUJuWrYC,5.5,Reject,5.75,Accept,Accept,NO,0.0000,0.0000,5.0,6.0,6.0,6.0,,,
ey3GhWXQ97,7.0,Accept,6.33,Accept,Accept,YES,0.0000,0.0000,6.0,5.0,8.0,,,,
to4PdiiILF,7.0,Accept,3.00,Reject,Reject,NO,0.0000,0.0000,3.0,3.0,3.0,,,,
dmh53n4onc,6.0,Accept,4.00,Reject,Reject,NO,0.0000,0.0000,6.0,3.0,3.0,,,,
nbia2X0urs,5.5,Reject,4.75,Reject,Reject,YES,0.0000,0.0000,5.0,8.0,3.0,3.0,,,
eznTVIM3bs,5.5,Reject,5.25,Accept,Accept,NO,0.0000,0.0000,6.0,6.0,3.0,6.0,,,
ho7ZUS1z8A,5.0,Reject,5.00,Reject,Reject,YES,0.0000,0.0000,3.0,6.0,6.0,,,,
vodsIF3o7N,5.0,Reject,5.50,Accept,Accept,NO,0.0000,0.0000,5.0,5.0,6.0,6.0,,,
k2lkeCCfRK,5.5,Reject,5.00,Reject,Reject,YES,0.0000,0.0000,5.0,5.0,5.0,5.0,5.0,,
uYTaVRkKvz,6.5,Accept,5.20,Reject,Reject,NO,0.0000,0.0000,3.0,6.0,6.0,3.0,8.0,,
n9xeGcI4Yg,7.5,Accept,5.25,Accept,Accept,YES,0.0000,0.0000,1.0,6.0,8.0,6.0,,,
cFT9jWI7vT,6.0,Accept,5.00,Reject,Reject,NO,0.0000,0.0000,5.0,6.0,3.0,6.0,,,
vXG7d2VlHU,5.0,Reject,4.50,Reject,Reject,YES,0.0000,0.0000,5.0,5.0,3.0,5.0,,,
SWEqzy7IQB,5.5,Accept,6.00,Accept,Accept,YES,0.0000,0.0000,6.0,6.0,6.0,6.0,,,
3sfOGsBh85,5.0,Reject,4.75,Reject,Reject,YES,0.0000,0.0000,3.0,5.0,5.0,6.0,,,
SvEMbCMgb5,6.5,Accept,4.75,Reject,Reject,NO,0.0000,0.0000,5.0,3.0,5.0,6.0,,,
k5VHHgsRbi,7.0,Accept,6.80,Accept,Accept,YES,0.0000,0.0000,8.0,6.0,8.0,6.0,6.0,,
VNMJfBBUd5,7.5,Accept,6.00,Accept,Accept,YES,0.0000,0.0000,6.0,6.0,6.0,6.0,,,
dwademPdV1,5.5,Reject,5.33,Reject,Reject,YES,0.0000,0.0000,5.0,5.0,6.0,,,,
O6QZ4W6GXt,5.5,Reject,4.20,Reject,Reject,YES,0.0000,0.0000,5.0,5.0,3.0,5.0,3.0,,
QiyQJqpcYe,7.0,Accept,4.75,Reject,Reject,NO,0.0000,0.0000,3.0,5.0,6.0,5.0,,,
hD3sGVqPsr,7.5,Accept,6.00,Accept,Accept,YES,0.0000,0.0000,6.0,6.0,6.0,,,,
hnpXIEaOrS,5.0,Reject,3.50,Reject,Reject,YES,0.0000,0.0000,3.0,5.0,3.0,3.0,,,
UNHU7uO2qM,7.0,Accept,6.00,Reject,Reject,NO,0.0000,0.0000,6.0,6.0,6.0,6.0,,,
RRKggDJxo2,4.5,Reject,4.25,Reject,Reject,YES,0.0000,0.0000,6.0,5.0,5.0,1.0,,,
S1qSHSFOew,5.5,Reject,5.50,Reject,Reject,YES,0.0000,0.0000,6.0,5.0,8.0,3.0,,,
myolhJPuRI,5.0,Reject,5.50,Accept,Accept,NO,0.0000,0.0000,6.0,6.0,5.0,5.0,,,
w2uIJiHTIA,8.5,Accept,4.75,Reject,Reject,NO,0.0000,0.0000,5.0,5.0,3.0,6.0,,,
8Lqb1dbbfa,7.5,Accept,4.00,Reject,Reject,NO,0.0000,0.0000,3.0,5.0,5.0,3.0,,,
p74CpDzw1Y,7.0,Accept,6.50,Accept,Accept,YES,0.0000,0.0000,8.0,6.0,6.0,6.0,,,
WNZNsyzcaB,5.5,Reject,6.75,Reject,Reject,YES,0.0000,0.0000,8.0,5.0,8.0,6.0,,,
DZ6B5u4vfe,6.5,Accept,4.25,Reject,Reject,NO,0.0000,0.0000,3.0,6.0,3.0,5.0,,,
zqzsZ5cXbB,8.0,Accept,5.50,Accept,Accept,YES,0.0000,0.0000,3.0,6.0,8.0,5.0,,,
Qp33jnRKda,5.5,Reject,5.25,Reject,Reject,YES,0.0000,0.0000,5.0,5.0,5.0,6.0,,,
frZVMBbqQJ,6.5,Accept,4.50,Reject,Reject,NO,0.0000,0.0000,5.0,5.0,3.0,5.0,,,
qfU5S4cddQ,7.5,Accept,5.00,Reject,Reject,NO,0.0000,0.0000,3.0,3.0,8.0,6.0,,,
ori83fBg71,7.0,Accept,5.25,Reject,Reject,NO,0.0000,0.0000,3.0,5.0,5.0,8.0,,,
sBJIVQvJqN,5.0,Accept,5.50,Reject,Reject,NO,0.0000,0.0000,3.0,8.0,8.0,3.0,,,
6HfNB34x9I,5.0,Reject,5.25,Reject,Reject,YES,0.0000,0.0000,6.0,5.0,5.0,5.0,,,
KO09K3rBSr,6.0,Accept,4.80,Reject,Reject,NO,0.0000,0.0000,5.0,3.0,5.0,8.0,3.0,,
b2UlHeyyC0,6.5,Accept,5.67,Accept,Accept,YES,0.0000,0.0000,6.0,8.0,3.0,,,,
HVJBFYJrN2,7.0,Accept,5.25,Reject,Reject,NO,0.0000,0.0000,6.0,5.0,5.0,5.0,,,
tmwR707odU,5.5,Reject,4.50,Reject,Reject,YES,0.0000,0.0000,5.0,3.0,5.0,5.0,,,
lGDmwb12Qq,5.0,Reject,4.67,Reject,Reject,YES,0.0000,0.0000,3.0,6.0,5.0,,,,
ExZ5gonvhs,7.5,Accept,5.33,Reject,Reject,NO,0.0000,0.0000,5.0,6.0,5.0,,,,
SaqU2ca367,6.0,Accept,4.00,Reject,Reject,NO,0.0000,0.0000,3.0,5.0,5.0,3.0,,,
cLTM1gc6Qm,4.5,Reject,6.00,Reject,Reject,YES,0.0000,0.0000,10.0,3.0,5.0,,,,
utz99dx2RN,7.0,Accept,6.50,Accept,Accept,YES,0.0000,0.0000,8.0,8.0,6.0,6.0,6.0,5.0,
AZW3qlCGTe,7.5,Accept,5.67,Accept,Accept,YES,0.0000,0.0000,6.0,5.0,6.0,,,,
abL5LJNZ49,7.5,Accept,6.50,Accept,Accept,YES,0.0000,0.0000,6.0,6.0,8.0,6.0,,,
dwademPdV1,5.5,Reject,5.33,Reject,Reject,YES,0.0000,0.0000,5.0,5.0,6.0,,,,
OfsGBHdFgk,5.0,Reject,3.80,Reject,Reject,YES,0.0000,0.0000,3.0,3.0,3.0,5.0,5.0,,
Dzamphz35c,6.0,Accept,3.75,Reject,Reject,NO,0.0000,0.0000,1.0,6.0,5.0,3.0,,,
GURqUuTebY,5.0,Reject,6.25,Accept,Accept,NO,0.0000,0.0000,5.0,6.0,8.0,6.0,,,
gaa7gWPZBz,5.0,Reject,3.00,Reject,Reject,YES,0.0000,0.0000,3.0,3.0,3.0,,,,
XlfTLt0zvd,5.0,Reject,5.00,Reject,Reject,YES,0.0000,0.0000,5.0,5.0,5.0,5.0,,,
8fYvPCB0Ja,7.0,Accept,5.75,Reject,Reject,NO,0.0000,0.0000,3.0,6.0,8.0,6.0,,,
gVkX9QMBO3,6.5,Accept,6.25,Accept,Accept,YES,0.0000,0.0000,6.0,6.0,5.0,8.0,,,
PNHjoWcQje,6.5,Accept,5.50,Reject,Reject,NO,0.0000,0.0000,6.0,6.0,5.0,5.0,,,
zn0eqMtsrw,6.0,Reject,5.75,Reject,Reject,YES,0.0000,0.0000,5.0,6.0,6.0,6.0,,,
twtTLZnG0B,6.0,Accept,6.25,Accept,Accept,YES,0.0000,0.0000,8.0,6.0,6.0,5.0,,,
9SmukfhJoF,6.5,Accept,5.25,Reject,Reject,NO,0.0000,0.0000,6.0,5.0,5.0,5.0,,,
h3unlS2VWz,7.0,Accept,5.50,Reject,Reject,NO,0.0000,0.0000,6.0,6.0,5.0,5.0,,,
bnpeTgh29E,5.0,Reject,3.75,Reject,Reject,YES,0.0000,0.0000,3.0,3.0,6.0,3.0,,,
HBf6HFnpmH,7.5,Accept,5.50,Reject,Reject,NO,0.0000,0.0000,5.0,6.0,3.0,8.0,,,
IuEBdNsWKb,5.5,Reject,4.25,Reject,Reject,YES,0.0000,0.0000,3.0,8.0,3.0,3.0,,,
QHfIe4chR5,7.0,Accept,4.50,Reject,Reject,NO,0.0000,0.0000,6.0,3.0,3.0,6.0,,,
oMNkj4ER7V,6.5,Accept,6.00,Accept,Accept,YES,0.0000,0.0000,6.0,5.0,5.0,8.0,,,
5GauLpaNGC,6.0,Reject,5.67,Reject,Reject,YES,0.0000,0.0000,8.0,3.0,6.0,,,,
5y3QbuK6HD,4.0,Reject,4.50,Reject,Reject,YES,0.0000,0.0000,6.0,6.0,3.0,3.0,,,
inOwd7hZC1,6.5,Accept,7.00,Accept,Accept,YES,0.0000,0.0000,6.0,8.0,8.0,6.0,,,
0GZ1Bq4Tfr,5.5,Reject,3.75,Reject,Reject,YES,0.0000,0.0000,3.0,6.0,3.0,3.0,,,
wPq7fkzL2j,5.5,Reject,4.50,Reject,Reject,YES,0.0000,0.0000,5.0,5.0,3.0,5.0,,,
QE1ClsZjOQ,5.0,Reject,4.50,Reject,Reject,YES,0.0000,0.0000,3.0,5.0,5.0,5.0,,,
r0JfDTXAWx,7.0,Accept,4.00,Reject,Reject,NO,0.0000,0.0000,3.0,5.0,5.0,3.0,,,
AnL6BuWzxa,7.0,Accept,6.60,Accept,Accept,YES,0.0000,0.0000,5.0,6.0,8.0,6.0,8.0,,
FFUmPQM8c5,6.0,Accept,4.00,Reject,Reject,NO,0.0000,0.0000,5.0,5.0,3.0,3.0,,,
Hjp1V6zlZi,7.5,Accept,5.00,Reject,Reject,NO,0.0000,0.0000,6.0,6.0,5.0,5.0,3.0,,
eSO9quCgmz,6.0,Accept,5.00,Reject,Reject,NO,0.0000,0.0000,3.0,6.0,5.0,6.0,,,
EyaH1wzmao,6.5,Reject,6.33,Accept,Accept,NO,0.0000,0.0000,8.0,3.0,8.0,,,,
G5sPv4KSjR,6.0,Accept,5.80,Accept,Accept,YES,0.0000,0.0000,6.0,3.0,6.0,8.0,6.0,,
uPj9oBH80V,5.0,Reject,3.50,Reject,Reject,YES,0.0000,0.0000,6.0,1.0,6.0,1.0,,,
0CtIt485ew,6.0,Accept,4.00,Reject,Reject,NO,0.0000,0.0000,5.0,3.0,3.0,5.0,,,
AKAz88zYLB,5.5,Reject,5.80,Reject,Reject,YES,0.0000,0.0000,8.0,5.0,3.0,8.0,5.0,,
vikwIayXOx,7.0,Accept,5.14,Reject,Reject,NO,0.0000,0.0000,6.0,5.0,5.0,6.0,3.0,6.0,
mkE9Yx4wHY,6.5,Accept,5.50,Reject,Reject,NO,0.0000,0.0000,5.0,6.0,3.0,8.0,,,
U49N5V51rU,6.0,Accept,6.80,Accept,Accept,YES,0.0000,0.0000,6.0,8.0,6.0,8.0,6.0,,
7ienVkNf83,5.5,Reject,3.00,Reject,Reject,YES,0.0000,0.0000,5.0,3.0,1.0,,,,
vNiI3aGcE6,4.5,Reject,7.00,Accept,Accept,NO,0.0000,0.0000,6.0,6.0,8.0,8.0,,,
04qx93Viwj,5.0,Reject,7.33,Accept,Accept,NO,0.0000,0.0000,8.0,8.0,6.0,,,,
sY3anJ8C68,7.5,Accept,6.25,Accept,Accept,YES,0.0000,0.0000,6.0,5.0,6.0,8.0,,,
kMT8ujhYbA,6.5,Accept,5.33,Reject,Reject,NO,0.0000,0.0000,3.0,8.0,5.0,,,,
JJ46kIfPio,6.0,Accept,4.00,Reject,Reject,NO,0.0000,0.0000,5.0,3.0,3.0,5.0,,,
IXOoltTofP,5.0,Reject,3.75,Reject,Reject,YES,0.0000,0.0000,3.0,3.0,3.0,6.0,,,
j7yeq2sOj3,6.0,Accept,5.00,Reject,Reject,NO,0.0000,0.0000,3.0,5.0,5.0,6.0,6.0,,
0ov0dMQ3mN,7.5,Accept,6.00,Accept,Accept,YES,0.0000,0.0000,6.0,6.0,6.0,6.0,,,
zKvrOOBouT,5.5,Reject,6.50,Accept,Accept,NO,0.0000,0.0000,8.0,6.0,6.0,6.0,,,
pCEgna6Qco,7.5,Accept,6.75,Accept,Accept,YES,0.0000,0.0000,5.0,8.0,6.0,8.0,,,
voVjW1PT2c,5.0,Reject,6.00,Reject,Reject,YES,0.0000,0.0000,5.0,5.0,8.0,,,,
Vc52HZwNwe,4.5,Reject,5.25,Reject,Reject,YES,0.0000,0.0000,3.0,5.0,8.0,5.0,,,
TkP2RtR4hr,4.5,Reject,3.00,Reject,Reject,YES,0.0000,0.0000,3.0,5.0,1.0,3.0,,,
OsGUnYOzii,7.0,Accept,6.50,Accept,Accept,YES,0.0000,0.0000,5.0,8.0,5.0,8.0,,,
M9U49u9GA7,6.0,Accept,5.00,Reject,Reject,NO,0.0000,0.0000,5.0,5.0,5.0,5.0,,,
LQdaXixB0g,4.5,Reject,2.50,Reject,Reject,YES,0.0000,0.0000,3.0,1.0,1.0,5.0,,,
igiQUYs53F,6.5,Accept,3.50,Reject,Reject,NO,0.0000,0.0000,3.0,3.0,3.0,5.0,,,
MDvecs7EvO,5.0,Reject,6.50,Accept,Accept,NO,0.0000,0.0000,8.0,5.0,5.0,8.0,,,
nzh8Z8d1Zc,6.0,Accept,3.67,Reject,Reject,NO,0.0000,0.0000,5.0,3.0,3.0,,,,
gdNruOMSwc,5.0,Reject,4.33,Reject,Reject,YES,0.0000,0.0000,5.0,5.0,3.0,,,,
Tn6lrFbiP4,7.5,Accept,6.33,Accept,Accept,YES,0.0000,0.0000,5.0,6.0,8.0,,,,
ydH8nU5csJ,5.5,Reject,4.60,Reject,Reject,YES,0.0000,0.0000,5.0,3.0,5.0,5.0,5.0,,
Y9yQ9qmVrc,5.0,Reject,2.50,Reject,Reject,YES,0.0000,0.0000,3.0,3.0,1.0,3.0,,,
QFo2wxQEW6,6.0,Accept,5.00,Reject,Reject,NO,0.0000,0.0000,5.0,5.0,5.0,,,,
COYDmKkQH4,6.0,Accept,5.67,Accept,Accept,YES,0.0000,0.0000,8.0,3.0,6.0,,,,
7JRbs3i9Ei,6.0,Accept,4.33,Reject,Reject,NO,0.0000,0.0000,3.0,5.0,5.0,,,,
lAhQCHuANV,8.0,Accept,6.33,Accept,Accept,YES,0.0000,0.0000,8.0,5.0,6.0,,,,
6XodKiDS3B,5.5,Reject,5.50,Reject,Reject,YES,0.0000,0.0000,3.0,8.0,6.0,5.0,,,
CY6bFF9A3O,7.0,Accept,6.00,Reject,Reject,NO,0.0000,0.0000,5.0,5.0,8.0,6.0,,,
UMwn5l37gU,5.0,Reject,3.75,Reject,Reject,YES,0.0000,0.0000,3.0,3.0,6.0,3.0,,,
c1RhJVTPwT,7.0,Accept,6.50,Accept,Accept,YES,0.0000,0.0000,6.0,6.0,8.0,6.0,,,
atQqW27RMQ,7.0,Accept,4.67,Reject,Reject,NO,0.0000,0.0000,1.0,5.0,8.0,,,,
YCwN7wQA6W,7.5,Accept,4.25,Reject,Reject,NO,0.0000,0.0000,6.0,3.0,5.0,3.0,,,
am7BPV3Cwo,7.5,Accept,5.75,Reject,Reject,NO,0.0000,0.0000,5.0,6.0,6.0,6.0,,,
kILAd8RdzA,6.5,Accept,6.33,Accept,Accept,YES,0.0000,0.0000,5.0,8.0,6.0,,,,
j3bkYuxITP,4.0,Reject,4.00,Reject,Reject,YES,0.0000,0.0000,3.0,5.0,3.0,5.0,,,
y5B0ca4mjt,7.0,Accept,6.50,Accept,Accept,YES,0.0000,0.0000,6.0,6.0,8.0,6.0,,,
H48OMCCiI7,7.5,Accept,4.00,Reject,Reject,NO,0.0000,0.0000,5.0,3.0,6.0,5.0,3.0,3.0,
A0DI5v6m8O,6.5,Accept,5.50,Reject,Reject,NO,0.0000,0.0000,6.0,8.0,3.0,5.0,,,
1hT2fsHbK9,6.5,Accept,5.25,Reject,Reject,NO,0.0000,0.0000,5.0,5.0,5.0,6.0,,,
QM2WoPu1It,6.0,Accept,4.75,Reject,Reject,NO,0.0000,0.0000,5.0,6.0,5.0,3.0,,,
O2jyuo89CK,5.0,Reject,5.67,Accept,Accept,NO,0.0000,0.0000,5.0,6.0,6.0,,,,
Rd4pGjTcTj,6.5,Accept,5.50,Reject,Reject,NO,0.0000,0.0000,8.0,6.0,5.0,3.0,,,
FtyHMDQSlD,7.0,Accept,4.40,Reject,Reject,NO,0.0000,0.0000,6.0,3.0,3.0,5.0,5.0,,
QPDbIFumQ8,5.5,Weak Accept,5.33,Reject,Reject,NO,0.0000,0.0000,5.0,5.0,6.0,,,,
bEqI61iBue,6.5,Accept,5.67,Accept,Accept,YES,0.0000,0.0000,6.0,5.0,6.0,,,,
tHHzfZSP6T,7.0,Accept,5.00,Reject,Reject,NO,0.0000,0.0000,3.0,6.0,3.0,8.0,,,
TTWxMAwS6n,6.0,Accept,4.33,Reject,Reject,NO,0.0000,0.0000,3.0,5.0,5.0,,,,
bjkQTInGes,7.5,Accept,5.00,Reject,Reject,NO,0.0000,0.0000,5.0,5.0,5.0,5.0,,,
gjC91PwBZy,7.0,Accept,5.00,Reject,Reject,NO,0.0000,0.0000,5.0,5.0,5.0,5.0,,,
SaSK9M66KK,6.0,Accept,5.00,Reject,Reject,NO,0.0000,0.0000,6.0,6.0,3.0,5.0,,,
VRbypIkXrt,7.0,Accept,5.00,Reject,Reject,NO,0.0000,0.0000,5.0,5.0,5.0,,,,
w6mjerkePG,7.0,Accept,3.50,Reject,Reject,NO,0.0000,0.0000,5.0,3.0,3.0,3.0,,,
EVZnnhtMNX,4.0,Reject,3.00,Reject,Reject,YES,0.0000,0.0000,3.0,5.0,3.0,1.0,3.0,,
Ok7ZH2Cyd7,7.0,Accept,4.20,Reject,Reject,NO,0.0000,0.0000,6.0,3.0,6.0,3.0,3.0,,
VjHOGqHC4I,3.5,Reject,3.50,Reject,Reject,YES,0.0000,0.0000,3.0,3.0,5.0,3.0,,,
JYV2hrtFSv,7.5,Accept,6.25,Accept,Accept,YES,0.0000,0.0000,6.0,5.0,6.0,8.0,,,
Iy0WQ0c75x,5.5,Reject,4.75,Reject,Reject,YES,0.0000,0.0000,6.0,5.0,5.0,3.0,,,
z2VBHpRT14,5.5,Reject,6.50,Reject,Reject,YES,0.0000,0.0000,6.0,5.0,5.0,10.0,,,
r6XqXoRT6N,6.0,Accept,4.20,Reject,Reject,NO,0.0000,0.0000,5.0,3.0,5.0,3.0,5.0,,
jH67LHVOIO,6.0,Accept,6.33,Accept,Accept,YES,0.0000,0.0000,5.0,6.0,8.0,,,,
VNqERlTCQX,5.0,Reject,3.00,Reject,Reject,YES,0.0000,0.0000,1.0,3.0,5.0,3.0,,,
yLClGs770I,8.0,Accept,7.20,Accept,Accept,YES,0.0000,0.0000,8.0,8.0,8.0,6.0,6.0,,
l3qtSNsPvC,5.0,Reject,7.50,Accept,Accept,NO,0.0000,0.0000,6.0,8.0,8.0,8.0,,,
PRJ4n3CBzU,5.5,Reject,4.25,Reject,Reject,YES,0.0000,0.0000,5.0,3.0,6.0,3.0,,,
FDnZFpHmU4,7.0,Accept,7.50,Accept,Accept,YES,0.0000,0.0000,6.0,8.0,8.0,8.0,,,
i25WJWnsmq,4.5,Reject,3.00,Reject,Reject,YES,0.0000,0.0000,3.0,3.0,3.0,,,,
m3RRWWFaVe,6.5,Accept,4.25,Accept,Accept,YES,0.0000,0.0000,6.0,1.0,5.0,5.0,,,
w2qzdlvPMK,7.5,Accept,4.75,Reject,Reject,NO,0.0000,0.0000,5.0,6.0,3.0,5.0,,,
9ztL7Trdnx,6.0,Accept,5.00,Reject,Reject,NO,0.0000,0.0000,5.0,5.0,5.0,5.0,,,
7Scc7Nl7lg,6.0,Accept,4.80,Reject,Reject,NO,0.0000,0.0000,3.0,6.0,6.0,3.0,6.0,,
ltZ9ianMth,5.0,Reject,5.50,Accept,Accept,NO,0.0000,0.0000,6.0,5.0,5.0,6.0,,,
Ng4HaH4L6P,7.0,Accept,3.40,Reject,Reject,NO,0.0000,0.0000,5.0,3.0,3.0,3.0,3.0,,
PklYedVFUW,6.0,Accept,5.33,Reject,Reject,NO,0.0000,0.0000,5.0,6.0,5.0,,,,
BDisxnHzRL,6.5,Accept,4.25,Reject,Reject,NO,0.0000,0.0000,3.0,3.0,6.0,5.0,,,
bnJgzAQjWf,6.0,Accept,6.20,Accept,Accept,YES,0.0000,0.0000,6.0,6.0,6.0,8.0,5.0,,
3bmjHYX42n,5.0,Reject,5.25,Reject,Reject,YES,0.0000,0.0000,5.0,5.0,5.0,6.0,,,
jZASmAlxp2,7.5,Accept,6.20,Reject,Reject,NO,0.0000,0.0000,5.0,5.0,8.0,5.0,8.0,,
1V28zvLJMg,6.5,Accept,6.00,Reject,Reject,NO,0.0000,0.0000,5.0,6.0,5.0,8.0,,,
urQi0TgXFY,7.0,Accept,5.00,Reject,Reject,NO,0.0000,0.0000,6.0,5.0,3.0,6.0,,,
jo36Mzwuvf,5.5,Reject,4.75,Reject,Reject,YES,0.0000,0.0000,6.0,5.0,5.0,3.0,,,
SNGANmQPLv,6.5,Accept,5.25,Reject,Reject,NO,0.0000,0.0000,5.0,6.0,5.0,5.0,,,
dgb4rfPzaw,7.0,Accept,5.00,Reject,Reject,NO,0.0000,0.0000,5.0,5.0,5.0,5.0,,,
NbgODSFW3q,7.0,Accept,5.00,Reject,Reject,NO,0.0000,0.0000,5.0,5.0,5.0,5.0,,,
VvDEuyVXkG,6.5,Accept,6.25,Accept,Accept,YES,0.0000,0.0000,6.0,8.0,6.0,5.0,,,
nnsPXGPcgI,5.0,Reject,3.75,Reject,Reject,YES,0.0000,0.0000,6.0,3.0,3.0,3.0,,,
a8wjeqTZ9C,6.0,Accept,3.75,Reject,Reject,NO,0.0000,0.0000,3.0,6.0,3.0,3.0,,,
PHGxChm1l5,6.0,Reject,6.33,Accept,Accept,NO,0.0000,0.0000,5.0,6.0,8.0,,,,
LY3ukUANko,7.5,Accept,6.33,Accept,Accept,YES,0.0000,0.0000,8.0,3.0,8.0,,,,
GwKNdRc9Bj,7.5,Accept,3.75,Reject,Reject,NO,0.0000,0.0000,6.0,3.0,3.0,3.0,,,
2veex1oOtc,6.5,Accept,5.75,Reject,Reject,NO,0.0000,0.0000,6.0,5.0,6.0,6.0,,,
CVldG5ohCy,5.5,Reject,4.00,Reject,Reject,YES,0.0000,0.0000,6.0,3.0,6.0,1.0,,,
aCgybhcZFi,7.5,Accept,5.67,Reject,Reject,NO,0.0000,0.0000,6.0,6.0,5.0,,,,
jpypMKAsO6,-100.0,Error,5.67,Reject,Reject,NO,0.0000,0.0000,5.0,6.0,6.0,,,,
fCi4o83Mfs,7.5,Accept,6.75,Accept,Accept,YES,0.0000,0.0000,5.0,8.0,8.0,6.0,,,
GhYXocT75t,7.0,Accept,4.67,Reject,Reject,NO,0.0000,0.0000,3.0,3.0,8.0,,,,
jkpGIxSsUD,8.0,Accept,5.50,Accept,Accept,YES,0.0000,0.0000,5.0,6.0,3.0,8.0,,,
oEzY6fRUMH,7.0,Accept,4.75,Reject,Reject,NO,0.0000,0.0000,3.0,5.0,8.0,3.0,,,
D9GoWJJxS5,7.5,Accept,5.00,Reject,Reject,NO,0.0000,0.0000,5.0,6.0,5.0,6.0,3.0,,
9Y6QWwQhF3,7.0,Accept,4.25,Reject,Reject,NO,0.0000,0.0000,5.0,6.0,3.0,3.0,,,
YlleMywQzX,6.0,Accept,5.75,Reject,Reject,NO,0.0000,0.0000,6.0,5.0,6.0,6.0,,,
Y1r9yCMzeA,7.5,Accept,6.75,Accept,Accept,YES,0.0000,0.0000,5.0,8.0,8.0,6.0,,,
4fJghLR3hk,6.5,Accept,4.00,Reject,Reject,NO,0.0000,0.0000,3.0,6.0,3.0,,,,
3QR230r11w,5.0,Reject,5.50,Reject,Reject,YES,0.0000,0.0000,3.0,5.0,6.0,8.0,,,
LY1eOfqU16,6.0,Accept,3.67,Reject,Reject,NO,0.0000,0.0000,3.0,3.0,5.0,,,,
kMi8jCKxYr,6.5,Accept,4.67,Reject,Reject,NO,0.0000,0.0000,3.0,5.0,6.0,,,,
RbKThNNFxr,6.0,Accept,5.33,Reject,Reject,NO,0.0000,0.0000,5.0,5.0,6.0,,,,
dKZCfzRlm3,7.0,Accept,5.75,Reject,Reject,NO,0.0000,0.0000,6.0,6.0,6.0,5.0,,,
tc90LV0yRL,7.5,Accept,8.67,Accept,Accept,YES,0.0000,0.0000,8.0,8.0,10.0,,,,
PiZtlzMWUj,6.0,Accept,7.25,Accept,Accept,YES,0.0000,0.0000,6.0,5.0,10.0,8.0,,,
NSlvSDQ8aE,6.0,Accept,7.00,Reject,Reject,NO,0.0000,0.0000,5.0,8.0,8.0,,,,
oI5tZaWkF9,6.5,Accept,7.50,Accept,Accept,YES,0.0000,0.0000,6.0,8.0,8.0,8.0,,,
uW3tNSx7PZ,2.5,Reject,2.50,Reject,Reject,YES,0.0000,0.0000,3.0,5.0,1.0,1.0,,,
NY3wMJuaLf,5.0,Reject,6.00,Accept,Accept,NO,0.0000,0.0000,6.0,6.0,6.0,6.0,,,
3tjTJeXyA7,5.0,Reject,5.25,Reject,Reject,YES,0.0000,0.0000,6.0,6.0,1.0,8.0,,,
hxpbOfBywA,5.5,Reject,3.50,Reject,Reject,YES,0.0000,0.0000,3.0,3.0,5.0,3.0,,,
M0QHJI9OuF,5.0,Reject,4.67,Reject,Reject,YES,0.0000,0.0000,6.0,5.0,3.0,,,,
Op1XmdxFk8,8.5,Accept,4.75,Reject,Reject,NO,0.0000,0.0000,3.0,5.0,5.0,6.0,,,
CJPzLnQvIr,7.5,Accept,3.75,Reject,Reject,NO,0.0000,0.0000,3.0,3.0,3.0,6.0,,,
aUZEeb2yvK,6.5,Accept,6.50,Accept,Accept,YES,0.0000,0.0000,6.0,8.0,6.0,6.0,,,
Il5DjZmLzp,5.5,Reject,4.50,Reject,Reject,YES,0.0000,0.0000,3.0,6.0,6.0,3.0,,,
iaHghgG8NR,7.0,Accept,3.75,Reject,Reject,NO,0.0000,0.0000,6.0,3.0,3.0,3.0,,,
JFPaD7lpBD,7.5,Accept,6.25,Accept,Accept,YES,0.0000,0.0000,8.0,5.0,6.0,6.0,,,
xEivccxGEg,4.0,Reject,3.50,Reject,Reject,YES,0.0000,0.0000,5.0,3.0,3.0,3.0,,,
c4w1TqcSi0,6.5,Accept,5.50,Reject,Reject,NO,0.0000,0.0000,6.0,5.0,5.0,6.0,,,
a59NMkKPob,7.0,Accept,4.50,Reject,Reject,NO,0.0000,0.0000,5.0,3.0,5.0,5.0,,,
BGnm7Lo8oW,6.0,Reject,5.50,Reject,Reject,YES,0.0000,0.0000,6.0,5.0,5.0,6.0,,,
6MBqQLp17E,7.0,Accept,7.00,Accept,Accept,YES,0.0000,0.0000,6.0,8.0,6.0,8.0,8.0,6.0,
66wQM45W28,7.5,Accept,4.00,Reject,Reject,NO,0.0000,0.0000,3.0,3.0,5.0,5.0,,,
LCpayOuqBx,6.5,Accept,5.00,Reject,Reject,NO,0.0000,0.0000,6.0,3.0,8.0,3.0,,,
GwSL33Qx42,7.0,Accept,4.33,Reject,Reject,NO,0.0000,0.0000,5.0,5.0,3.0,,,,
jjfve2gIXe,5.0,Reject,6.50,Accept,Accept,NO,0.0000,0.0000,8.0,6.0,6.0,6.0,,,
MmWkNmeDNE,7.0,Accept,4.80,Reject,Reject,NO,0.0000,0.0000,3.0,5.0,5.0,5.0,6.0,,
7JhGdZvW4T,6.0,Accept,6.00,Accept,Accept,YES,0.0000,0.0000,8.0,5.0,6.0,5.0,,,
7b2JrzdLhA,-100.0,Error,6.00,Accept,Accept,NO,0.0000,0.0000,6.0,6.0,6.0,6.0,,,
PGhiPGBf47,6.0,Accept,7.25,Accept,Accept,YES,0.0000,0.0000,8.0,8.0,5.0,8.0,,,
w4gkS9RsWh,6.0,Accept,4.50,Reject,Reject,NO,0.0000,0.0000,5.0,3.0,5.0,5.0,,,
09JVxsEZPf,7.5,Accept,4.80,Reject,Reject,NO,0.0000,0.0000,5.0,3.0,6.0,5.0,5.0,,
8G3FyfHIko,7.5,Accept,6.40,Accept,Accept,YES,0.0000,0.0000,6.0,6.0,8.0,6.0,6.0,,
SM1guXel3E,6.5,Accept,4.25,Reject,Reject,NO,0.0000,0.0000,6.0,3.0,5.0,3.0,,,
uMLeOlzlZ2,7.0,Accept,5.00,Reject,Reject,NO,0.0000,0.0000,3.0,8.0,1.0,8.0,,,
Thv66GmqZS,4.5,Reject,5.25,Reject,Reject,YES,0.0000,0.0000,6.0,6.0,6.0,3.0,,,
A9loYh0RgU,5.5,Reject,3.75,Reject,Reject,YES,0.0000,0.0000,3.0,3.0,6.0,3.0,,,
gKM8wwsTOg,5.5,Reject,4.80,Reject,Reject,YES,0.0000,0.0000,6.0,5.0,3.0,5.0,5.0,,
e6xFKjo4Cp,7.0,Accept,4.75,Reject,Reject,NO,0.0000,0.0000,5.0,3.0,5.0,6.0,,,
MI0UiWeqOl,5.5,Reject,2.33,Reject,Reject,YES,0.0000,0.0000,3.0,3.0,1.0,,,,
4XHyThqt1C,5.0,Reject,3.50,Reject,Reject,YES,0.0000,0.0000,3.0,3.0,3.0,5.0,,,
f3QR9TEERH,6.0,Reject,5.25,Accept,Accept,NO,0.0000,0.0000,3.0,6.0,6.0,6.0,,,
2HdZPEQUig,6.0,Accept,3.00,Reject,Reject,NO,0.0000,0.0000,1.0,3.0,5.0,3.0,,,
NtSlKEJ2DS,6.0,Accept,6.00,Accept,Accept,YES,0.0000,0.0000,6.0,6.0,6.0,6.0,,,
EzjsoomYEb,5.5,Reject,8.00,Accept,Accept,NO,0.0000,0.0000,8.0,8.0,8.0,,,,
WrBqgoseGL,7.0,Accept,5.80,Reject,Reject,NO,0.0000,0.0000,5.0,5.0,6.0,8.0,5.0,,
pZz0nOroGv,7.0,Accept,5.00,Accept,Accept,YES,0.0000,0.0000,1.0,5.0,6.0,8.0,,,
92yrETgM6G,6.5,Accept,4.00,Reject,Reject,NO,0.0000,0.0000,5.0,5.0,1.0,5.0,,,
4xWQS2z77v,7.5,Accept,8.00,Accept,Accept,YES,0.0000,0.0000,8.0,8.0,8.0,8.0,8.0,,
npBAHV5BJI,5.5,Reject,7.00,Reject,Reject,YES,0.0000,0.0000,8.0,8.0,6.0,6.0,,,
eeJz7eDWKO,6.5,Accept,6.00,Accept,Accept,YES,0.0000,0.0000,6.0,6.0,6.0,6.0,,,
28L2FCtMWq,6.5,Accept,6.50,Accept,Accept,YES,0.0000,0.0000,6.0,8.0,6.0,6.0,,,
F9iHSa1Iz5,7.0,Accept,3.50,Reject,Reject,NO,0.0000,0.0000,3.0,5.0,3.0,3.0,,,
ZadnlOHsHv,6.5,Accept,7.00,Accept,Accept,YES,0.0000,0.0000,6.0,8.0,8.0,6.0,,,
DjHnxxlqwl,4.0,Reject,4.75,Reject,Reject,YES,0.0000,0.0000,6.0,3.0,5.0,5.0,,,
7ffJo4vtTY,6.5,Accept,6.00,Reject,Reject,NO,0.0000,0.0000,6.0,5.0,8.0,5.0,,,
gHPUXP51L0,7.5,Accept,5.50,Reject,Reject,NO,0.0000,0.0000,6.0,6.0,5.0,5.0,,,
uQnvYP7yX9,6.0,Accept,6.50,Accept,Accept,YES,0.0000,0.0000,6.0,8.0,6.0,6.0,,,
yisfNWUEsD,6.5,Accept,5.67,Reject,Reject,NO,0.0000,0.0000,6.0,6.0,5.0,,,,
tth2qXY7RU,4.5,Reject,4.67,Reject,Reject,YES,0.0000,0.0000,3.0,6.0,5.0,,,,
MOtZlKkvdz,5.5,Reject,3.67,Reject,Reject,YES,0.0000,0.0000,3.0,5.0,3.0,,,,
J8yH8ontdq,5.0,Reject,4.25,Reject,Reject,YES,0.0000,0.0000,1.0,5.0,3.0,8.0,,,
gzxDjnvBDa,8.0,Accept,7.00,Accept,Accept,YES,0.0000,0.0000,6.0,6.0,8.0,8.0,,,
BfNylgbDuy,6.0,Accept,4.50,Reject,Reject,NO,0.0000,0.0000,5.0,5.0,5.0,3.0,,,
iVy7aRMb0K,8.0,Accept,4.50,Reject,Reject,NO,0.0000,0.0000,3.0,5.0,5.0,5.0,,,
WjPK2gj0xu,7.0,Accept,5.50,Reject,Reject,NO,0.0000,0.0000,6.0,5.0,6.0,5.0,,,
wYmvN3sQpG,6.0,Reject,5.67,Accept,Accept,NO,0.0000,0.0000,8.0,6.0,3.0,,,,
Lxst78Rrwj,7.5,Accept,5.00,Reject,Reject,NO,0.0000,0.0000,5.0,6.0,6.0,3.0,,,
jqmptcSNVG,7.0,Accept,6.20,Accept,Accept,YES,0.0000,0.0000,6.0,6.0,5.0,6.0,8.0,,
dn87xnULwF,6.5,Accept,5.00,Reject,Reject,NO,0.0000,0.0000,5.0,5.0,6.0,3.0,6.0,,
gtkFw6sZGS,7.5,Accept,5.33,Accept,Accept,YES,0.0000,0.0000,5.0,5.0,6.0,,,,
MtCcVO8Oux,6.5,Reject,4.50,Reject,Reject,YES,0.0000,0.0000,3.0,6.0,3.0,6.0,,,
qPx3i9sMxv,6.0,Reject,7.50,Accept,Accept,NO,0.0000,0.0000,8.0,8.0,6.0,8.0,,,
RauUgiw7VX,5.5,Reject,4.75,Reject,Reject,YES,0.0000,0.0000,6.0,5.0,3.0,5.0,,,
Thnk4ez3wN,6.5,Accept,5.50,Reject,Reject,NO,0.0000,0.0000,6.0,5.0,6.0,5.0,,,
S1Bv3068Xt,7.5,Accept,6.25,Accept,Accept,YES,0.0000,0.0000,8.0,8.0,3.0,6.0,,,
MqL2e85ZTp,7.5,Accept,6.40,Reject,Reject,NO,0.0000,0.0000,6.0,6.0,6.0,6.0,8.0,,
EIwGR0w8VG,6.0,Accept,5.00,Reject,Reject,NO,0.0000,0.0000,3.0,6.0,6.0,,,,
FdVXgSJhvz,7.5,Accept,6.00,Accept,Accept,YES,0.0000,0.0000,6.0,6.0,6.0,,,,
SIdA3s754H,5.0,Reject,4.00,Reject,Reject,YES,0.0000,0.0000,5.0,5.0,3.0,3.0,,,
DPlUWG4WMw,6.5,Accept,6.00,Accept,Accept,YES,0.0000,0.0000,6.0,6.0,6.0,,,,
rhfOzJzsKN,6.0,Accept,5.00,Reject,Reject,NO,0.0000,0.0000,5.0,5.0,5.0,,,,
vlg5WRKHxh,6.0,Accept,7.00,Accept,Accept,YES,0.0000,0.0000,8.0,5.0,8.0,,,,
mb2rHLcKN5,6.0,Accept,3.75,Reject,Reject,NO,0.0000,0.0000,3.0,6.0,3.0,3.0,,,
iSTMsye6SD,7.0,Accept,5.25,Reject,Reject,NO,0.0000,0.0000,5.0,5.0,5.0,6.0,,,
StkLULT1i1,5.0,Reject,5.00,Reject,Reject,YES,0.0000,0.0000,5.0,5.0,5.0,,,,
O072Rc8uUy,6.5,Accept,5.75,Accept,Accept,YES,0.0000,0.0000,5.0,6.0,6.0,6.0,,,
7ohlQUbTpp,5.0,Reject,6.25,Accept,Accept,NO,0.0000,0.0000,8.0,6.0,6.0,5.0,,,
XLMAMmowdY,7.0,Accept,5.75,Accept,Accept,YES,0.0000,0.0000,5.0,5.0,5.0,8.0,,,
BkvjVqk461,5.0,Reject,3.80,Reject,Reject,YES,0.0000,0.0000,5.0,5.0,3.0,3.0,3.0,,
BGnm7Lo8oW,7.0,Accept,5.50,Reject,Reject,NO,0.0000,0.0000,6.0,5.0,5.0,6.0,,,
xoXn62FzD0,8.5,Accept,8.00,Accept,Accept,YES,0.0000,0.0000,8.0,8.0,8.0,8.0,,,
57yOS3nIVm,6.0,Accept,5.00,Reject,Reject,NO,0.0000,0.0000,5.0,5.0,5.0,,,,
1RC3KtP1jT,6.5,Weak Accept,5.50,Reject,Reject,NO,0.0000,0.0000,5.0,3.0,6.0,8.0,,,
hQVCCxQrYN,7.5,Accept,6.67,Accept,Accept,YES,0.0000,0.0000,6.0,8.0,6.0,,,,
zONMuIVCAT,6.0,Accept,7.00,Accept,Accept,YES,0.0000,0.0000,8.0,8.0,6.0,6.0,,,
7ha61H73pg,6.5,Accept,4.40,Reject,Reject,NO,0.0000,0.0000,6.0,3.0,3.0,5.0,5.0,,
rhhQjGj09A,7.5,Accept,7.00,Accept,Accept,YES,0.0000,0.0000,6.0,6.0,8.0,8.0,,,
fQoYYtPJFX,6.5,Accept,5.25,Reject,Reject,NO,0.0000,0.0000,5.0,5.0,6.0,5.0,,,
v3XXtxWKi6,7.5,Accept,5.80,Accept,Accept,YES,0.0000,0.0000,6.0,6.0,6.0,5.0,6.0,,
EbOhZyxIzQ,7.0,Accept,5.00,Reject,Reject,NO,0.0000,0.0000,6.0,3.0,6.0,5.0,,,
sCGIbhv4Yv,7.0,Accept,4.20,Reject,Reject,NO,0.0000,0.0000,3.0,5.0,5.0,3.0,5.0,,
z3L59iGALM,7.5,Accept,5.25,Accept,Accept,YES,0.0000,0.0000,1.0,8.0,6.0,6.0,,,
LokR2TTFMs,6.0,Accept,6.50,Accept,Accept,YES,0.0000,0.0000,6.0,6.0,8.0,6.0,,,
a4sknPttwV,7.5,Accept,5.50,Reject,Reject,NO,0.0000,0.0000,6.0,5.0,6.0,5.0,,,
yEwakMNIex,6.0,Accept,6.25,Accept,Accept,YES,0.0000,0.0000,6.0,8.0,6.0,5.0,,,
SMKgohbroH,3.5,Reject,3.00,Reject,Reject,YES,0.0000,0.0000,5.0,1.0,5.0,1.0,,,
L6crLU7MIE,6.5,Accept,7.00,Accept,Accept,YES,0.0000,0.0000,5.0,8.0,8.0,8.0,6.0,,
BSsyY29bcl,7.5,Accept,5.80,Reject,Reject,NO,0.0000,0.0000,8.0,5.0,6.0,5.0,5.0,,
MEnPLXJNng,7.0,Accept,4.75,Reject,Reject,NO,0.0000,0.0000,3.0,5.0,6.0,5.0,,,
klcbim9KEm,8.0,Accept,4.25,Reject,Reject,NO,0.0000,0.0000,3.0,5.0,6.0,3.0,,,
GGZISiwgNt,-100.0,Error,5.57,Reject,Reject,NO,0.0000,0.0000,3.0,5.0,8.0,6.0,5.0,6.0,
HR1ujVR0ig,5.5,Reject,6.00,Accept,Accept,NO,0.0000,0.0000,6.0,6.0,6.0,6.0,6.0,,
0n4bS0R5MM,7.0,Accept,6.20,Accept,Accept,YES,0.0000,0.0000,8.0,3.0,6.0,8.0,6.0,,
wE8wJXgI9T,6.0,Accept,4.75,Reject,Reject,NO,0.0000,0.0000,5.0,5.0,3.0,6.0,,,
g3D27bfmrf,5.0,Reject,3.00,Reject,Reject,YES,0.0000,0.0000,3.0,3.0,3.0,3.0,,,
yvxDJ8eyBu,5.0,Reject,6.00,Reject,Reject,YES,0.0000,0.0000,8.0,5.0,5.0,6.0,,,
xEivccxGEg,7.0,Accept,3.50,Reject,Reject,NO,0.0000,0.0000,5.0,3.0,3.0,3.0,,,
RAA0vCLMhp,5.0,Reject,5.00,Reject,Reject,YES,0.0000,0.0000,5.0,5.0,5.0,5.0,,,
yIbSXuLoO1,6.0,Accept,4.25,Reject,Reject,NO,0.0000,0.0000,3.0,6.0,5.0,3.0,,,
tDxGthJkSD,6.0,Accept,3.00,Reject,Reject,NO,0.0000,0.0000,3.0,3.0,3.0,3.0,,,
zCJqgXnV7f,5.5,Reject,4.25,Reject,Reject,YES,0.0000,0.0000,6.0,5.0,3.0,3.0,,,
upV91V0Big,7.5,Accept,4.75,Reject,Reject,NO,0.0000,0.0000,5.0,3.0,5.0,6.0,,,
8gZtt8nrpI,5.5,Reject,5.50,Reject,Reject,YES,0.0000,0.0000,6.0,5.0,5.0,6.0,,,
TCJbcjS0c2,7.0,Accept,5.83,Reject,Reject,NO,0.0000,0.0000,3.0,8.0,6.0,6.0,6.0,6.0,
TXfzH933qV,7.0,Accept,7.00,Accept,Accept,YES,0.0000,0.0000,6.0,8.0,8.0,6.0,,,
9EBSEkFSje,7.0,Accept,5.25,Reject,Reject,NO,0.0000,0.0000,5.0,5.0,6.0,5.0,,,
YhT1ZemZow,5.0,Reject,4.50,Reject,Reject,YES,0.0000,0.0000,3.0,3.0,6.0,6.0,,,
IhWtRwIbos,6.5,Reject,4.67,Reject,Reject,YES,0.0000,0.0000,5.0,6.0,3.0,,,,
jLnygpRFYm,7.0,Accept,6.00,Reject,Reject,NO,0.0000,0.0000,5.0,8.0,5.0,,,,
MeSfNZjGvN,6.0,Accept,2.50,Reject,Reject,NO,0.0000,0.0000,3.0,3.0,1.0,3.0,,,
rK0YJwL69S,7.0,Accept,5.50,Accept,Accept,YES,0.0000,0.0000,6.0,6.0,6.0,6.0,6.0,3.0,
foKwWau15m,6.5,Accept,6.00,Reject,Reject,NO,0.0000,0.0000,5.0,5.0,6.0,8.0,,,
mfc6FKgtQA,6.0,Reject,5.00,Reject,Reject,YES,0.0000,0.0000,5.0,6.0,3.0,6.0,,,
razAcpFapu,5.5,Reject,3.00,Reject,Reject,YES,0.0000,0.0000,3.0,3.0,1.0,5.0,3.0,,
7erlRDoaV8,7.0,Accept,7.50,Accept,Accept,YES,0.0000,0.0000,8.0,8.0,6.0,8.0,,,
Fq25rH3ytL,4.0,Reject,3.50,Reject,Reject,YES,0.0000,0.0000,5.0,3.0,3.0,3.0,,,
fk4QS3j1sU,6.5,Accept,4.25,Reject,Reject,NO,0.0000,0.0000,5.0,3.0,3.0,6.0,,,
EzB0n8aRqI,6.5,Accept,4.67,Reject,Reject,NO,0.0000,0.0000,6.0,3.0,5.0,,,,
4HNfKrGlSJ,7.5,Accept,5.20,Reject,Reject,NO,0.0000,0.0000,5.0,3.0,5.0,8.0,5.0,,
xVU6rY37X9,6.5,Accept,4.60,Reject,Reject,NO,0.0000,0.0000,3.0,6.0,6.0,3.0,5.0,,
Bx5kcMkb8l,3.5,Reject,3.00,Reject,Reject,YES,0.0000,0.0000,3.0,3.0,3.0,,,,
lmShn57DRD,5.5,Reject,4.00,Reject,Reject,YES,0.0000,0.0000,3.0,3.0,6.0,,,,
TYyzypZrgU,5.0,Reject,2.50,Reject,Reject,YES,0.0000,0.0000,3.0,3.0,1.0,3.0,,,
GrunXMbdXY,7.0,Accept,4.25,Reject,Reject,NO,0.0000,0.0000,6.0,5.0,3.0,3.0,,,
6aHUmotXaw,8.0,Accept,6.25,Accept,Accept,YES,0.0000,0.0000,5.0,6.0,6.0,8.0,,,
t4HiVGGzML,6.0,Reject,5.33,Reject,Reject,YES,0.0000,0.0000,8.0,5.0,3.0,,,,
cuAxSHcsSX,9.0,Accept,7.00,Accept,Accept,YES,0.0000,0.0000,6.0,8.0,8.0,6.0,,,
VEJzjAvaIy,5.0,Reject,5.75,Accept,Accept,NO,0.0000,0.0000,8.0,6.0,6.0,3.0,,,
JbPb6RieNC,6.0,Accept,5.80,Accept,Accept,YES,0.0000,0.0000,8.0,6.0,6.0,6.0,3.0,,
VmR3QvfLxt,7.0,Accept,4.00,Reject,Reject,NO,0.0000,0.0000,3.0,5.0,5.0,3.0,,,
QQscjhKXIF,5.5,Reject,3.50,Reject,Reject,YES,0.0000,0.0000,5.0,3.0,3.0,3.0,,,
j9VVzueEbG,6.0,Accept,7.00,Accept,Accept,YES,0.0000,0.0000,6.0,8.0,6.0,8.0,,,
uPj9oBH80V,5.0,Reject,3.50,Reject,Reject,YES,0.0000,0.0000,6.0,1.0,6.0,1.0,,,
Kvdh12wGC0,6.0,Weak Accept,6.00,Accept,Accept,NO,0.0000,0.0000,6.0,6.0,6.0,6.0,,,
cWrqs2lwCJ,7.5,Accept,3.00,Reject,Reject,NO,0.0000,0.0000,3.0,5.0,1.0,3.0,,,
SrGP0RQbYH,2.0,Reject,6.25,Accept,Accept,NO,0.0000,0.0000,5.0,6.0,8.0,6.0,,,
Usk4KzBxLW,5.5,Reject,5.25,Reject,Reject,YES,0.0000,0.0000,8.0,5.0,5.0,3.0,,,
BPb5AhT2Vf,8.5,Accept,6.67,Accept,Accept,YES,0.0000,0.0000,6.0,8.0,6.0,,,,
3GDKJSQnW2,5.0,Reject,5.00,Reject,Reject,YES,0.0000,0.0000,5.0,5.0,5.0,5.0,,,
Yz7ts36V7A,7.5,Accept,3.67,Reject,Reject,NO,0.0000,0.0000,3.0,3.0,5.0,,,,
N2Kdq5biZx,7.0,Accept,5.33,Reject,Reject,NO,0.0000,0.0000,5.0,5.0,6.0,,,,
Im2neAMlre,8.0,Accept,7.33,Accept,Accept,YES,0.0000,0.0000,6.0,8.0,8.0,,,,
gam5LiMPKT,5.5,Accept,4.60,Reject,Reject,NO,0.0000,0.0000,6.0,3.0,5.0,6.0,3.0,,
t15cWqydys,7.0,Accept,3.00,Reject,Reject,NO,0.0000,0.0000,3.0,3.0,3.0,3.0,,,
viftsX50Rt,6.5,Accept,8.00,Accept,Accept,YES,0.0000,0.0000,8.0,8.0,8.0,8.0,,,
e0bTcdF29g,6.0,Accept,4.40,Reject,Reject,NO,0.0000,0.0000,5.0,3.0,5.0,6.0,3.0,,
fbrHgEBx2f,5.5,Reject,4.50,Reject,Reject,YES,0.0000,0.0000,5.0,5.0,5.0,3.0,,,
v2uPdQDwSz,6.0,Accept,4.00,Reject,Reject,NO,0.0000,0.0000,3.0,5.0,3.0,5.0,,,
n87wrNlcJu,5.5,Accept,3.00,Reject,Reject,NO,0.0000,0.0000,3.0,3.0,3.0,3.0,,,
agHddsQhsL,8.0,Accept,7.50,Accept,Accept,YES,0.0000,0.0000,6.0,8.0,8.0,8.0,,,
aapUBU9U0D,5.5,Reject,5.50,Reject,Reject,YES,0.0000,0.0000,6.0,5.0,5.0,6.0,,,
BAelAyADqn,5.0,Reject,6.75,Accept,Accept,NO,0.0000,0.0000,8.0,6.0,5.0,8.0,,,
1BmveEMNbG,6.5,Accept,7.00,Accept,Accept,YES,0.0000,0.0000,6.0,6.0,8.0,8.0,,,
sSWGqY2qNJ,4.5,Reject,3.33,Reject,Reject,YES,0.0000,0.0000,6.0,1.0,3.0,,,,
a06UO11IrQ,7.0,Accept,6.00,Reject,Reject,NO,0.0000,0.0000,5.0,5.0,8.0,,,,
N2Kdq5biZx,7.0,Accept,5.33,Reject,Reject,NO,0.0000,0.0000,5.0,5.0,6.0,,,,
Jt1gGIumJo,5.5,Reject,3.00,Reject,Reject,YES,0.0000,0.0000,3.0,3.0,3.0,3.0,,,
xgQfWbV6Ey,8.0,Accept,5.50,Accept,Accept,YES,0.0000,0.0000,5.0,6.0,5.0,6.0,,,
PhJUd3mbhP,4.5,Reject,5.75,Reject,Reject,YES,0.0000,0.0000,6.0,6.0,5.0,6.0,,,
SvEMbCMgb5,6.0,Accept,4.75,Reject,Reject,NO,0.0000,0.0000,5.0,3.0,5.0,6.0,,,
Afjf6izLvJ,4.5,Reject,5.33,Reject,Reject,YES,0.0000,0.0000,6.0,5.0,5.0,,,,
OzwGZP8h2A,6.0,Accept,4.00,Reject,Reject,NO,0.0000,0.0000,3.0,5.0,5.0,3.0,,,
clU5xWyItb,6.0,Accept,4.25,Reject,Reject,NO,0.0000,0.0000,3.0,3.0,5.0,6.0,,,
LbkIwjmua3,5.0,Reject,6.33,Reject,Reject,YES,0.0000,0.0000,5.0,8.0,6.0,,,,
CkrqCY0GhW,6.5,Accept,6.50,Reject,Reject,NO,0.0000,0.0000,6.0,8.0,6.0,6.0,,,
zfgYC3sDt6,7.5,Accept,5.25,Reject,Reject,NO,0.0000,0.0000,6.0,3.0,6.0,6.0,,,
yzRXdhk2he,7.5,Accept,6.25,Accept,Accept,YES,0.0000,0.0000,6.0,5.0,6.0,8.0,,,
wOSYMHfENq,7.5,Accept,6.00,Accept,Accept,YES,0.0000,0.0000,5.0,8.0,3.0,8.0,,,
oJ1tx3fXDA,7.5,Accept,5.00,Reject,Reject,NO,0.0000,0.0000,8.0,6.0,3.0,3.0,,,
ozZG5FXuTV,7.0,Accept,6.00,Accept,Accept,YES,0.0000,0.0000,6.0,6.0,6.0,6.0,,,
fKrFTGnoXY,7.5,Accept,5.33,Reject,Reject,NO,0.0000,0.0000,5.0,6.0,5.0,,,,
PZYr22zFyE,4.5,Reject,6.25,Accept,Accept,NO,0.0000,0.0000,5.0,6.0,8.0,6.0,,,
EPHsIa0Ytg,8.0,Accept,7.50,Accept,Accept,YES,0.0000,0.0000,8.0,8.0,8.0,6.0,,,
0ctvBgKFgc,7.5,Accept,8.00,Accept,Accept,YES,0.0000,0.0000,8.0,8.0,8.0,8.0,,,
KfeRfxTemB,5.5,Reject,6.50,Accept,Accept,NO,0.0000,0.0000,6.0,6.0,8.0,6.0,,,
ix7rLVHXyY,7.5,Accept,7.25,Accept,Accept,YES,0.0000,0.0000,8.0,8.0,5.0,8.0,,,
dkn9cEOQkU,6.0,Reject,5.50,Reject,Reject,YES,0.0000,0.0000,6.0,6.0,5.0,5.0,,,
OE67D1Oatr,5.0,Reject,3.00,Reject,Reject,YES,0.0000,0.0000,3.0,3.0,3.0,3.0,,,
gjeQKFxFpZ,7.0,Accept,6.00,Accept,Accept,YES,0.0000,0.0000,5.0,6.0,8.0,5.0,,,
Xk9Q0CrJQc,7.5,Accept,6.25,Reject,Reject,NO,0.0000,0.0000,6.0,5.0,6.0,8.0,,,
V6uxd8MEqw,7.0,Accept,6.50,Accept,Accept,YES,0.0000,0.0000,5.0,5.0,8.0,8.0,,,
eepoE7iLpL,6.5,Accept,5.67,Accept,Accept,YES,0.0000,0.0000,6.0,5.0,6.0,,,,
wE5xp3zBaQ,6.0,Accept,5.00,Reject,Reject,NO,0.0000,0.0000,3.0,5.0,6.0,6.0,,,
1CIUkpoata,5.5,Reject,6.00,Accept,Accept,NO,0.0000,0.0000,6.0,6.0,6.0,6.0,,,
eev4PHiMir,5.0,Accept,4.20,Reject,Reject,NO,0.0000,0.0000,3.0,6.0,6.0,3.0,3.0,,
Ocg3XIymmp,5.0,Reject,3.50,Reject,Reject,YES,0.0000,0.0000,3.0,5.0,3.0,3.0,,,
iinqdeuA8x,6.0,Accept,4.80,Reject,Reject,NO,0.0000,0.0000,5.0,5.0,6.0,5.0,3.0,,
8CKgS18uWx,7.5,Accept,6.25,Reject,Reject,NO,0.0000,0.0000,8.0,6.0,6.0,5.0,,,
wGa2plE8ka,6.0,Accept,6.00,Accept,Accept,YES,0.0000,0.0000,3.0,8.0,8.0,5.0,,,
FVgizbs3o2,6.0,Accept,3.75,Reject,Reject,NO,0.0000,0.0000,3.0,3.0,3.0,6.0,,,
L7gQWBcFxK,4.0,Reject,5.00,Reject,Reject,YES,0.0000,0.0000,5.0,6.0,6.0,3.0,,,
zZ3eYI0QXN,6.0,Accept,3.00,Reject,Reject,NO,0.0000,0.0000,3.0,3.0,3.0,3.0,,,
FpiCLJrSW8,7.0,Accept,7.00,Accept,Accept,YES,0.0000,0.0000,8.0,8.0,6.0,6.0,,,
t3vnnLeajU,5.0,Accept,5.25,Accept,Accept,YES,0.0000,0.0000,6.0,3.0,6.0,6.0,,,
wAyTOazvN0,6.0,Accept,5.75,Reject,Reject,NO,0.0000,0.0000,5.0,6.0,6.0,6.0,,,
b1ivBPLb1n,5.5,Accept,5.75,Accept,Accept,YES,0.0000,0.0000,5.0,5.0,8.0,5.0,,,
VEqPDZIDAh,6.0,Accept,7.25,Accept,Accept,YES,0.0000,0.0000,5.0,8.0,8.0,8.0,,,
rhp5PDNOgf,5.0,Reject,4.75,Reject,Reject,YES,0.0000,0.0000,6.0,5.0,3.0,5.0,,,
ZtOnddFVT3,5.0,Reject,4.67,Reject,Reject,YES,0.0000,0.0000,3.0,5.0,6.0,,,,
AJp85vrtNe,5.5,Reject,4.50,Reject,Reject,YES,0.0000,0.0000,5.0,3.0,5.0,5.0,,,
tVRVE0OAyb,6.0,Accept,5.50,Accept,Accept,YES,0.0000,0.0000,6.0,6.0,5.0,5.0,,,
dgmcE0RsTi,6.5,Accept,5.50,Reject,Reject,NO,0.0000,0.0000,5.0,3.0,8.0,6.0,,,
feFlfuOse1,4.0,Reject,7.25,Reject,Reject,YES,0.0000,0.0000,5.0,10.0,6.0,8.0,,,
iEFMwP5wng,7.0,Accept,5.50,Reject,Reject,NO,0.0000,0.0000,6.0,5.0,6.0,5.0,,,
UAiuV8Plei,6.0,Accept,4.75,Reject,Reject,NO,0.0000,0.0000,8.0,3.0,5.0,3.0,,,
NPDnRLFhc0,7.5,Accept,5.50,Reject,Reject,NO,0.0000,0.0000,5.0,6.0,6.0,5.0,,,
L4nOxziGf9,7.0,Accept,6.00,Accept,Accept,YES,0.0000,0.0000,6.0,6.0,6.0,,,,
fp6t3F669F,7.0,Accept,6.25,Accept,Accept,YES,0.0000,0.0000,8.0,6.0,5.0,6.0,,,
gC0ikdZoz8,7.0,Accept,4.25,Reject,Reject,NO,0.0000,0.0000,3.0,6.0,5.0,3.0,,,
IEKQlWIN4w,5.0,Reject,5.25,Reject,Reject,YES,0.0000,0.0000,5.0,5.0,5.0,6.0,,,
Yr4RgiZ7P5,6.0,Accept,5.25,Reject,Reject,NO,0.0000,0.0000,6.0,3.0,6.0,6.0,,,
VvxuD3cdJx,6.5,Accept,5.67,Reject,Reject,NO,0.0000,0.0000,6.0,5.0,6.0,,,,
55oi1LCdDL,7.5,Accept,5.00,Reject,Reject,NO,0.0000,0.0000,6.0,3.0,6.0,5.0,5.0,,
BipgUWZWNi,6.5,Accept,4.50,Reject,Reject,NO,0.0000,0.0000,5.0,5.0,5.0,3.0,,,
N5ID99rsUq,6.0,Accept,5.25,Reject,Reject,NO,0.0000,0.0000,6.0,6.0,3.0,6.0,,,
yJAk0n0NyU,5.5,Reject,5.00,Reject,Reject,YES,0.0000,0.0000,5.0,5.0,5.0,5.0,,,
l32IrJtpOP,4.0,Reject,6.25,Accept,Accept,NO,0.0000,0.0000,6.0,6.0,5.0,8.0,,,
TdgAtxP6G2,7.5,Accept,4.00,Reject,Reject,NO,0.0000,0.0000,3.0,5.0,3.0,5.0,,,
adhxppqQAn,6.0,Accept,3.75,Reject,Reject,NO,0.0000,0.0000,6.0,3.0,3.0,3.0,,,
d2H1oTNITn,6.5,Reject,6.40,Accept,Accept,NO,0.0000,0.0000,6.0,6.0,6.0,8.0,6.0,,
JDd46WodYf,5.5,Accept,5.67,Reject,Reject,NO,0.0000,0.0000,6.0,5.0,6.0,,,,
EKJhH5D5wA,7.0,Accept,6.25,Accept,Accept,YES,0.0000,0.0000,8.0,6.0,5.0,6.0,,,
WyEdX2R4er,7.0,Accept,8.00,Accept,Accept,YES,0.0000,0.0000,8.0,8.0,8.0,,,,
MU4aykgggg,5.0,Reject,3.50,Reject,Reject,YES,0.0000,0.0000,3.0,5.0,3.0,3.0,,,
kXNJ48Hvw1,7.5,Accept,6.67,Accept,Accept,YES,0.0000,0.0000,8.0,6.0,6.0,,,,
mPdmDYIQ7f,7.5,Accept,6.00,Accept,Accept,YES,0.0000,0.0000,6.0,6.0,6.0,6.0,,,
GtHRhpgpzB,8.5,Accept,6.50,Accept,Accept,YES,0.0000,0.0000,6.0,8.0,6.0,6.0,,,
CrMyHiUttz,5.0,Reject,3.00,Reject,Reject,YES,0.0000,0.0000,3.0,3.0,3.0,3.0,,,
G0EVNrBQh6,6.0,Reject,3.80,Reject,Reject,YES,0.0000,0.0000,5.0,5.0,5.0,3.0,1.0,,
UAzVXdgheU,7.0,Accept,4.67,Reject,Reject,NO,0.0000,0.0000,3.0,6.0,5.0,,,,
RIXuX37Hh7,7.0,Accept,5.67,Reject,Reject,NO,0.0000,0.0000,6.0,5.0,6.0,,,,
BSqVfAFJWz,5.0,Reject,5.00,Reject,Reject,YES,0.0000,0.0000,6.0,5.0,6.0,3.0,,,
G1fzW97QKR,5.0,Reject,4.75,Reject,Reject,YES,0.0000,0.0000,5.0,8.0,3.0,3.0,,,
z1yI8uoVU3,6.5,Accept,3.00,Reject,Reject,NO,0.0000,0.0000,3.0,3.0,3.0,3.0,,,
T4VK4U4aKb,6.0,Accept,4.50,Reject,Reject,NO,0.0000,0.0000,6.0,6.0,5.0,1.0,,,
y9A2TpaGsE,-100.0,Error,6.50,Accept,Accept,NO,0.0000,0.0000,6.0,6.0,6.0,8.0,,,
UwbX8KOZgK,6.0,Reject,4.20,Reject,Reject,YES,0.0000,0.0000,5.0,3.0,5.0,3.0,5.0,,
tD4NOxYTfg,7.5,Accept,6.50,Reject,Reject,NO,0.0000,0.0000,8.0,6.0,6.0,6.0,,,
cQCrBJHy0C,4.5,Reject,5.75,Reject,Reject,YES,0.0000,0.0000,5.0,5.0,8.0,5.0,,,
oWm80iR1m9,6.0,Accept,3.00,Reject,Reject,NO,0.0000,0.0000,3.0,3.0,3.0,3.0,,,
VOVFvaxgD0,5.5,Reject,5.75,Reject,Reject,YES,0.0000,0.0000,6.0,6.0,5.0,6.0,,,
SWRFC2EupO,6.5,Accept,5.50,Reject,Reject,NO,0.0000,0.0000,5.0,6.0,5.0,6.0,,,
5e0yWSNGIc,4.5,Reject,5.33,Reject,Reject,YES,0.0000,0.0000,5.0,5.0,6.0,,,,
iP31fDtrPR,5.0,Accept,4.67,Reject,Reject,NO,0.0000,0.0000,5.0,6.0,3.0,,,,
4VgBjsOC8k,6.0,Accept,6.25,Accept,Accept,YES,0.0000,0.0000,6.0,3.0,8.0,8.0,,,
5RPpwW82vs,4.5,Reject,4.50,Reject,Reject,YES,0.0000,0.0000,3.0,5.0,5.0,5.0,,,
vMNpv5OBGb,7.5,Accept,5.67,Reject,Reject,NO,0.0000,0.0000,5.0,6.0,6.0,,,,
PSzDG612AC,5.0,Reject,3.00,Reject,Reject,YES,0.0000,0.0000,3.0,3.0,3.0,,,,
4M0BRyGMnJ,6.0,Accept,6.50,Accept,Accept,YES,0.0000,0.0000,8.0,6.0,6.0,6.0,,,
6LLho5X6xV,5.5,Reject,6.33,Accept,Accept,NO,0.0000,0.0000,5.0,8.0,6.0,,,,
mOTiVzTgF2,7.5,Accept,4.20,Reject,Reject,NO,0.0000,0.0000,3.0,6.0,1.0,5.0,6.0,,
F6rZaxOC6m,7.0,Accept,6.00,Reject,Reject,NO,0.0000,0.0000,6.0,6.0,6.0,6.0,,,
1Ogw1SHY3p,5.5,Reject,7.00,Accept,Accept,NO,0.0000,0.0000,8.0,8.0,6.0,6.0,,,
CgXAophhEb,5.0,Reject,5.50,Reject,Reject,YES,0.0000,0.0000,5.0,5.0,6.0,6.0,,,
uuCgIHqxpr,5.0,Reject,4.00,Reject,Reject,YES,0.0000,0.0000,5.0,3.0,3.0,5.0,,,
PNHjoWcQje,5.5,Reject,5.50,Reject,Reject,YES,0.0000,0.0000,6.0,6.0,5.0,5.0,,,
omv3VfVIQt,5.5,Reject,5.25,Reject,Reject,YES,0.0000,0.0000,5.0,5.0,5.0,6.0,,,
rb93dP976j,3.5,Reject,3.80,Reject,Reject,YES,0.0000,0.0000,3.0,3.0,3.0,5.0,5.0,,
Bmzv2Gch9v,7.0,Accept,6.75,Accept,Accept,YES,0.0000,0.0000,6.0,5.0,8.0,8.0,,,
H3lK5FV16C,5.0,Reject,3.00,Reject,Reject,YES,0.0000,0.0000,3.0,3.0,3.0,3.0,,,
6aRMQVlPVE,7.0,Accept,4.33,Reject,Reject,NO,0.0000,0.0000,5.0,5.0,3.0,,,,
f5juXkyorf,5.0,Reject,5.25,Reject,Reject,YES,0.0000,0.0000,5.0,5.0,5.0,6.0,,,
JLulsRraDc,5.0,Reject,6.00,Reject,Reject,YES,0.0000,0.0000,8.0,5.0,5.0,,,,
2Y5Gseybzp,7.0,Accept,6.00,Reject,Reject,NO,0.0000,0.0000,5.0,6.0,5.0,8.0,,,
r8C9nt0nlc,5.0,Reject,3.50,Reject,Reject,YES,0.0000,0.0000,3.0,5.0,3.0,3.0,,,
xHmCdSArUC,8.0,Accept,5.67,Accept,Accept,YES,0.0000,0.0000,8.0,8.0,1.0,,,,
kCLu4s2Xbu,6.5,Accept,3.60,Reject,Reject,NO,0.0000,0.0000,1.0,3.0,6.0,3.0,5.0,,
i1BTP8wFYM,5.0,Reject,5.25,Reject,Reject,YES,0.0000,0.0000,6.0,5.0,5.0,5.0,,,
XaARrKTNh3,5.5,Reject,5.25,Reject,Reject,YES,0.0000,0.0000,5.0,5.0,5.0,6.0,,,
RhkI1cba7n,7.0,Accept,4.67,Reject,Reject,NO,0.0000,0.0000,6.0,5.0,3.0,,,,
OzwGZP8h2A,5.5,Reject,4.00,Reject,Reject,YES,0.0000,0.0000,3.0,5.0,5.0,3.0,,,
2P4p4RxUxT,7.0,Accept,5.50,Reject,Reject,NO,0.0000,0.0000,6.0,5.0,3.0,8.0,,,
b9dBNNeDd3,6.0,Accept,4.60,Reject,Reject,NO,0.0000,0.0000,5.0,5.0,5.0,5.0,3.0,,
c4wEKJOjY3,5.5,Reject,5.00,Accept,Accept,NO,0.0000,0.0000,6.0,5.0,6.0,3.0,,,
uTqnyF0JNR,7.0,Accept,7.33,Accept,Accept,YES,0.0000,0.0000,8.0,8.0,6.0,,,,
ZLSdwjDevK,6.5,Weak Accept,5.67,Reject,Reject,NO,0.0000,0.0000,6.0,6.0,5.0,,,,
tFDTHA3odg,7.0,Accept,5.50,Accept,Accept,YES,0.0000,0.0000,6.0,5.0,5.0,6.0,,,
cagNCwQEEN,6.0,Accept,3.40,Reject,Reject,NO,0.0000,0.0000,3.0,3.0,5.0,3.0,3.0,,
dM1wO2OkbO,5.0,Reject,6.33,Reject,Reject,YES,0.0000,0.0000,8.0,5.0,6.0,,,,
CrOHzVtWmH,6.5,Accept,3.80,Reject,Reject,NO,0.0000,0.0000,3.0,5.0,5.0,3.0,3.0,,
N0U6OQRsNu,5.0,Reject,4.00,Reject,Reject,YES,0.0000,0.0000,3.0,5.0,5.0,3.0,,,
Uqxf2YH9LZ,7.5,Accept,5.75,Reject,Reject,NO,0.0000,0.0000,6.0,6.0,6.0,5.0,,,
b3CzCCCILJ,7.5,Accept,6.00,Accept,Accept,YES,0.0000,0.0000,6.0,6.0,6.0,,,,
mlCRJnETWz,7.5,Accept,4.40,Reject,Reject,NO,0.0000,0.0000,3.0,3.0,5.0,5.0,6.0,,
XjSfcJUcaA,7.5,Accept,4.75,Reject,Reject,NO,0.0000,0.0000,3.0,5.0,5.0,6.0,,,
LWEqTLCHrw,5.5,Reject,4.67,Reject,Reject,YES,0.0000,0.0000,6.0,5.0,3.0,,,,
BoMvv7ypDF,6.0,Accept,5.80,Reject,Reject,NO,0.0000,0.0000,3.0,5.0,8.0,5.0,8.0,,
Lv9KZ5qCSG,5.5,Reject,5.50,Reject,Reject,YES,0.0000,0.0000,6.0,5.0,6.0,5.0,,,
evyIlAvQ6J,7.0,Accept,4.00,Reject,Reject,NO,0.0000,0.0000,3.0,6.0,3.0,,,,
QXwtkVI8Yr,7.5,Accept,4.75,Reject,Reject,NO,0.0000,0.0000,5.0,5.0,6.0,3.0,,,
peNgxpbdxB,6.0,Accept,6.00,Accept,Accept,YES,0.0000,0.0000,6.0,6.0,6.0,,,,
zlAUnwhE2v,5.0,Reject,3.00,Reject,Reject,YES,0.0000,0.0000,5.0,3.0,1.0,3.0,,,
he4CPgU44D,6.5,Accept,4.75,Reject,Reject,NO,0.0000,0.0000,5.0,5.0,3.0,6.0,,,
GBIUbwW9D8,7.5,Accept,5.75,Accept,Accept,YES,0.0000,0.0000,6.0,6.0,5.0,6.0,,,
9EqQC2ct4H,7.0,Accept,6.00,Accept,Accept,YES,0.0000,0.0000,5.0,8.0,5.0,,,,
yTbAGlu4jR,5.0,Reject,5.25,Reject,Reject,YES,0.0000,0.0000,6.0,6.0,6.0,3.0,,,
tdttNKCtyB,7.0,Accept,5.75,Reject,Reject,NO,0.0000,0.0000,6.0,6.0,6.0,5.0,,,
pAVJKp3Dvn,5.5,Reject,5.67,Accept,Accept,NO,0.0000,0.0000,6.0,5.0,6.0,,,,
5GauLpaNGC,7.0,Accept,5.67,Reject,Reject,NO,0.0000,0.0000,8.0,3.0,6.0,,,,
n2VZtv8tqL,5.5,Reject,4.75,Reject,Reject,YES,0.0000,0.0000,3.0,8.0,5.0,3.0,,,
qT1I15Zodx,6.0,Accept,4.75,Reject,Reject,NO,0.0000,0.0000,5.0,6.0,3.0,5.0,,,
vErsELb7Qg,7.5,Accept,4.50,Reject,Reject,NO,0.0000,0.0000,5.0,5.0,5.0,3.0,,,
qDeEsfAb1j,7.0,Accept,4.00,Reject,Reject,NO,0.0000,0.0000,5.0,3.0,3.0,5.0,,,
yONJt6nFc3,5.5,Reject,4.33,Reject,Reject,YES,0.0000,0.0000,3.0,5.0,5.0,,,,
n34taxF0TC,7.0,Accept,6.60,Accept,Accept,YES,0.0000,0.0000,6.0,5.0,6.0,8.0,8.0,,
ctXZJLBbyb,6.5,Reject,5.80,Reject,Reject,YES,0.0000,0.0000,8.0,6.0,3.0,6.0,6.0,,
XazJbPgLcV,6.0,Reject,3.50,Reject,Reject,YES,0.0000,0.0000,5.0,3.0,3.0,3.0,,,
03EkqSCKuO,7.5,Accept,7.00,Accept,Accept,YES,0.0000,0.0000,8.0,5.0,8.0,,,,
x3cFAoorct,5.0,Reject,4.40,Reject,Reject,YES,0.0000,0.0000,3.0,3.0,8.0,3.0,5.0,,
swqZKDoMJA,7.0,Accept,6.50,Reject,Reject,NO,0.0000,0.0000,6.0,6.0,8.0,6.0,,,
ZaOHSBGOhV,7.0,Accept,4.00,Reject,Reject,NO,0.0000,0.0000,5.0,3.0,5.0,3.0,3.0,5.0,
pZISppZSTv,7.5,Accept,7.50,Accept,Accept,YES,0.0000,0.0000,8.0,8.0,8.0,6.0,,,
AVBw2Ul4X9,6.5,Accept,6.00,Reject,Reject,NO,0.0000,0.0000,6.0,6.0,6.0,,,,
MpA6HMD7Wq,6.0,Accept,3.00,Reject,Reject,NO,0.0000,0.0000,3.0,3.0,3.0,3.0,,,
duGygkA3QR,5.0,Reject,6.60,Accept,Accept,NO,0.0000,0.0000,5.0,6.0,8.0,6.0,8.0,,
X7nz6ljg9Y,6.5,Accept,5.00,Reject,Reject,NO,0.0000,0.0000,6.0,3.0,5.0,6.0,,,
8QTpYC4smR,2.5,Reject,1.00,Reject,Reject,YES,0.0000,0.0000,1.0,1.0,1.0,1.0,,,
NIouO0C0ex,7.0,Accept,5.67,Reject,Reject,NO,0.0000,0.0000,5.0,6.0,6.0,,,,
b2oLgk5XRE,5.0,Reject,4.00,Reject,Reject,YES,0.0000,0.0000,5.0,3.0,3.0,5.0,,,
D5X6nPGFUY,6.5,Accept,6.40,Accept,Accept,YES,0.0000,0.0000,8.0,6.0,6.0,6.0,6.0,,
GsNp4ob8BY,5.5,Reject,5.25,Reject,Reject,YES,0.0000,0.0000,6.0,5.0,5.0,5.0,,,
JZLon6cvx8,6.5,Accept,5.25,Accept,Accept,YES,0.0000,0.0000,6.0,3.0,6.0,6.0,,,
wCUw8t63vH,8.0,Accept,6.80,Reject,Reject,NO,0.0000,0.0000,6.0,6.0,8.0,8.0,6.0,,
Q1MHvGmhyT,7.5,Accept,6.00,Accept,Accept,YES,0.0000,0.0000,6.0,6.0,6.0,6.0,,,
iTVKOOZeYW,5.0,Reject,4.75,Reject,Reject,YES,0.0000,0.0000,5.0,5.0,3.0,6.0,,,
x7d1qXEn1e,6.0,Accept,6.25,Accept,Accept,YES,0.0000,0.0000,6.0,8.0,6.0,5.0,,,
fdvSCcB7i8,4.5,Reject,3.00,Reject,Reject,YES,0.0000,0.0000,3.0,3.0,3.0,,,,
zuuhtmK1Ub,4.0,Reject,2.00,Reject,Reject,YES,0.0000,0.0000,3.0,1.0,3.0,1.0,,,
2Y5Gseybzp,7.5,Accept,6.00,Reject,Reject,NO,0.0000,0.0000,5.0,6.0,5.0,8.0,,,
xt9Bu66rqv,7.0,Accept,5.25,Accept,Accept,YES,0.0000,0.0000,6.0,8.0,6.0,1.0,,,
jZffxvubJ9,4.0,Reject,3.50,Reject,Reject,YES,0.0000,0.0000,3.0,5.0,3.0,3.0,,,
Mx22pSSo1b,7.0,Accept,3.50,Reject,Reject,NO,0.0000,0.0000,3.0,3.0,5.0,3.0,,,
Akccupz2pP,5.0,Accept,3.40,Reject,Reject,NO,0.0000,0.0000,3.0,1.0,5.0,5.0,3.0,,
8hVCcrGaAu,5.5,Accept,3.50,Reject,Reject,NO,0.0000,0.0000,3.0,5.0,3.0,3.0,,,
jdynlBj3b0,7.0,Accept,6.25,Reject,Reject,NO,0.0000,0.0000,8.0,8.0,3.0,6.0,,,
1Y5hMMuCFU,7.5,Accept,5.50,Reject,Reject,NO,0.0000,0.0000,5.0,5.0,6.0,6.0,,,
4bSQ3lsfEV,4.5,Reject,5.75,Accept,Accept,NO,0.0000,0.0000,6.0,6.0,3.0,8.0,,,
UmdotAAVDe,7.5,Accept,6.25,Accept,Accept,YES,0.0000,0.0000,8.0,3.0,6.0,8.0,,,
bHY0Uypoh9,5.5,Reject,4.25,Reject,Reject,YES,0.0000,0.0000,3.0,6.0,3.0,5.0,,,
Agx4RXuYUJ,8.0,Accept,6.00,Reject,Reject,NO,0.0000,0.0000,6.0,6.0,6.0,,,,
Yx7TnC6AAp,6.5,Accept,5.75,Reject,Reject,NO,0.0000,0.0000,6.0,5.0,6.0,6.0,,,
90Db4RUBc7,7.5,Accept,6.75,Accept,Accept,YES,0.0000,0.0000,5.0,8.0,6.0,8.0,,,
cDd7kg9mkP,5.0,Reject,5.50,Reject,Reject,YES,0.0000,0.0000,6.0,5.0,5.0,6.0,,,
86HwTRg0qh,6.0,Reject,3.75,Reject,Reject,YES,0.0000,0.0000,1.0,3.0,3.0,8.0,,,
4hFT4rfG40,6.0,Accept,3.75,Reject,Reject,NO,0.0000,0.0000,1.0,6.0,5.0,3.0,,,
UU9Icwbhin,8.5,Accept,4.75,Reject,Reject,NO,0.0000,0.0000,6.0,5.0,5.0,3.0,,,
fUGhVYPVRM,7.5,Accept,7.00,Accept,Accept,YES,0.0000,0.0000,6.0,6.0,8.0,8.0,,,
fuoM5YDBX4,-100.0,Error,6.00,Accept,Accept,NO,0.0000,0.0000,6.0,6.0,6.0,,,,
GOgB6QoXwx,7.5,Accept,5.25,Reject,Reject,NO,0.0000,0.0000,6.0,5.0,5.0,5.0,,,
O0vy7hHqyU,4.5,Reject,3.00,Reject,Reject,YES,0.0000,0.0000,3.0,3.0,3.0,3.0,,,
XT2yAa6Bbp,7.5,Accept,5.50,Reject,Reject,NO,0.0000,0.0000,5.0,6.0,6.0,5.0,,,
KWO8LSUC5W,7.5,Accept,5.60,Accept,Accept,YES,0.0000,0.0000,5.0,6.0,6.0,5.0,6.0,,
mLxxv5gts0,5.5,Reject,3.80,Reject,Reject,YES,0.0000,0.0000,1.0,5.0,5.0,5.0,3.0,,
473sH8qki8,5.0,Reject,2.00,Reject,Reject,YES,0.0000,0.0000,1.0,1.0,3.0,3.0,,,
eSO9quCgmz,5.5,Reject,5.00,Reject,Reject,YES,0.0000,0.0000,3.0,6.0,5.0,6.0,,,
BomQa84efw,7.5,Accept,5.40,Reject,Reject,NO,0.0000,0.0000,8.0,5.0,3.0,5.0,6.0,,
eYePDPSmmu,8.0,Accept,4.25,Reject,Reject,NO,0.0000,0.0000,3.0,5.0,3.0,6.0,,,
9TClCDZXeh,7.0,Accept,7.00,Accept,Accept,YES,0.0000,0.0000,8.0,6.0,6.0,8.0,,,
4G6Q4nJBTQ,5.0,Reject,3.00,Reject,Reject,YES,0.0000,0.0000,3.0,3.0,3.0,,,,
JeiaHDawhb,-100.0,Error,4.50,Reject,Reject,NO,0.0000,0.0000,3.0,5.0,5.0,5.0,,,
GruDNzQ4ux,6.0,Accept,5.75,Accept,Accept,YES,0.0000,0.0000,6.0,5.0,6.0,6.0,,,
XQED8Nk9mu,6.0,Accept,5.00,Reject,Reject,NO,0.0000,0.0000,6.0,3.0,5.0,6.0,,,
M2NFWRPMUd,6.5,Accept,6.50,Accept,Accept,YES,0.0000,0.0000,6.0,6.0,6.0,8.0,,,
PPTE1DL4Li,6.0,Accept,6.00,Reject,Reject,NO,0.0000,0.0000,5.0,8.0,6.0,5.0,,,
hIdnWVxA9Z,7.5,Accept,4.75,Reject,Reject,NO,0.0000,0.0000,6.0,5.0,5.0,3.0,,,
vJGKYWC8j8,6.0,Reject,4.00,Reject,Reject,YES,0.0000,0.0000,3.0,3.0,6.0,,,,
mjDNVksC5G,5.0,Reject,4.20,Reject,Reject,YES,0.0000,0.0000,5.0,3.0,5.0,3.0,5.0,,
WzrkZeDxrM,6.0,Accept,4.25,Reject,Reject,NO,0.0000,0.0000,6.0,5.0,3.0,3.0,,,
KQ2i6jazVK,6.0,Accept,6.60,Accept,Accept,YES,0.0000,0.0000,8.0,6.0,8.0,6.0,5.0,,
4hFT4rfG40,6.5,Accept,3.75,Reject,Reject,NO,0.0000,0.0000,1.0,6.0,5.0,3.0,,,
o2arTYxsXd,5.0,Reject,5.00,Reject,Reject,YES,0.0000,0.0000,5.0,5.0,5.0,5.0,,,
mXpNp8MMr5,6.0,Accept,7.33,Accept,Accept,YES,0.0000,0.0000,8.0,8.0,6.0,,,,
DydCqKa6AH,7.0,Accept,6.75,Accept,Accept,YES,0.0000,0.0000,8.0,6.0,5.0,8.0,,,
VCscggkg2t,5.0,Reject,3.00,Reject,Reject,YES,0.0000,0.0000,3.0,3.0,3.0,,,,
q3ztjJRQuJ,7.0,Accept,5.75,Reject,Reject,NO,0.0000,0.0000,5.0,6.0,6.0,6.0,,,
itKMOWSP6K,6.5,Accept,5.25,Reject,Reject,NO,0.0000,0.0000,6.0,3.0,6.0,6.0,,,
UqYNPyotxL,7.5,Accept,7.33,Accept,Accept,YES,0.0000,0.0000,8.0,6.0,8.0,,,,
p8qhVIo980,7.0,Accept,5.40,Reject,Reject,NO,0.0000,0.0000,5.0,5.0,6.0,5.0,6.0,,
UqYNPyotxL,7.5,Accept,7.33,Accept,Accept,YES,0.0000,0.0000,8.0,6.0,8.0,,,,
QrTvFCa4nX,6.0,Accept,5.25,Reject,Reject,NO,0.0000,0.0000,6.0,5.0,5.0,5.0,,,
JT53iXH7eO,6.5,Accept,4.75,Reject,Reject,NO,0.0000,0.0000,5.0,6.0,3.0,5.0,,,
NLbRvr840Q,7.0,Accept,6.00,Accept,Accept,YES,0.0000,0.0000,6.0,8.0,5.0,5.0,,,
zrNbsV87Os,6.5,Accept,5.25,Reject,Reject,NO,0.0000,0.0000,5.0,5.0,5.0,6.0,,,
XwiA1nDahv,4.5,Reject,6.50,Accept,Accept,NO,0.0000,0.0000,8.0,6.0,6.0,6.0,,,
tIURLNBTPx,5.5,Reject,4.75,Reject,Reject,YES,0.0000,0.0000,3.0,5.0,5.0,6.0,,,
CvjXlsBLCX,7.0,Accept,5.00,Accept,Accept,YES,0.0000,0.0000,5.0,3.0,6.0,6.0,,,
pJBSzGmb9a,5.5,Reject,4.25,Reject,Reject,YES,0.0000,0.0000,3.0,5.0,6.0,3.0,,,
pCx6DYN43D,5.0,Reject,4.33,Reject,Reject,YES,0.0000,0.0000,5.0,5.0,3.0,,,,
UwcZEoNP19,6.0,Accept,6.67,Accept,Accept,YES,0.0000,0.0000,8.0,6.0,6.0,,,,
kp8T7G9hIh,6.0,Accept,3.00,Reject,Reject,NO,0.0000,0.0000,3.0,3.0,3.0,3.0,,,
rhaQbS3K3R,6.5,Accept,6.25,Accept,Accept,YES,0.0000,0.0000,6.0,5.0,8.0,6.0,,,
fpoAYV6Wsk,7.0,Accept,6.50,Accept,Accept,YES,0.0000,0.0000,6.0,6.0,6.0,8.0,,,
53kW6e1uNN,7.0,Accept,6.50,Reject,Reject,NO,0.0000,0.0000,8.0,5.0,5.0,8.0,,,
98dyxUoI3q,6.0,Accept,4.75,Reject,Reject,NO,0.0000,0.0000,6.0,5.0,5.0,3.0,,,
N8tJmhCw25,8.0,Accept,6.00,Accept,Accept,YES,0.0000,0.0000,6.0,6.0,6.0,,,,
jXvwJ51vcK,8.0,Accept,7.50,Accept,Accept,YES,0.0000,0.0000,8.0,8.0,8.0,6.0,,,
RgWATMmWmz,7.0,Accept,4.75,Reject,Reject,NO,0.0000,0.0000,5.0,3.0,6.0,5.0,,,
XqGsMD6KH5,5.0,Reject,3.80,Reject,Reject,YES,0.0000,0.0000,5.0,3.0,5.0,3.0,3.0,,
KWo4w1UXs8,5.5,Accept,3.00,Reject,Reject,NO,0.0000,0.0000,3.0,3.0,3.0,,,,
10DtLPsdro,6.0,Accept,6.20,Accept,Accept,YES,0.0000,0.0000,6.0,8.0,5.0,6.0,6.0,,
oYemKnlIrO,6.0,Accept,6.00,Accept,Accept,YES,0.0000,0.0000,6.0,5.0,8.0,5.0,,,
qVtfN6NoJi,5.0,Reject,4.60,Reject,Reject,YES,0.0000,0.0000,5.0,3.0,5.0,5.0,5.0,,
uBhqll8pw1,7.0,Accept,4.00,Reject,Reject,NO,0.0000,0.0000,5.0,5.0,3.0,3.0,,,
SaqU2ca367,7.5,Accept,4.00,Reject,Reject,NO,0.0000,0.0000,3.0,5.0,5.0,3.0,,,
j8lqABLgub,5.5,Reject,6.00,Accept,Accept,NO,0.0000,0.0000,3.0,8.0,8.0,5.0,,,
vbqxaiHGmL,6.0,Accept,4.33,Reject,Reject,NO,0.0000,0.0000,5.0,5.0,3.0,,,,
JkLLAOcEME,6.0,Accept,4.25,Reject,Reject,NO,0.0000,0.0000,5.0,3.0,6.0,3.0,,,
zY37C8d6bS,5.5,Reject,6.00,Accept,Accept,NO,0.0000,0.0000,6.0,6.0,6.0,6.0,,,
FLOaCQfZe9,5.5,Reject,2.50,Reject,Reject,YES,0.0000,0.0000,3.0,1.0,3.0,3.0,,,
Jd3Vd7GCyq,9.0,Accept,7.00,Accept,Accept,YES,0.0000,0.0000,6.0,8.0,8.0,6.0,,,
dBafcyEQzr,4.5,Reject,4.50,Reject,Reject,YES,0.0000,0.0000,5.0,5.0,5.0,3.0,,,
dnqPvUjyRI,6.5,Accept,6.00,Accept,Accept,YES,0.0000,0.0000,6.0,6.0,6.0,,,,
vF4RhEPGtb,6.5,Accept,4.25,Reject,Reject,NO,0.0000,0.0000,5.0,6.0,3.0,3.0,,,
G3vceNrP4o,4.5,Reject,4.00,Reject,Reject,YES,0.0000,0.0000,5.0,3.0,5.0,3.0,,,
EW8ZExRZkJ,7.0,Accept,7.33,Accept,Accept,YES,0.0000,0.0000,8.0,6.0,8.0,,,,
EpYnZpDpsQ,6.0,Accept,6.20,Accept,Accept,YES,0.0000,0.0000,5.0,8.0,6.0,6.0,6.0,,
KQm3IUWxwb,6.5,Accept,4.67,Reject,Reject,NO,0.0000,0.0000,6.0,3.0,5.0,,,,
eev4PHiMir,6.5,Accept,4.20,Reject,Reject,NO,0.0000,0.0000,3.0,6.0,6.0,3.0,3.0,,
KzokzKV4JK,7.0,Accept,5.50,Reject,Reject,NO,0.0000,0.0000,6.0,5.0,5.0,6.0,,,
FlH6VB5sJN,6.5,Accept,5.20,Reject,Reject,NO,0.0000,0.0000,6.0,5.0,6.0,3.0,6.0,,
DQTxr8JtPX,5.5,Accept,4.25,Reject,Reject,NO,0.0000,0.0000,6.0,3.0,3.0,5.0,,,
qZEdmyqCHF,7.5,Accept,6.00,Accept,Accept,YES,0.0000,0.0000,6.0,6.0,6.0,6.0,6.0,,
Q9OGPWt0Rp,5.0,Reject,5.25,Reject,Reject,YES,0.0000,0.0000,5.0,5.0,8.0,3.0,,,
n6YVISFrcN,4.5,Reject,4.25,Reject,Reject,YES,0.0000,0.0000,5.0,3.0,3.0,6.0,,,
FcBmz8nLnq,4.0,Reject,5.25,Reject,Reject,YES,0.0000,0.0000,6.0,6.0,6.0,3.0,,,
Jj4XIKX4TJ,7.5,Accept,6.00,Reject,Reject,NO,0.0000,0.0000,5.0,5.0,6.0,8.0,6.0,,
Ei9KiIzgxK,6.0,Accept,5.75,Reject,Reject,NO,0.0000,0.0000,6.0,5.0,6.0,6.0,,,
jIAKjjEmWi,7.0,Accept,4.00,Reject,Reject,NO,0.0000,0.0000,3.0,5.0,3.0,5.0,,,
axUf8BOjnH,7.0,Accept,6.50,Accept,Accept,YES,0.0000,0.0000,6.0,6.0,6.0,8.0,,,
GQhlM0Mavg,5.0,Reject,5.00,Reject,Reject,YES,0.0000,0.0000,5.0,3.0,6.0,6.0,,,
Xq12wsoNux,6.5,Accept,3.50,Reject,Reject,NO,0.0000,0.0000,1.0,5.0,5.0,3.0,,,
3ZDMQGQgkE,7.0,Accept,4.00,Reject,Reject,NO,0.0000,0.0000,6.0,3.0,3.0,5.0,3.0,,
S5JCqTJyKj,5.5,Reject,3.00,Reject,Reject,YES,0.0000,0.0000,1.0,3.0,5.0,,,,
CtM5xjRSfm,7.5,Accept,7.00,Accept,Accept,YES,0.0000,0.0000,10.0,5.0,6.0,8.0,6.0,,
vNiI3aGcE6,6.0,Accept,7.00,Accept,Accept,YES,0.0000,0.0000,6.0,6.0,8.0,8.0,,,
3qo1pJHabg,7.5,Accept,5.67,Accept,Accept,YES,0.0000,0.0000,6.0,6.0,5.0,,,,
04TRw4pYSV,7.5,Accept,3.50,Reject,Reject,NO,0.0000,0.0000,5.0,3.0,3.0,3.0,,,
Tr0lPx9woF,7.0,Accept,6.50,Accept,Accept,YES,0.0000,0.0000,6.0,6.0,6.0,8.0,,,
zLwCT9srfo,6.5,Accept,5.00,Reject,Reject,NO,0.0000,0.0000,3.0,6.0,6.0,,,,
78NPsEq8cF,7.0,Accept,5.75,Reject,Reject,NO,0.0000,0.0000,6.0,5.0,6.0,6.0,,,
QQ5eVDIMu4,6.0,Accept,5.00,Reject,Reject,NO,0.0000,0.0000,5.0,3.0,6.0,6.0,,,
8w8d8j2FCy,8.0,Accept,6.00,Reject,Reject,NO,0.0000,0.0000,5.0,8.0,5.0,6.0,,,
TmCcNuo03f,5.5,Reject,6.75,Accept,Accept,NO,0.0000,0.0000,8.0,5.0,8.0,6.0,,,
lja4JMesmC,8.0,Accept,6.25,Reject,Reject,NO,0.0000,0.0000,5.0,6.0,8.0,6.0,,,
XNA3Mnnbvb,7.5,Accept,6.60,Accept,Accept,YES,0.0000,0.0000,8.0,8.0,3.0,8.0,6.0,,
1vrS1zwekw,8.0,Accept,6.25,Accept,Accept,YES,0.0000,0.0000,8.0,5.0,6.0,6.0,,,
TTonmgTT9X,7.0,Accept,6.60,Accept,Accept,YES,0.0000,0.0000,8.0,6.0,8.0,6.0,5.0,,
ulIW7Frjpn,5.0,Reject,4.75,Reject,Reject,YES,0.0000,0.0000,3.0,5.0,5.0,6.0,,,
FrmVRUVOEF,6.0,Accept,3.50,Reject,Reject,NO,0.0000,0.0000,3.0,5.0,3.0,3.0,,,
FL6112vyty,5.0,Reject,5.00,Reject,Reject,YES,0.0000,0.0000,5.0,5.0,5.0,5.0,,,
KNXFYBrSWH,5.0,Reject,3.75,Reject,Reject,YES,0.0000,0.0000,6.0,3.0,3.0,3.0,,,
c9z65sDx6M,6.5,Accept,6.60,Accept,Accept,YES,0.0000,0.0000,8.0,6.0,6.0,5.0,8.0,,
WVWlO2tium,6.0,Reject,5.40,Reject,Reject,YES,0.0000,0.0000,5.0,6.0,6.0,5.0,5.0,,
Xw86qj6FV5,7.0,Accept,4.67,Reject,Reject,NO,0.0000,0.0000,3.0,8.0,3.0,,,,
kGteeZ18Ir,7.0,Accept,5.75,Accept,Accept,YES,0.0000,0.0000,8.0,5.0,5.0,5.0,,,
Xq7gwsnhPT,7.0,Accept,6.00,Accept,Accept,YES,0.0000,0.0000,6.0,5.0,5.0,8.0,,,
gqtbL7j2JW,6.0,Accept,5.00,Reject,Reject,NO,0.0000,0.0000,6.0,3.0,3.0,8.0,,,
Fg04yPK0BH,6.5,Accept,5.00,Reject,Reject,NO,0.0000,0.0000,6.0,3.0,6.0,5.0,,,
lqTILjL6lP,5.0,Reject,7.40,Accept,Accept,NO,0.0000,0.0000,8.0,10.0,8.0,5.0,6.0,,
HwkELcW2ft,4.5,Reject,3.25,Reject,Reject,YES,0.0000,0.0000,3.0,6.0,1.0,3.0,,,
TBw53TdDgb,5.0,Accept,3.50,Reject,Reject,NO,0.0000,0.0000,3.0,1.0,5.0,5.0,,,
IAWIgFT71j,3.5,Accept,5.25,Reject,Reject,NO,0.0000,0.0000,5.0,5.0,3.0,8.0,,,
nh5tSrqTpe,4.5,Reject,3.00,Reject,Reject,YES,0.0000,0.0000,3.0,3.0,1.0,5.0,,,
AZGIwqCyYY,7.0,Accept,5.75,Accept,Accept,YES,0.0000,0.0000,6.0,6.0,6.0,5.0,,,
Wx97sznZwB,6.5,Accept,6.00,Reject,Reject,NO,0.0000,0.0000,6.0,5.0,8.0,5.0,6.0,,
mIQ2puu82H,5.0,Reject,5.50,Reject,Reject,YES,0.0000,0.0000,5.0,5.0,6.0,6.0,,,
r8J7Pw7hpj,7.0,Accept,3.75,Reject,Reject,NO,0.0000,0.0000,3.0,3.0,6.0,3.0,,,
jYP8Cd2bMW,4.0,Reject,5.00,Reject,Reject,YES,0.0000,0.0000,5.0,6.0,3.0,6.0,,,
UnCKU8pZVe,7.0,Accept,6.25,Accept,Accept,YES,0.0000,0.0000,5.0,6.0,6.0,8.0,,,
DFSb67ksVr,2.0,Reject,6.67,Accept,Accept,NO,0.0000,0.0000,6.0,6.0,8.0,,,,
RVrINT6MT7,7.5,Accept,5.75,Accept,Accept,YES,0.0000,0.0000,5.0,6.0,6.0,6.0,,,
R9W6fFlr8W,5.5,Reject,5.00,Reject,Reject,YES,0.0000,0.0000,5.0,5.0,5.0,5.0,5.0,,
MBDH5zyxHM,6.0,Accept,4.60,Reject,Reject,NO,0.0000,0.0000,5.0,5.0,5.0,3.0,5.0,,
WdWGe88RdX,7.5,Accept,5.25,Reject,Reject,NO,0.0000,0.0000,6.0,6.0,6.0,3.0,,,
P1qhkp8gQT,7.5,Accept,7.00,Accept,Accept,YES,0.0000,0.0000,8.0,6.0,5.0,8.0,8.0,,
IeZpJNc3uy,6.5,Accept,3.50,Reject,Reject,NO,0.0000,0.0000,3.0,3.0,3.0,5.0,,,
bDooTVT4t2,6.5,Accept,3.00,Reject,Reject,NO,0.0000,0.0000,3.0,3.0,3.0,3.0,,,
KA2Rit4ky1,5.0,Reject,4.80,Reject,Reject,YES,0.0000,0.0000,3.0,6.0,3.0,6.0,6.0,,
8Lqb1dbbfa,3.5,Accept,4.00,Reject,Reject,NO,0.0000,0.0000,3.0,5.0,5.0,3.0,,,
jZsN9zo8Qi,7.0,Accept,6.50,Accept,Accept,YES,0.0000,0.0000,6.0,6.0,8.0,6.0,,,
7tpMhoPXrL,5.5,Reject,4.80,Reject,Reject,YES,0.0000,0.0000,6.0,3.0,5.0,5.0,5.0,,
acPDTHPsOz,6.5,Accept,3.50,Reject,Reject,NO,0.0000,0.0000,3.0,5.0,3.0,3.0,,,
XgklTOdV4J,7.0,Accept,5.67,Reject,Reject,NO,0.0000,0.0000,5.0,6.0,6.0,,,,
nYpPAT4L3D,7.0,Accept,7.50,Accept,Accept,YES,0.0000,0.0000,8.0,6.0,8.0,8.0,,,
4UP387Adir,7.0,Accept,5.50,Reject,Reject,NO,0.0000,0.0000,6.0,5.0,6.0,5.0,,,
8Rad5LwSv2,7.0,Accept,4.75,Reject,Reject,NO,0.0000,0.0000,5.0,3.0,6.0,5.0,,,
1ZAqAmK6BM,6.0,Reject,5.25,Reject,Reject,YES,0.0000,0.0000,5.0,5.0,5.0,6.0,,,
Nh1ZH61OqF,7.0,Accept,5.00,Reject,Reject,NO,0.0000,0.0000,6.0,8.0,3.0,3.0,,,
