paper_id,pred_score,pred_decision,gt_avg_score,gt_decision,gt_binary,match,cost,sdk_savings,gt_score_0,gt_score_1,gt_score_2,gt_score_3,gt_score_4,gt_score_5,gt_score_6
xXTkbTBmqq,7.0,Accept,8.67,Accept,Accept,YES,0.0000,0.0000,8.0,8.0,10.0,,,,
RxhOEngX8s,6.0,Accept,4.25,Reject,Reject,NO,0.0000,0.0000,3.0,3.0,5.0,6.0,,,
k7UQ96cHzc,6.0,Accept,5.50,Reject,Reject,NO,0.0000,0.0000,8.0,3.0,5.0,6.0,,,
ZCOwwRAaEl,4.0,Reject,8.00,Accept,Accept,NO,0.0000,0.0000,8.0,8.0,8.0,8.0,,,
hQVCCxQrYN,5.5,Reject,6.67,Accept,Accept,NO,0.0000,0.0000,6.0,8.0,6.0,,,,
rSAPrQzoQa,5.0,Reject,5.00,Reject,Reject,YES,0.0000,0.0000,3.0,5.0,6.0,6.0,,,
RvUVMjfp8i,4.5,Reject,8.00,Accept,Accept,NO,0.0000,0.0000,8.0,8.0,8.0,8.0,,,
io8uRPYktn,2.0,Reject,7.00,Accept,Accept,NO,0.0000,0.0000,8.0,6.0,8.0,6.0,,,
0FbzC7B9xI,5.0,Reject,6.60,Accept,Accept,NO,0.0000,0.0000,6.0,8.0,8.0,5.0,6.0,,
q5EZ7gKcnW,7.0,Accept,7.25,Accept,Accept,YES,0.0000,0.0000,8.0,5.0,8.0,8.0,,,
6mLjDwYte5,6.0,Accept,6.75,Accept,Accept,YES,0.0000,0.0000,8.0,6.0,5.0,8.0,,,
rzF0R6GOd4,4.5,Reject,8.00,Accept,Accept,NO,0.0000,0.0000,8.0,8.0,8.0,8.0,,,
L8UNn7Llt4,7.0,Accept,7.50,Accept,Accept,YES,0.0000,0.0000,8.0,8.0,6.0,8.0,,,
SoismgeX7z,7.0,Accept,7.00,Accept,Accept,YES,0.0000,0.0000,6.0,6.0,8.0,8.0,,,
vJ0axKTh7t,5.0,Reject,6.25,Accept,Accept,NO,0.0000,0.0000,6.0,6.0,5.0,8.0,,,
5M0ic2RxQZ,5.5,Reject,6.67,Accept,Accept,NO,0.0000,0.0000,6.0,6.0,8.0,,,,
ewZSzO6bts,4.5,Reject,3.75,Reject,Reject,YES,0.0000,0.0000,3.0,6.0,3.0,3.0,,,
XjlZJJFyla,5.0,Reject,5.00,Reject,Reject,YES,0.0000,0.0000,5.0,3.0,6.0,6.0,,,
UXALv0lJZS,4.5,Reject,6.00,Accept,Accept,NO,0.0000,0.0000,6.0,6.0,6.0,,,,
g9diuvxN6D,7.0,Accept,7.50,Accept,Accept,YES,0.0000,0.0000,8.0,8.0,6.0,8.0,,,
sW95puhphh,4.5,Reject,5.00,Reject,Reject,YES,0.0000,0.0000,5.0,3.0,6.0,6.0,,,
n9PDaFNi8t,6.5,Accept,7.50,Accept,Accept,YES,0.0000,0.0000,6.0,8.0,8.0,8.0,,,
4y3GDTFv70,5.0,Reject,3.25,Reject,Reject,YES,0.0000,0.0000,3.0,1.0,3.0,6.0,,,
FOcleL0ltt,4.5,Reject,3.00,Reject,Reject,YES,0.0000,0.0000,3.0,3.0,3.0,,,,
9U8IwSewJy,6.0,Reject,4.75,Reject,Reject,YES,0.0000,0.0000,5.0,6.0,5.0,3.0,,,
6bcAD6g688,5.5,Reject,5.75,Accept,Accept,NO,0.0000,0.0000,5.0,6.0,6.0,6.0,,,
uuCcK4cmlH,5.0,Reject,3.00,Reject,Reject,YES,0.0000,0.0000,3.0,3.0,3.0,,,,
nwjgeFGbAF,5.0,Reject,5.25,Reject,Reject,YES,0.0000,0.0000,8.0,5.0,5.0,3.0,,,
BfNylgbDuy,4.0,Reject,4.50,Reject,Reject,YES,0.0000,0.0000,5.0,5.0,5.0,3.0,,,
3lfSk8NWWp,5.0,Reject,4.00,Reject,Reject,YES,0.0000,0.0000,5.0,3.0,5.0,3.0,,,
YCOVTlMFIG,6.0,Accept,5.00,Reject,Reject,NO,0.0000,0.0000,6.0,5.0,8.0,5.0,3.0,3.0,
AvXrppAS2o,1.0,Reject,3.00,Reject,Reject,YES,0.0000,0.0000,3.0,3.0,3.0,1.0,5.0,3.0,
yOrtDi6IXs,4.5,Reject,4.25,Reject,Reject,YES,0.0000,0.0000,3.0,5.0,6.0,3.0,,,
ReccFdn4zE,4.0,Reject,2.00,Reject,Reject,YES,0.0000,0.0000,1.0,3.0,3.0,1.0,,,
NzEIjnIIzv,6.0,Accept,7.25,Reject,Reject,NO,0.0000,0.0000,6.0,10.0,5.0,8.0,,,
OdoS6cH8MP,4.5,Reject,2.00,Reject,Reject,YES,0.0000,0.0000,3.0,1.0,1.0,3.0,,,
cADdVJYiIG,4.0,Reject,2.50,Reject,Reject,YES,0.0000,0.0000,5.0,1.0,1.0,3.0,,,
1KvYxcAihR,6.5,Accept,5.75,Reject,Reject,NO,0.0000,0.0000,5.0,5.0,8.0,5.0,,,
Q1u25ahSuy,7.0,Accept,6.50,Accept,Accept,YES,0.0000,0.0000,6.0,6.0,8.0,6.0,,,
3mnWvUZIXt,6.0,Accept,7.25,Accept,Accept,YES,0.0000,0.0000,8.0,8.0,5.0,8.0,,,
AtLW9HU3bo,5.5,Reject,4.50,Reject,Reject,YES,0.0000,0.0000,5.0,5.0,5.0,3.0,,,
C61sk5LsK6,5.5,Reject,7.00,Accept,Accept,NO,0.0000,0.0000,8.0,6.0,8.0,6.0,,,
UAzVXdgheU,6.0,Reject,4.67,Reject,Reject,YES,0.0000,0.0000,3.0,6.0,5.0,,,,
ltutP1Iwqq,4.5,Reject,5.00,Reject,Reject,YES,0.0000,0.0000,6.0,5.0,6.0,5.0,3.0,,
jnFcKjtUPN,6.5,Accept,6.00,Accept,Accept,YES,0.0000,0.0000,6.0,6.0,6.0,,,,
uaKBM9sGEm,5.0,Reject,4.00,Reject,Reject,YES,0.0000,0.0000,6.0,1.0,3.0,6.0,,,
V5Y7HdPXEA,5.0,Reject,2.33,Reject,Reject,YES,0.0000,0.0000,3.0,1.0,3.0,,,,
BOfDKxfwt0,7.0,Accept,7.50,Accept,Accept,YES,0.0000,0.0000,8.0,8.0,8.0,6.0,,,
SyVPiehSbg,7.0,Accept,7.50,Accept,Accept,YES,0.0000,0.0000,8.0,6.0,8.0,8.0,,,
fn0mjkZopf,6.5,Accept,5.25,Reject,Reject,NO,0.0000,0.0000,6.0,6.0,6.0,3.0,,,
aZjOk7wmWf,6.0,Accept,3.50,Reject,Reject,NO,0.0000,0.0000,3.0,3.0,5.0,3.0,,,
xoXn62FzD0,7.0,Accept,8.00,Accept,Accept,YES,0.0000,0.0000,8.0,8.0,8.0,8.0,,,
jaIxmAVAqF,3.5,Reject,4.50,Reject,Reject,YES,0.0000,0.0000,5.0,3.0,5.0,5.0,,,
EhSUM1FcJw,5.5,Reject,4.00,Reject,Reject,YES,0.0000,0.0000,3.0,5.0,3.0,5.0,,,
0DZEs8NpUH,4.5,Reject,6.00,Accept,Accept,NO,0.0000,0.0000,5.0,8.0,5.0,,,,
NXnNiT0fdp,5.0,Reject,4.75,Reject,Reject,YES,0.0000,0.0000,5.0,5.0,6.0,3.0,,,
uOnElfFuey,5.0,Reject,3.00,Reject,Reject,YES,0.0000,0.0000,5.0,3.0,1.0,3.0,,,
TUUjIWntkU,4.0,Reject,2.50,Reject,Reject,YES,0.0000,0.0000,3.0,3.0,3.0,1.0,,,
1PXEY7ofFX,7.0,Accept,7.20,Accept,Accept,YES,0.0000,0.0000,6.0,8.0,8.0,8.0,6.0,,
NQqJPPCesd,5.5,Reject,7.33,Accept,Accept,NO,0.0000,0.0000,8.0,6.0,8.0,,,,
V73W8MXnNW,3.5,Reject,3.00,Reject,Reject,YES,0.0000,0.0000,3.0,3.0,3.0,,,,
oI5tZaWkF9,6.0,Reject,7.50,Accept,Accept,NO,0.0000,0.0000,6.0,8.0,8.0,8.0,,,
RVUWZ9SP1K,4.0,Reject,3.00,Reject,Reject,YES,0.0000,0.0000,3.0,3.0,3.0,3.0,,,
9wjGUN65tY,5.0,Reject,5.00,Reject,Reject,YES,0.0000,0.0000,3.0,6.0,5.0,6.0,,,
bU0JMHJ8zL,4.0,Reject,2.50,Reject,Reject,YES,0.0000,0.0000,3.0,3.0,3.0,1.0,,,
x4lmFlfFKX,3.5,Reject,2.50,Reject,Reject,YES,0.0000,0.0000,1.0,3.0,3.0,3.0,,,
lvgsPjRtLM,4.0,Reject,2.50,Reject,Reject,YES,0.0000,0.0000,3.0,1.0,3.0,3.0,,,
LbJqRGNYCf,5.0,Reject,5.75,Accept,Accept,NO,0.0000,0.0000,6.0,6.0,6.0,5.0,,,
vwENIgfZdQ,5.5,Reject,5.40,Reject,Reject,YES,0.0000,0.0000,5.0,5.0,6.0,5.0,6.0,,
MbX0t1rUlp,7.0,Accept,6.20,Accept,Accept,YES,0.0000,0.0000,6.0,8.0,8.0,6.0,3.0,,
PPazOk82Sq,5.0,Reject,5.60,Reject,Reject,YES,0.0000,0.0000,5.0,8.0,6.0,6.0,3.0,,
51cjeYcXjs,3.5,Reject,2.50,Reject,Reject,YES,0.0000,0.0000,3.0,1.0,3.0,3.0,,,
u4FiXrH09F,5.0,Reject,4.75,Reject,Reject,YES,0.0000,0.0000,3.0,6.0,5.0,5.0,,,
BLWaTeucYX,4.5,Reject,6.00,Accept,Accept,NO,0.0000,0.0000,6.0,6.0,6.0,6.0,,,
28L2FCtMWq,5.0,Reject,6.50,Accept,Accept,NO,0.0000,0.0000,6.0,8.0,6.0,6.0,,,
QcgvtqxRhI,5.0,Reject,5.00,Reject,Reject,YES,0.0000,0.0000,5.0,5.0,5.0,,,,
M7KyLjuN0A,5.0,Reject,7.50,Accept,Accept,NO,0.0000,0.0000,8.0,8.0,8.0,6.0,,,
X6W5eqhzDx,6.5,Accept,4.67,Reject,Reject,NO,0.0000,0.0000,6.0,5.0,3.0,,,,
hrqNOxpItr,7.0,Accept,8.00,Accept,Accept,YES,0.0000,0.0000,8.0,8.0,8.0,,,,
6CetUU9FSt,5.0,Accept,2.50,Reject,Reject,NO,0.0000,0.0000,3.0,3.0,1.0,3.0,,,
NbbsRnPBoS,1.0,Reject,2.33,Reject,Reject,YES,0.0000,0.0000,3.0,1.0,3.0,,,,
Ep0TtjVoap,7.5,Accept,6.75,Accept,Accept,YES,0.0000,0.0000,8.0,8.0,5.0,6.0,,,
PzkYyZH9Fx,5.0,Reject,4.50,Reject,Reject,YES,0.0000,0.0000,5.0,5.0,3.0,5.0,,,
z3vplLsIve,1.5,Reject,3.50,Reject,Reject,YES,0.0000,0.0000,5.0,5.0,1.0,3.0,,,
RXU6qde675,4.0,Reject,2.50,Reject,Reject,YES,0.0000,0.0000,3.0,3.0,3.0,1.0,,,
Rmm0Ohulxf,6.5,Reject,4.00,Reject,Reject,YES,0.0000,0.0000,5.0,3.0,3.0,5.0,,,
cxB0fPNZkx,4.5,Reject,3.00,Reject,Reject,YES,0.0000,0.0000,3.0,3.0,5.0,1.0,,,
jOmk0uS1hl,7.0,Accept,8.00,Accept,Accept,YES,0.0000,0.0000,8.0,8.0,8.0,8.0,,,
4R71pdPBZp,3.5,Reject,7.00,Accept,Accept,NO,0.0000,0.0000,6.0,6.0,8.0,8.0,,,
eFS9Pm7bsM,4.0,Reject,5.29,Reject,Reject,YES,0.0000,0.0000,6.0,6.0,5.0,5.0,6.0,3.0,
CRmiX0v16e,6.0,Accept,7.80,Accept,Accept,YES,0.0000,0.0000,8.0,5.0,8.0,8.0,10.0,,
pOq9vDIYev,6.0,Accept,7.00,Accept,Accept,YES,0.0000,0.0000,8.0,8.0,5.0,,,,
KscheKSYrh,6.0,Accept,5.80,Reject,Reject,NO,0.0000,0.0000,5.0,5.0,5.0,8.0,6.0,,
tjlTczcnPz,5.5,Reject,5.40,Reject,Reject,YES,0.0000,0.0000,6.0,6.0,5.0,5.0,5.0,,
GCH5leffZp,4.5,Reject,7.00,Accept,Accept,NO,0.0000,0.0000,6.0,6.0,8.0,8.0,,,
6w9qffvXkq,5.0,Reject,2.60,Reject,Reject,YES,0.0000,0.0000,3.0,1.0,3.0,3.0,3.0,,
MJWJoICJQh,5.5,Reject,3.40,Reject,Reject,YES,0.0000,0.0000,3.0,3.0,5.0,3.0,3.0,,
Dm4qrBuFKH,5.0,Reject,4.67,Reject,Reject,YES,0.0000,0.0000,6.0,5.0,3.0,,,,
fagTLzHFBs,5.5,Reject,5.50,Reject,Reject,YES,0.0000,0.0000,3.0,6.0,8.0,5.0,,,
GRMfXcAAFh,6.5,Reject,8.00,Accept,Accept,NO,0.0000,0.0000,8.0,8.0,8.0,8.0,,,
fTdhM7q1o2,5.0,Reject,3.00,Reject,Reject,YES,0.0000,0.0000,3.0,3.0,3.0,3.0,,,
07xuZw59uB,5.5,Reject,3.00,Reject,Reject,YES,0.0000,0.0000,3.0,5.0,3.0,1.0,,,
10JOlFIPjt,6.5,Accept,7.50,Accept,Accept,YES,0.0000,0.0000,8.0,8.0,8.0,6.0,,,
hgBVVAJ1ym,3.5,Reject,5.33,Reject,Reject,YES,0.0000,0.0000,3.0,5.0,8.0,,,,
Cjz9Xhm7sI,5.0,Reject,8.00,Accept,Accept,NO,0.0000,0.0000,8.0,8.0,8.0,,,,
HiTg16qhxp,4.5,Reject,5.50,Accept,Accept,NO,0.0000,0.0000,5.0,8.0,3.0,6.0,,,
WNSjteBJd9,6.0,Accept,5.33,Reject,Reject,NO,0.0000,0.0000,5.0,3.0,8.0,,,,
44IKUSdbUD,5.0,Reject,3.00,Reject,Reject,YES,0.0000,0.0000,5.0,3.0,1.0,,,,
vf5aUZT0Fz,5.0,Reject,8.00,Accept,Accept,NO,0.0000,0.0000,8.0,8.0,8.0,,,,
A0HKeKl4Nl,5.0,Reject,6.67,Accept,Accept,NO,0.0000,0.0000,8.0,6.0,6.0,,,,
f6CBQYxXvr,6.0,Reject,7.00,Accept,Accept,NO,0.0000,0.0000,5.0,8.0,8.0,,,,
8gCgXG40Wn,4.5,Reject,4.00,Reject,Reject,YES,0.0000,0.0000,5.0,3.0,3.0,5.0,,,
kNpSUN0uCc,6.0,Accept,7.33,Accept,Accept,YES,0.0000,0.0000,6.0,8.0,8.0,,,,
E8gYIrbP00,6.0,Accept,6.75,Accept,Accept,YES,0.0000,0.0000,8.0,6.0,8.0,5.0,,,
6bpvbNLXH9,4.0,Reject,3.50,Reject,Reject,YES,0.0000,0.0000,3.0,5.0,3.0,3.0,,,
LLtUtzSOL5,5.5,Reject,5.00,Reject,Reject,YES,0.0000,0.0000,3.0,3.0,6.0,8.0,,,
tU074jg2vS,7.5,Accept,7.00,Accept,Accept,YES,0.0000,0.0000,8.0,8.0,5.0,,,,
RVrINT6MT7,7.5,Accept,5.75,Accept,Accept,YES,0.0000,0.0000,5.0,6.0,6.0,6.0,,,
DhH3LbA6F6,5.0,Reject,6.00,Accept,Accept,NO,0.0000,0.0000,6.0,6.0,6.0,6.0,6.0,,
hkgULK8u4d,4.0,Reject,4.33,Reject,Reject,YES,0.0000,0.0000,5.0,5.0,3.0,,,,
o2Igqm95SJ,5.0,Reject,8.00,Accept,Accept,NO,0.0000,0.0000,8.0,8.0,8.0,8.0,,,
W5S1DEjN8x,4.5,Reject,4.25,Reject,Reject,YES,0.0000,0.0000,3.0,5.0,3.0,6.0,,,
EPHsIa0Ytg,6.0,Accept,7.50,Accept,Accept,YES,0.0000,0.0000,8.0,8.0,8.0,6.0,,,
dxoryzjsCW,5.0,Reject,4.50,Reject,Reject,YES,0.0000,0.0000,3.0,3.0,6.0,6.0,,,
UIFAJZ22ZF,5.0,Reject,6.67,Accept,Accept,NO,0.0000,0.0000,8.0,6.0,6.0,,,,
sUywd7UhFT,3.0,Reject,2.50,Reject,Reject,YES,0.0000,0.0000,1.0,5.0,1.0,3.0,,,
kf9phcBvQ5,7.0,Accept,3.00,Reject,Reject,NO,0.0000,0.0000,3.0,3.0,3.0,3.0,,,
NmmRPUCWIA,4.0,Reject,4.40,Reject,Reject,YES,0.0000,0.0000,3.0,5.0,5.0,6.0,3.0,,
e3tveFVmoH,6.0,Accept,5.25,Reject,Reject,NO,0.0000,0.0000,5.0,6.0,5.0,5.0,,,
agHddsQhsL,5.5,Reject,7.50,Accept,Accept,NO,0.0000,0.0000,6.0,8.0,8.0,8.0,,,
kkVTeMvC9D,4.5,Reject,3.40,Reject,Reject,YES,0.0000,0.0000,3.0,5.0,3.0,3.0,3.0,,
zMPHKOmQNb,6.5,Accept,8.00,Accept,Accept,YES,0.0000,0.0000,8.0,8.0,8.0,,,,
2H6KhX1kJr,4.5,Reject,3.00,Reject,Reject,YES,0.0000,0.0000,3.0,3.0,3.0,3.0,,,
CrOHzVtWmH,6.5,Accept,3.80,Reject,Reject,NO,0.0000,0.0000,3.0,5.0,5.0,3.0,3.0,,
770DetV8He,7.0,Accept,7.00,Accept,Accept,YES,0.0000,0.0000,6.0,8.0,6.0,8.0,,,
kvvvUPDAPt,7.5,Accept,5.33,Reject,Reject,NO,0.0000,0.0000,5.0,6.0,5.0,,,,
ZV7CLf0RHK,6.5,Accept,7.50,Accept,Accept,YES,0.0000,0.0000,8.0,8.0,8.0,6.0,,,
CGlczSBBSj,6.0,Accept,7.00,Accept,Accept,YES,0.0000,0.0000,6.0,8.0,6.0,8.0,,,
X5qi6fnnw7,7.5,Accept,4.75,Reject,Reject,NO,0.0000,0.0000,6.0,5.0,5.0,3.0,,,
2BtFKEeMGo,5.5,Reject,6.50,Accept,Accept,NO,0.0000,0.0000,6.0,8.0,6.0,6.0,,,
kWELXBKl54,5.0,Reject,4.80,Reject,Reject,YES,0.0000,0.0000,8.0,5.0,5.0,3.0,3.0,,
1pXzC30ry5,6.5,Accept,7.50,Accept,Accept,YES,0.0000,0.0000,8.0,8.0,6.0,8.0,,,
3GunDQNKFJ,5.0,Reject,4.75,Reject,Reject,YES,0.0000,0.0000,6.0,5.0,3.0,5.0,,,
njyZgDDeY4,5.0,Reject,4.00,Reject,Reject,YES,0.0000,0.0000,3.0,5.0,3.0,5.0,,,
q07DDpu8Xb,5.5,Reject,5.25,Reject,Reject,YES,0.0000,0.0000,5.0,6.0,5.0,5.0,,,
UsMTuRraOR,3.5,Reject,3.00,Reject,Reject,YES,0.0000,0.0000,3.0,5.0,3.0,1.0,,,
scxDIx6StY,5.0,Reject,3.40,Reject,Reject,YES,0.0000,0.0000,5.0,5.0,3.0,3.0,1.0,,
rGyi8NNqB0,6.0,Accept,6.50,Accept,Accept,YES,0.0000,0.0000,8.0,5.0,5.0,8.0,,,
gZRfDWLlGY,4.0,Reject,4.33,Reject,Reject,YES,0.0000,0.0000,3.0,5.0,5.0,,,,
TgTxJALwDz,3.5,Reject,2.33,Reject,Reject,YES,0.0000,0.0000,3.0,3.0,1.0,,,,
0bmGL4q7vJ,5.0,Reject,7.50,Accept,Accept,NO,0.0000,0.0000,6.0,8.0,8.0,8.0,,,
bDPL0ohHBa,5.0,Reject,5.60,Reject,Reject,YES,0.0000,0.0000,6.0,5.0,6.0,6.0,5.0,,
NUD03NBDOE,7.0,Accept,6.75,Accept,Accept,YES,0.0000,0.0000,8.0,6.0,5.0,8.0,,,
U834XHJuqk,5.0,Reject,7.50,Accept,Accept,NO,0.0000,0.0000,8.0,6.0,8.0,8.0,,,
cCl10IU836,6.5,Accept,7.00,Accept,Accept,YES,0.0000,0.0000,6.0,8.0,6.0,8.0,,,
qBL04XXex6,5.0,Reject,6.00,Accept,Accept,NO,0.0000,0.0000,5.0,6.0,6.0,5.0,8.0,,
YGoFl5KKFc,-100.0,Error,4.75,Reject,Reject,NO,0.0000,0.0000,5.0,3.0,6.0,5.0,,,
pk0iUCNVPa,4.5,Reject,6.33,Reject,Reject,YES,0.0000,0.0000,5.0,8.0,6.0,,,,
r6aX67YhD9,6.0,Accept,4.75,Reject,Reject,NO,0.0000,0.0000,3.0,5.0,6.0,5.0,,,
Uj0h13lVrR,2.0,Reject,1.00,Reject,Reject,YES,0.0000,0.0000,1.0,1.0,,,,,
rQ8mHhEIeB,1.0,Reject,5.60,Reject,Reject,YES,0.0000,0.0000,5.0,6.0,6.0,6.0,5.0,,
ZyMXxpBfct,2.5,Reject,1.50,Reject,Reject,YES,0.0000,0.0000,1.0,3.0,1.0,1.0,,,
GvzL4LuycW,4.0,Reject,3.00,Reject,Reject,YES,0.0000,0.0000,3.0,3.0,3.0,3.0,,,
YB7z2AOqm3,6.0,Weak Accept,4.57,Reject,Reject,NO,0.0000,0.0000,5.0,5.0,3.0,5.0,5.0,6.0,
Wr3UuEx72f,7.0,Accept,7.50,Accept,Accept,YES,0.0000,0.0000,8.0,8.0,6.0,8.0,,,
SnDmPkOJ0T,7.0,Accept,8.00,Accept,Accept,YES,0.0000,0.0000,10.0,8.0,6.0,8.0,,,
TlAdgeoDTo,7.0,Accept,7.25,Accept,Accept,YES,0.0000,0.0000,8.0,8.0,8.0,5.0,,,
1aF2D2CPHi,5.0,Reject,8.00,Accept,Accept,NO,0.0000,0.0000,8.0,10.0,6.0,8.0,,,
CpiOUOaqh3,3.5,Reject,2.00,Reject,Reject,YES,0.0000,0.0000,3.0,3.0,1.0,1.0,,,
7NzgkEdGyr,6.0,Accept,6.33,Accept,Accept,YES,0.0000,0.0000,8.0,6.0,5.0,,,,
pXIbcRPxWR,4.5,Reject,2.50,Reject,Reject,YES,0.0000,0.0000,3.0,5.0,1.0,1.0,,,
waIltEWDr8,4.0,Reject,3.00,Reject,Reject,YES,0.0000,0.0000,3.0,3.0,3.0,5.0,1.0,,
qgsXsqahMq,5.0,Reject,7.50,Accept,Accept,NO,0.0000,0.0000,8.0,8.0,6.0,8.0,,,
L6IgkJvcgV,6.0,Accept,7.20,Accept,Accept,YES,0.0000,0.0000,6.0,10.0,8.0,6.0,6.0,,
kxgSlyirUZ,7.0,Accept,5.25,Accept,Accept,YES,0.0000,0.0000,1.0,6.0,8.0,6.0,,,
Op1XmdxFk8,7.0,Accept,4.75,Reject,Reject,NO,0.0000,0.0000,3.0,5.0,5.0,6.0,,,
5Dwqu5urzs,4.0,Reject,7.50,Accept,Accept,NO,0.0000,0.0000,6.0,8.0,8.0,8.0,,,
RxQOKupaui,6.0,Accept,5.00,Reject,Reject,NO,0.0000,0.0000,6.0,3.0,6.0,,,,
pzZjyYee6L,4.0,Reject,2.50,Reject,Reject,YES,0.0000,0.0000,1.0,3.0,3.0,3.0,,,
TyFrPOKYXw,5.5,Weak Accept,7.50,Accept,Accept,NO,0.0000,0.0000,8.0,8.0,6.0,8.0,,,
NgaLU2fP5D,6.0,Accept,6.75,Accept,Accept,YES,0.0000,0.0000,8.0,8.0,5.0,6.0,,,
wLzhEQq2hR,6.0,Accept,6.00,Reject,Reject,NO,0.0000,0.0000,5.0,6.0,8.0,5.0,,,
Tkkrm3pA35,7.0,Accept,5.25,Accept,Accept,YES,0.0000,0.0000,6.0,3.0,6.0,6.0,,,
ilcsm8B7Pe,4.5,Reject,6.00,Reject,Reject,YES,0.0000,0.0000,5.0,5.0,6.0,8.0,,,
PBjCTeDL6o,4.0,Reject,8.00,Accept,Accept,NO,0.0000,0.0000,8.0,10.0,8.0,6.0,,,
tcsZt9ZNKD,7.5,Accept,8.20,Accept,Accept,YES,0.0000,0.0000,3.0,10.0,10.0,8.0,10.0,,
t8KLjiFNwn,7.0,Accept,7.00,Accept,Accept,YES,0.0000,0.0000,8.0,6.0,8.0,6.0,,,
iezDdA9oeB,5.0,Reject,7.00,Accept,Accept,NO,0.0000,0.0000,8.0,6.0,6.0,8.0,,,
re7jrIyghD,4.0,Reject,3.50,Reject,Reject,YES,0.0000,0.0000,3.0,5.0,3.0,3.0,,,
MVe2dnWPCu,5.5,Accept,7.50,Accept,Accept,YES,0.0000,0.0000,6.0,8.0,8.0,8.0,,,
11WAKGH8uv,5.0,Reject,4.75,Reject,Reject,YES,0.0000,0.0000,5.0,5.0,3.0,6.0,,,
UbOzNf6hGq,7.0,Accept,4.25,Reject,Reject,NO,0.0000,0.0000,3.0,3.0,6.0,5.0,,,
sK2A7Ve2co,3.5,Reject,2.50,Reject,Reject,YES,0.0000,0.0000,3.0,3.0,3.0,1.0,,,
gCSEQIgbWH,5.0,Reject,3.50,Reject,Reject,YES,0.0000,0.0000,3.0,5.0,3.0,3.0,,,
vlOfFI9vWO,3.5,Reject,3.00,Reject,Reject,YES,0.0000,0.0000,1.0,3.0,3.0,5.0,,,
M2SsqpxGtc,5.0,Reject,7.50,Accept,Accept,NO,0.0000,0.0000,8.0,6.0,8.0,8.0,,,
FTSUDBM6lu,3.0,Reject,2.50,Reject,Reject,YES,0.0000,0.0000,1.0,1.0,3.0,5.0,,,
KZII3faAs2,5.0,Reject,3.40,Reject,Reject,YES,0.0000,0.0000,3.0,3.0,3.0,5.0,3.0,,
4j9plQoOH1,5.0,Reject,4.75,Reject,Reject,YES,0.0000,0.0000,3.0,5.0,5.0,6.0,,,
N0MnPLK6r7,6.0,Accept,4.00,Reject,Reject,NO,0.0000,0.0000,3.0,5.0,5.0,3.0,,,
Pj06mxCXPl,5.0,Reject,6.67,Accept,Accept,NO,0.0000,0.0000,8.0,6.0,6.0,,,,
L4nOxziGf9,6.0,Accept,6.00,Accept,Accept,YES,0.0000,0.0000,6.0,6.0,6.0,,,,
6ofUPFtqPF,5.0,Reject,3.00,Reject,Reject,YES,0.0000,0.0000,3.0,3.0,3.0,3.0,,,
KLUDshUx2V,4.0,Reject,3.40,Reject,Reject,YES,0.0000,0.0000,5.0,3.0,3.0,3.0,3.0,,
nbPGqeH3lt,5.0,Reject,5.75,Accept,Accept,NO,0.0000,0.0000,6.0,6.0,5.0,6.0,,,
UeHunlny77,7.0,Accept,3.50,Reject,Reject,NO,0.0000,0.0000,3.0,5.0,1.0,5.0,,,
yEox25xAED,3.5,Reject,6.60,Accept,Accept,NO,0.0000,0.0000,6.0,5.0,8.0,8.0,6.0,,
LtBD5fFHB7,5.0,Reject,6.00,Reject,Reject,YES,0.0000,0.0000,8.0,6.0,5.0,5.0,,,
FE2e8664Sl,5.0,Reject,7.00,Accept,Accept,NO,0.0000,0.0000,8.0,8.0,5.0,,,,
SMYEApLhyx,6.5,Accept,5.67,Reject,Reject,NO,0.0000,0.0000,6.0,6.0,5.0,,,,
QogcGNXJVw,7.0,Accept,7.50,Accept,Accept,YES,0.0000,0.0000,8.0,8.0,8.0,6.0,,,
tGOOP7DGxs,7.0,Accept,5.00,Reject,Reject,NO,0.0000,0.0000,5.0,5.0,5.0,5.0,,,
HSGCCUwH7r,6.0,Reject,6.75,Reject,Reject,YES,0.0000,0.0000,5.0,6.0,8.0,8.0,,,
pppyig2kYe,3.5,Reject,3.00,Reject,Reject,YES,0.0000,0.0000,3.0,3.0,3.0,3.0,,,
pzUhfQ74c5,5.0,Reject,6.25,Accept,Accept,NO,0.0000,0.0000,6.0,3.0,8.0,8.0,,,
tznvtmSEiN,6.0,Reject,6.67,Accept,Accept,NO,0.0000,0.0000,8.0,6.0,6.0,,,,
VmGRoNDQgJ,6.0,Reject,7.50,Accept,Accept,NO,0.0000,0.0000,8.0,6.0,8.0,8.0,,,
xDrFWUmCne,6.0,Accept,8.00,Accept,Accept,YES,0.0000,0.0000,8.0,8.0,8.0,,,,
A1WwYw5u8m,7.0,Accept,3.00,Reject,Reject,NO,0.0000,0.0000,3.0,3.0,3.0,3.0,,,
OM1R87YLTc,3.5,Reject,2.00,Reject,Reject,YES,0.0000,0.0000,1.0,1.0,3.0,3.0,,,
Y8i3rF4Umc,4.0,Reject,3.60,Reject,Reject,YES,0.0000,0.0000,5.0,3.0,6.0,3.0,1.0,,
f47c05mcOj,4.0,Reject,3.00,Reject,Reject,YES,0.0000,0.0000,5.0,3.0,3.0,1.0,,,
CO4wKfSyhb,4.0,Reject,3.80,Reject,Reject,YES,0.0000,0.0000,3.0,3.0,3.0,5.0,5.0,,
IcVNBR7qZi,7.5,Accept,6.25,Accept,Accept,YES,0.0000,0.0000,8.0,5.0,6.0,6.0,,,
GBpKUnM6gW,5.0,Reject,3.50,Reject,Reject,YES,0.0000,0.0000,3.0,3.0,5.0,3.0,,,
BzVJOqwBka,5.0,Reject,5.67,Reject,Reject,YES,0.0000,0.0000,5.0,6.0,6.0,,,,
49qqV4NTdy,6.0,Accept,6.67,Reject,Reject,NO,0.0000,0.0000,8.0,6.0,6.0,,,,
E1EHO0imOb,3.0,Reject,7.50,Accept,Accept,NO,0.0000,0.0000,8.0,8.0,6.0,8.0,,,
zxg6601zoc,4.5,Reject,5.75,Accept,Accept,NO,0.0000,0.0000,6.0,6.0,6.0,5.0,,,
gW4bdLwypB,4.0,Reject,6.50,Reject,Reject,YES,0.0000,0.0000,6.0,5.0,10.0,5.0,,,
jhiByZpuIS,3.0,Reject,4.67,Reject,Reject,YES,0.0000,0.0000,5.0,3.0,6.0,,,,
IxpTsFS7mh,4.5,Reject,6.67,Accept,Accept,NO,0.0000,0.0000,8.0,6.0,6.0,,,,
kvBuxFxSLR,3.5,Reject,3.75,Reject,Reject,YES,0.0000,0.0000,3.0,3.0,6.0,3.0,,,
xzKFnsJIXL,5.0,Reject,6.50,Accept,Accept,NO,0.0000,0.0000,6.0,6.0,8.0,6.0,,,
514rdneWOX,5.0,Reject,5.25,Reject,Reject,YES,0.0000,0.0000,3.0,8.0,5.0,5.0,,,
5lUdTogEL3,-100.0,Error,1.00,Reject,Reject,NO,0.0000,0.0000,1.0,1.0,1.0,1.0,,,
rH6IZIXqZG,6.0,Accept,4.67,Reject,Reject,NO,0.0000,0.0000,3.0,5.0,6.0,,,,
3ktyyYGLxB,6.0,Reject,5.75,Reject,Reject,YES,0.0000,0.0000,5.0,5.0,8.0,5.0,,,
JOBokGDcX0,4.0,Reject,2.50,Reject,Reject,YES,0.0000,0.0000,5.0,3.0,1.0,1.0,,,
VaowElpVzd,-100.0,Error,7.50,Accept,Accept,NO,0.0000,0.0000,6.0,8.0,6.0,10.0,,,
Ob0UafH2YI,5.0,Reject,4.67,Reject,Reject,YES,0.0000,0.0000,6.0,5.0,3.0,,,,
Rry1SeSOQL,7.5,Accept,6.75,Accept,Accept,YES,0.0000,0.0000,5.0,8.0,8.0,6.0,,,
7idCpuEAiR,6.0,Accept,7.00,Accept,Accept,YES,0.0000,0.0000,6.0,8.0,6.0,8.0,,,
gTwRMU3lJ5,7.0,Accept,7.33,Accept,Accept,YES,0.0000,0.0000,6.0,8.0,8.0,,,,
5AbtYdHlr3,4.0,Reject,3.00,Reject,Reject,YES,0.0000,0.0000,3.0,3.0,3.0,3.0,,,
vVxeFSR4fU,5.0,Reject,6.50,Accept,Accept,NO,0.0000,0.0000,6.0,8.0,6.0,6.0,,,
IAfGax4tVT,4.5,Reject,4.75,Reject,Reject,YES,0.0000,0.0000,6.0,5.0,5.0,3.0,,,
nyuaoVnVCa,4.0,Reject,2.33,Reject,Reject,YES,0.0000,0.0000,3.0,1.0,3.0,,,,
rFpZnn11gj,5.5,Reject,7.50,Accept,Accept,NO,0.0000,0.0000,8.0,8.0,8.0,6.0,,,
RFJGFrMvYj,3.0,Reject,1.50,Reject,Reject,YES,0.0000,0.0000,1.0,1.0,3.0,1.0,,,
CxXGvKRDnL,7.0,Accept,8.00,Accept,Accept,YES,0.0000,0.0000,8.0,8.0,8.0,8.0,,,
RKOAU5ti1y,5.0,Reject,7.00,Accept,Accept,NO,0.0000,0.0000,8.0,8.0,6.0,6.0,,,
dnU9bGgSZ5,4.5,Reject,3.00,Reject,Reject,YES,0.0000,0.0000,3.0,3.0,3.0,3.0,3.0,,
ywgwArtbDq,4.0,Reject,3.00,Reject,Reject,YES,0.0000,0.0000,3.0,3.0,1.0,5.0,,,
Dnc3paMqDE,4.5,Reject,6.33,Accept,Accept,NO,0.0000,0.0000,5.0,6.0,8.0,,,,
fMaEbeJGpp,3.5,Reject,2.50,Reject,Reject,YES,0.0000,0.0000,3.0,3.0,1.0,3.0,,,
8TbqoP3Rjg,5.0,Reject,2.00,Reject,Reject,YES,0.0000,0.0000,1.0,3.0,1.0,3.0,,,
jXLiDKsuDo,6.5,Accept,7.50,Accept,Accept,YES,0.0000,0.0000,6.0,8.0,8.0,8.0,,,
ZsP3YbYeE9,5.0,Reject,6.00,Accept,Accept,NO,0.0000,0.0000,5.0,5.0,6.0,8.0,,,
DWWwGlPMFr,6.0,Accept,5.25,Reject,Reject,NO,0.0000,0.0000,6.0,6.0,6.0,3.0,,,
jkvZ7v4OmP,6.0,Accept,7.33,Accept,Accept,YES,0.0000,0.0000,8.0,8.0,6.0,,,,
8xliOUg9EW,5.0,Reject,7.33,Accept,Accept,NO,0.0000,0.0000,8.0,6.0,8.0,,,,
bWcnvZ3qMb,5.0,Reject,8.00,Accept,Accept,NO,0.0000,0.0000,8.0,8.0,8.0,8.0,,,
C6a0Obrp3o,6.0,Accept,4.33,Reject,Reject,NO,0.0000,0.0000,5.0,5.0,3.0,,,,
VPl472SKaB,1.5,Reject,2.50,Reject,Reject,YES,0.0000,0.0000,1.0,3.0,3.0,3.0,,,
A0HKeKl4Nl,6.0,Reject,6.67,Accept,Accept,NO,0.0000,0.0000,8.0,6.0,6.0,,,,
qk6AxjhFVR,5.0,Reject,5.25,Reject,Reject,YES,0.0000,0.0000,5.0,3.0,8.0,5.0,,,
hv8l922Ad7,5.0,Reject,3.40,Reject,Reject,YES,0.0000,0.0000,3.0,3.0,5.0,3.0,3.0,,
5AtlfHYCPa,5.0,Reject,6.75,Accept,Accept,NO,0.0000,0.0000,5.0,8.0,6.0,8.0,,,
BapOwAzicb,5.5,Reject,5.25,Reject,Reject,YES,0.0000,0.0000,6.0,6.0,3.0,6.0,,,
Mgq6kxl115,5.5,Reject,6.60,Accept,Accept,NO,0.0000,0.0000,5.0,8.0,6.0,8.0,6.0,,
KRnsX5Em3W,7.0,Accept,6.50,Accept,Accept,YES,0.0000,0.0000,6.0,6.0,6.0,8.0,,,
cb4etlGvOY,3.0,Reject,2.50,Reject,Reject,YES,0.0000,0.0000,3.0,3.0,3.0,1.0,,,
2msbbX3ydD,7.0,Accept,6.67,Accept,Accept,YES,0.0000,0.0000,8.0,6.0,6.0,,,,
xkgfLXZ4e0,4.5,Reject,7.00,Accept,Accept,NO,0.0000,0.0000,8.0,6.0,6.0,8.0,,,
98ASXp6oPg,6.0,Accept,4.67,Reject,Reject,NO,0.0000,0.0000,8.0,3.0,3.0,,,,
oA5GmyvMUY,2.0,Reject,3.00,Reject,Reject,YES,0.0000,0.0000,3.0,5.0,3.0,3.0,1.0,3.0,
gaa7gWPZBz,5.0,Reject,3.00,Reject,Reject,YES,0.0000,0.0000,3.0,3.0,3.0,,,,
mtJSMcF3ek,6.0,Accept,7.00,Accept,Accept,YES,0.0000,0.0000,6.0,8.0,8.0,6.0,,,
GOjr2Ms5ID,4.5,Reject,3.25,Reject,Reject,YES,0.0000,0.0000,3.0,6.0,3.0,1.0,,,
Jy17uvzNe5,5.0,Reject,4.25,Reject,Reject,YES,0.0000,0.0000,5.0,3.0,3.0,6.0,,,
ipWSxcmgsx,5.0,Reject,3.50,Reject,Reject,YES,0.0000,0.0000,5.0,3.0,3.0,3.0,,,
T7lQGq73Lm,5.0,Reject,5.50,Reject,Reject,YES,0.0000,0.0000,6.0,6.0,5.0,5.0,,,
ehlZFDxwJo,5.0,Reject,3.00,Reject,Reject,YES,0.0000,0.0000,3.0,3.0,3.0,3.0,,,
BdPvGRvoBC,4.5,Reject,6.00,Accept,Accept,NO,0.0000,0.0000,5.0,5.0,8.0,6.0,6.0,,
nhgTmx1TZJ,6.5,Accept,3.00,Reject,Reject,NO,0.0000,0.0000,5.0,1.0,5.0,1.0,,,
7WsivwyHrS,5.5,Reject,6.67,Accept,Accept,NO,0.0000,0.0000,6.0,8.0,6.0,,,,
JytL2MrlLT,7.0,Accept,6.00,Accept,Accept,YES,0.0000,0.0000,6.0,8.0,3.0,5.0,8.0,,
LSp4KBhAom,5.5,Reject,7.50,Accept,Accept,NO,0.0000,0.0000,8.0,8.0,6.0,8.0,,,
6j0GH40mFt,5.0,Reject,3.40,Reject,Reject,YES,0.0000,0.0000,3.0,3.0,5.0,3.0,3.0,,
wCRTEOIdmf,4.0,Reject,4.33,Reject,Reject,YES,0.0000,0.0000,5.0,5.0,3.0,,,,
sr0My6yDNu,4.5,Reject,3.25,Reject,Reject,YES,0.0000,0.0000,6.0,1.0,3.0,3.0,,,
UKZqSYB2ya,3.5,Reject,2.50,Reject,Reject,YES,0.0000,0.0000,3.0,3.0,3.0,1.0,,,
hbon6Jbp9Q,5.0,Reject,2.33,Reject,Reject,YES,0.0000,0.0000,3.0,3.0,1.0,,,,
qi5Xa2cOZg,6.0,Accept,5.67,Accept,Accept,YES,0.0000,0.0000,6.0,6.0,5.0,,,,
mPOVOwsDOO,4.0,Reject,5.50,Reject,Reject,YES,0.0000,0.0000,6.0,5.0,6.0,5.0,,,
BmYzoPppij,5.0,Reject,3.33,Reject,Reject,YES,0.0000,0.0000,6.0,1.0,3.0,,,,
xW4J2QlqRx,4.0,Reject,5.00,Reject,Reject,YES,0.0000,0.0000,5.0,5.0,5.0,5.0,,,
dRXxFEY8ZE,5.5,Reject,7.50,Accept,Accept,NO,0.0000,0.0000,8.0,8.0,6.0,8.0,,,
wgKW4U7ktq,4.5,Reject,4.75,Reject,Reject,YES,0.0000,0.0000,3.0,5.0,3.0,8.0,,,
agocj3HTTd,1.5,Reject,2.33,Reject,Reject,YES,0.0000,0.0000,5.0,1.0,1.0,,,,
uaGNerHa1J,5.5,Reject,4.67,Reject,Reject,YES,0.0000,0.0000,5.0,3.0,6.0,,,,
Q1QTxFm0Is,7.5,Accept,6.80,Accept,Accept,YES,0.0000,0.0000,6.0,6.0,8.0,6.0,8.0,,
ZyPRwskBli,4.0,Reject,4.75,Reject,Reject,YES,0.0000,0.0000,6.0,5.0,3.0,5.0,,,
6Ire5JaobL,4.5,Reject,5.33,Reject,Reject,YES,0.0000,0.0000,5.0,6.0,5.0,,,,
e0bdvNsgcF,5.5,Reject,2.50,Reject,Reject,YES,0.0000,0.0000,3.0,1.0,5.0,1.0,,,
zMPHKOmQNb,7.0,Accept,8.00,Accept,Accept,YES,0.0000,0.0000,8.0,8.0,8.0,,,,
uBEl8DMA8K,6.0,Reject,5.25,Reject,Reject,YES,0.0000,0.0000,6.0,5.0,5.0,5.0,,,
kZulKA2APd,5.5,Accept,4.50,Reject,Reject,NO,0.0000,0.0000,5.0,5.0,5.0,3.0,,,
Pj06mxCXPl,6.0,Reject,6.67,Accept,Accept,NO,0.0000,0.0000,8.0,6.0,6.0,,,,
NvDRvtrGLo,5.5,Accept,5.00,Accept,Accept,YES,0.0000,0.0000,3.0,6.0,6.0,,,,
jCPak79Kev,5.5,Reject,7.50,Accept,Accept,NO,0.0000,0.0000,8.0,6.0,8.0,8.0,,,
QOHgjY5KDp,7.0,Accept,7.00,Accept,Accept,YES,0.0000,0.0000,6.0,8.0,8.0,6.0,,,
Oi47wc10sm,5.0,Reject,7.33,Accept,Accept,NO,0.0000,0.0000,8.0,6.0,8.0,,,,
VDkye4EKVe,5.5,Reject,3.00,Reject,Reject,YES,0.0000,0.0000,3.0,3.0,3.0,3.0,,,
Oxpkn0YLG1,6.0,Reject,5.60,Accept,Accept,NO,0.0000,0.0000,5.0,5.0,6.0,6.0,6.0,,
Mw16Akb1CR,5.0,Reject,4.75,Reject,Reject,YES,0.0000,0.0000,5.0,5.0,3.0,6.0,,,
u6Y0GdTEYp,2.0,Reject,2.50,Reject,Reject,YES,0.0000,0.0000,3.0,3.0,3.0,1.0,,,
Agx4RXuYUJ,7.5,Accept,6.00,Reject,Reject,NO,0.0000,0.0000,6.0,6.0,6.0,,,,
uNkKaD3MCs,6.0,Borderline Accept,5.75,Accept,Accept,NO,0.0000,0.0000,5.0,6.0,6.0,6.0,,,
60lNoatp7u,5.0,Reject,6.67,Accept,Accept,NO,0.0000,0.0000,8.0,6.0,6.0,,,,
OeQE9zsztS,5.5,Reject,8.00,Accept,Accept,NO,0.0000,0.0000,8.0,8.0,8.0,8.0,8.0,,
PVHoELf5UN,4.0,Reject,6.40,Accept,Accept,NO,0.0000,0.0000,6.0,6.0,6.0,8.0,6.0,,
u1cQYxRI1H,5.5,Reject,10.00,Accept,Accept,NO,0.0000,0.0000,10.0,10.0,10.0,10.0,,,
uJVHygNeSZ,7.0,Accept,6.25,Accept,Accept,YES,0.0000,0.0000,8.0,6.0,5.0,6.0,,,
dM1wO2OkbO,5.0,Reject,6.33,Reject,Reject,YES,0.0000,0.0000,8.0,5.0,6.0,,,,
a2rSx6t4EV,3.5,Reject,2.33,Reject,Reject,YES,0.0000,0.0000,1.0,3.0,3.0,,,,
ceNnsnA5gu,4.5,Reject,3.00,Reject,Reject,YES,0.0000,0.0000,3.0,3.0,3.0,,,,
WR9M6AA4LT,7.5,Accept,6.00,Reject,Reject,NO,0.0000,0.0000,8.0,5.0,5.0,,,,
VCscggkg2t,4.0,Reject,3.00,Reject,Reject,YES,0.0000,0.0000,3.0,3.0,3.0,,,,
AvXrppAS2o,1.5,Reject,3.00,Reject,Reject,YES,0.0000,0.0000,3.0,3.0,3.0,1.0,5.0,3.0,
EO2hZTtK3M,4.5,Reject,4.00,Reject,Reject,YES,0.0000,0.0000,5.0,3.0,5.0,3.0,,,
BkLLtZX7AZ,4.0,Reject,3.00,Reject,Reject,YES,0.0000,0.0000,3.0,3.0,1.0,5.0,,,
4KKqHIb4iG,5.0,Reject,5.60,Reject,Reject,YES,0.0000,0.0000,5.0,6.0,6.0,5.0,6.0,,
RBqvU12SHz,4.5,Reject,3.25,Reject,Reject,YES,0.0000,0.0000,1.0,6.0,3.0,3.0,,,
bTjokqYl5B,6.0,Accept,3.20,Reject,Reject,NO,0.0000,0.0000,6.0,3.0,3.0,3.0,1.0,,
T26f9z2rEe,6.0,Accept,7.00,Accept,Accept,YES,0.0000,0.0000,8.0,6.0,8.0,6.0,,,
2og3oWsC5n,6.0,Weak Accept,4.00,Reject,Reject,NO,0.0000,0.0000,3.0,3.0,3.0,5.0,6.0,,
j7ZWfqCYCY,3.5,Reject,5.00,Reject,Reject,YES,0.0000,0.0000,3.0,5.0,6.0,6.0,,,
cPZepCZlFW,5.0,Accept,3.25,Reject,Reject,NO,0.0000,0.0000,3.0,1.0,6.0,3.0,,,
lT7Wq8qEvT,4.5,Reject,3.00,Reject,Reject,YES,0.0000,0.0000,5.0,5.0,3.0,1.0,1.0,,
zuuhtmK1Ub,2.5,Reject,2.00,Reject,Reject,YES,0.0000,0.0000,3.0,1.0,3.0,1.0,,,
F6SaYwJ3eV,6.0,Accept,3.60,Reject,Reject,NO,0.0000,0.0000,3.0,3.0,3.0,6.0,3.0,,
wu9nGGYvAX,6.0,Accept,4.25,Reject,Reject,NO,0.0000,0.0000,3.0,5.0,3.0,6.0,,,
XrunSYwoLr,5.0,Reject,7.00,Accept,Accept,NO,0.0000,0.0000,6.0,6.0,8.0,8.0,,,
f65RuQgVlp,6.0,Accept,6.00,Accept,Accept,YES,0.0000,0.0000,8.0,6.0,5.0,5.0,,,
e0bdvNsgcF,7.0,Accept,2.50,Reject,Reject,NO,0.0000,0.0000,3.0,1.0,5.0,1.0,,,
iZQW7eutCv,4.5,Reject,4.33,Reject,Reject,YES,0.0000,0.0000,5.0,3.0,5.0,,,,
nxZbKWhUeZ,3.5,Reject,4.00,Reject,Reject,YES,0.0000,0.0000,3.0,5.0,5.0,3.0,,,
6I0jPeH5Pw,3.0,Reject,2.50,Reject,Reject,YES,0.0000,0.0000,3.0,3.0,3.0,1.0,,,
i3f2N3iHl0,1.0,Reject,2.50,Reject,Reject,YES,0.0000,0.0000,1.0,1.0,5.0,3.0,,,
vBNTeQ7dPP,5.0,Reject,2.50,Reject,Reject,YES,0.0000,0.0000,3.0,3.0,1.0,3.0,,,
viftsX50Rt,5.0,Reject,8.00,Accept,Accept,NO,0.0000,0.0000,8.0,8.0,8.0,8.0,,,
VyMW4YZfw7,5.5,Reject,3.00,Reject,Reject,YES,0.0000,0.0000,1.0,5.0,3.0,3.0,,,
OvoCm1gGhN,7.5,Accept,8.00,Accept,Accept,YES,0.0000,0.0000,8.0,8.0,8.0,8.0,,,
tfyHbvFZ0K,6.0,Reject,7.50,Accept,Accept,NO,0.0000,0.0000,6.0,8.0,8.0,8.0,,,
YrycTjllL0,6.0,Accept,9.00,Accept,Accept,YES,0.0000,0.0000,8.0,8.0,10.0,10.0,,,
vpJMJerXHU,6.5,Accept,8.00,Accept,Accept,YES,0.0000,0.0000,8.0,8.0,8.0,,,,
ljVCPV7jK3,4.5,Reject,4.00,Reject,Reject,YES,0.0000,0.0000,3.0,3.0,6.0,,,,
xw29VvOMmU,7.5,Accept,6.75,Accept,Accept,YES,0.0000,0.0000,8.0,8.0,6.0,5.0,,,
wYWJFLQov9,7.0,Accept,6.67,Accept,Accept,YES,0.0000,0.0000,6.0,8.0,6.0,,,,
riYNe4jnKV,5.0,Reject,4.60,Reject,Reject,YES,0.0000,0.0000,3.0,6.0,5.0,3.0,6.0,,
MbtUctg3KW,4.0,Reject,2.50,Reject,Reject,YES,0.0000,0.0000,3.0,1.0,3.0,3.0,,,
wUtXB43Chi,6.0,Accept,7.00,Accept,Accept,YES,0.0000,0.0000,6.0,6.0,8.0,8.0,,,
pxy5wDMnzv,3.5,Reject,5.00,Reject,Reject,YES,0.0000,0.0000,6.0,3.0,5.0,6.0,,,
xoXn62FzD0,7.0,Accept,8.00,Accept,Accept,YES,0.0000,0.0000,8.0,8.0,8.0,8.0,,,
IZjBfdVRB0,5.5,Reject,5.00,Reject,Reject,YES,0.0000,0.0000,6.0,6.0,3.0,,,,
l4fMj4Vnly,5.5,Reject,7.50,Accept,Accept,NO,0.0000,0.0000,8.0,8.0,8.0,6.0,,,
8e2LirwiJT,7.0,Accept,6.40,Accept,Accept,YES,0.0000,0.0000,6.0,6.0,6.0,8.0,6.0,,
IoonroIpfD,1.0,Reject,2.50,Reject,Reject,YES,0.0000,0.0000,3.0,3.0,1.0,3.0,,,
DUsqifwwf5,4.0,Reject,4.75,Reject,Reject,YES,0.0000,0.0000,3.0,6.0,5.0,5.0,,,
48WAZhwHHw,5.5,Accept,7.33,Accept,Accept,YES,0.0000,0.0000,10.0,6.0,6.0,,,,
KBixkDNE8p,4.5,Reject,3.00,Reject,Reject,YES,0.0000,0.0000,3.0,3.0,3.0,3.0,3.0,,
11oqo92x2Z,3.5,Reject,2.50,Reject,Reject,YES,0.0000,0.0000,3.0,1.0,1.0,5.0,,,
u1cQYxRI1H,6.0,Weak Accept,10.00,Accept,Accept,NO,0.0000,0.0000,10.0,10.0,10.0,10.0,,,
Wxl0JMgDoU,5.0,Reject,2.50,Reject,Reject,YES,0.0000,0.0000,1.0,3.0,3.0,3.0,,,
p79lnC36CO,5.0,Reject,2.00,Reject,Reject,YES,0.0000,0.0000,3.0,3.0,1.0,1.0,,,
SsWMJ42hJO,4.0,Reject,5.00,Reject,Reject,YES,0.0000,0.0000,5.0,5.0,5.0,,,,
YuYxoaL7YX,6.5,Reject,3.00,Reject,Reject,YES,0.0000,0.0000,3.0,3.0,3.0,,,,
kuutidLf6R,7.0,Accept,7.50,Accept,Accept,YES,0.0000,0.0000,8.0,6.0,10.0,6.0,,,
Y1r9yCMzeA,7.0,Accept,6.75,Accept,Accept,YES,0.0000,0.0000,5.0,8.0,8.0,6.0,,,
DsEhqQtfAG,6.0,Accept,6.50,Accept,Accept,YES,0.0000,0.0000,6.0,6.0,6.0,8.0,,,
gNoqEdT2wO,3.5,Reject,2.33,Reject,Reject,YES,0.0000,0.0000,3.0,3.0,3.0,1.0,3.0,1.0,
xt9Bu66rqv,6.0,Accept,5.25,Accept,Accept,YES,0.0000,0.0000,6.0,8.0,6.0,1.0,,,
IC5RJvRoMp,6.5,Accept,7.50,Accept,Accept,YES,0.0000,0.0000,8.0,8.0,8.0,6.0,,,
coE6XbziUR,3.5,Reject,4.00,Reject,Reject,YES,0.0000,0.0000,3.0,5.0,3.0,6.0,3.0,,
04RGjODVj3,3.0,Reject,3.00,Reject,Reject,YES,0.0000,0.0000,1.0,5.0,3.0,3.0,,,
sYNWqQYJhz,6.0,Accept,5.25,Accept,Accept,YES,0.0000,0.0000,6.0,6.0,6.0,3.0,,,
g3aGMMFHW0,6.5,Accept,4.25,Reject,Reject,NO,0.0000,0.0000,3.0,3.0,6.0,5.0,,,
1xG3MN1RRW,4.0,Reject,5.20,Reject,Reject,YES,0.0000,0.0000,6.0,6.0,6.0,5.0,3.0,,
ZCOwwRAaEl,4.5,Reject,8.00,Accept,Accept,NO,0.0000,0.0000,8.0,8.0,8.0,8.0,,,
lvSMIsztka,5.0,Reject,7.50,Accept,Accept,NO,0.0000,0.0000,8.0,8.0,6.0,8.0,,,
OeBY9XqiTz,8.0,Accept,7.33,Accept,Accept,YES,0.0000,0.0000,6.0,8.0,8.0,,,,
23OEmHVkpq,6.0,Accept,5.25,Reject,Reject,NO,0.0000,0.0000,6.0,5.0,5.0,5.0,,,
TopFr8GeZy,5.0,Reject,4.25,Reject,Reject,YES,0.0000,0.0000,5.0,6.0,3.0,3.0,,,
gG7P1SL0QS,5.0,Reject,3.20,Reject,Reject,YES,0.0000,0.0000,1.0,3.0,6.0,1.0,5.0,,
N80ER2he6l,8.0,Accept,5.00,Reject,Reject,NO,0.0000,0.0000,3.0,6.0,6.0,,,,
mtJSMcF3ek,5.0,Reject,7.00,Accept,Accept,NO,0.0000,0.0000,6.0,8.0,8.0,6.0,,,
NGKQoaqLpo,6.5,Reject,7.50,Accept,Accept,NO,0.0000,0.0000,8.0,6.0,8.0,8.0,,,
7ZyFjPUeJp,-100.0,Error,3.00,Reject,Reject,NO,0.0000,0.0000,3.0,3.0,3.0,,,,
VpeAsLmcvg,6.0,Accept,3.75,Reject,Reject,NO,0.0000,0.0000,3.0,3.0,6.0,3.0,,,
diKRhKs5yl,4.0,Reject,5.25,Reject,Reject,YES,0.0000,0.0000,6.0,6.0,3.0,6.0,,,
XHvguNJRbE,3.0,Reject,2.50,Reject,Reject,YES,0.0000,0.0000,3.0,3.0,1.0,3.0,,,
vVCHWVBsLH,7.0,Accept,7.25,Accept,Accept,YES,0.0000,0.0000,5.0,8.0,8.0,8.0,,,
HL5P4H8eO2,5.0,Reject,5.75,Reject,Reject,YES,0.0000,0.0000,8.0,6.0,8.0,1.0,,,
TJo6aQb7mK,6.0,Accept,7.60,Accept,Accept,YES,0.0000,0.0000,8.0,10.0,10.0,5.0,5.0,,
phWflQbLhu,5.0,Reject,4.50,Reject,Reject,YES,0.0000,0.0000,3.0,5.0,5.0,5.0,,,
Yc4zTbR8no,5.0,Reject,3.00,Reject,Reject,YES,0.0000,0.0000,3.0,3.0,5.0,1.0,,,
hYEV8QmaOt,4.5,Reject,3.40,Reject,Reject,YES,0.0000,0.0000,3.0,5.0,3.0,3.0,3.0,,
mlCRJnETWz,6.0,Accept,4.40,Reject,Reject,NO,0.0000,0.0000,3.0,3.0,5.0,5.0,6.0,,
lmYGRGyL4i,6.5,Accept,4.80,Reject,Reject,NO,0.0000,0.0000,5.0,3.0,6.0,5.0,5.0,,
hB2hXtxIPH,5.0,Reject,7.00,Accept,Accept,NO,0.0000,0.0000,6.0,8.0,8.0,6.0,,,
v3DwQlyGbv,4.0,Reject,2.33,Reject,Reject,YES,0.0000,0.0000,3.0,1.0,3.0,,,,
8enWnd6Gp3,5.5,Reject,7.60,Accept,Accept,NO,0.0000,0.0000,6.0,8.0,8.0,8.0,8.0,,
YGWxpOI6Y0,7.0,Accept,3.40,Reject,Reject,NO,0.0000,0.0000,3.0,3.0,3.0,5.0,3.0,,
nYpPAT4L3D,5.5,Reject,7.50,Accept,Accept,NO,0.0000,0.0000,8.0,6.0,8.0,8.0,,,
1oijHJBRsT,7.0,Accept,8.00,Accept,Accept,YES,0.0000,0.0000,8.0,8.0,8.0,8.0,,,
6E8GCcCgxl,5.0,Reject,3.25,Reject,Reject,YES,0.0000,0.0000,3.0,1.0,3.0,6.0,,,
0rS9o1uKqu,2.5,Reject,2.50,Reject,Reject,YES,0.0000,0.0000,3.0,3.0,3.0,1.0,,,
AnL6BuWzxa,6.0,Accept,6.60,Accept,Accept,YES,0.0000,0.0000,5.0,6.0,8.0,6.0,8.0,,
9WD9KwssyT,7.0,Accept,7.50,Accept,Accept,YES,0.0000,0.0000,8.0,8.0,6.0,8.0,,,
st77ShxP1K,5.0,Reject,7.50,Accept,Accept,NO,0.0000,0.0000,8.0,8.0,8.0,6.0,,,
cSd8Eom8Zt,3.5,Reject,2.33,Reject,Reject,YES,0.0000,0.0000,3.0,1.0,3.0,,,,
Tk1VQDadfL,2.5,Reject,7.00,Accept,Accept,NO,0.0000,0.0000,6.0,6.0,8.0,8.0,,,
qU1GtrDDst,3.0,Reject,1.80,Reject,Reject,YES,0.0000,0.0000,3.0,1.0,1.0,1.0,3.0,,
0iAZYF9hrl,5.0,Reject,2.50,Reject,Reject,YES,0.0000,0.0000,3.0,3.0,1.0,3.0,,,
m4mwbPjOwb,7.0,Accept,3.00,Reject,Reject,NO,0.0000,0.0000,5.0,3.0,1.0,,,,
ZWi6RpT4mJ,4.0,Reject,3.50,Reject,Reject,YES,0.0000,0.0000,1.0,3.0,5.0,5.0,,,
OXIIFZqiiN,1.0,Reject,1.50,Reject,Reject,YES,0.0000,0.0000,1.0,3.0,1.0,1.0,,,
pxI5IPeWgW,5.0,Reject,6.80,Accept,Accept,NO,0.0000,0.0000,8.0,8.0,5.0,8.0,5.0,,
HwkELcW2ft,4.0,Reject,3.25,Reject,Reject,YES,0.0000,0.0000,3.0,6.0,1.0,3.0,,,
NlY3XppPt3,4.0,Reject,2.00,Reject,Reject,YES,0.0000,0.0000,3.0,1.0,1.0,3.0,,,
IxmWIkcKs5,6.0,Accept,6.75,Accept,Accept,YES,0.0000,0.0000,8.0,5.0,8.0,6.0,,,
ndCJeysCPe,5.5,Reject,6.33,Accept,Accept,NO,0.0000,0.0000,3.0,8.0,8.0,,,,
epFk8e470p,4.0,Reject,1.67,Reject,Reject,YES,0.0000,0.0000,3.0,1.0,1.0,,,,
ulGwcj1egv,2.0,Reject,3.00,Reject,Reject,YES,0.0000,0.0000,3.0,3.0,3.0,3.0,,,
WDxa9hnz4p,5.0,Reject,2.33,Reject,Reject,YES,0.0000,0.0000,3.0,3.0,1.0,,,,
ic153qXFfx,5.0,Reject,4.00,Reject,Reject,YES,0.0000,0.0000,3.0,3.0,6.0,,,,
JWtrk7mprJ,7.0,Accept,7.60,Accept,Accept,YES,0.0000,0.0000,8.0,8.0,6.0,8.0,8.0,,
FNGZqMp6Fi,3.5,Reject,2.20,Reject,Reject,YES,0.0000,0.0000,3.0,3.0,1.0,3.0,1.0,,
izrOLJov5y,7.0,Accept,6.75,Accept,Accept,YES,0.0000,0.0000,5.0,6.0,8.0,8.0,,,
FVuqJt3c4L,7.0,Accept,7.50,Accept,Accept,YES,0.0000,0.0000,8.0,8.0,8.0,5.0,8.0,8.0,
GF6UrrTWp1,4.5,Reject,2.60,Reject,Reject,YES,0.0000,0.0000,1.0,3.0,3.0,3.0,3.0,,
1XzTxtezgj,4.5,Reject,4.40,Reject,Reject,YES,0.0000,0.0000,5.0,3.0,6.0,5.0,3.0,,
rO8QOHrCeA,5.0,Reject,4.50,Reject,Reject,YES,0.0000,0.0000,5.0,5.0,5.0,3.0,,,
OZVTqoli2N,7.5,Accept,7.50,Accept,Accept,YES,0.0000,0.0000,8.0,8.0,8.0,6.0,,,
bhK7U37VW8,4.5,Reject,7.17,Accept,Accept,NO,0.0000,0.0000,3.0,8.0,8.0,8.0,8.0,8.0,
FNiqaC382D,3.5,Reject,5.50,Reject,Reject,YES,0.0000,0.0000,8.0,5.0,3.0,6.0,,,
qit4pa6PpY,5.0,Reject,3.00,Reject,Reject,YES,0.0000,0.0000,3.0,3.0,3.0,,,,
LXftdR11io,7.5,Accept,7.50,Accept,Accept,YES,0.0000,0.0000,8.0,8.0,6.0,8.0,,,
AoRIT2Uzfg,5.0,Reject,4.67,Reject,Reject,YES,0.0000,0.0000,8.0,3.0,3.0,,,,
bxfKIYfHyx,6.5,Accept,7.00,Accept,Accept,YES,0.0000,0.0000,6.0,6.0,8.0,8.0,,,
PDu1zouM1U,3.5,Reject,1.67,Reject,Reject,YES,0.0000,0.0000,1.0,1.0,3.0,,,,
4dtwyV7XyW,7.5,Accept,3.00,Reject,Reject,NO,0.0000,0.0000,5.0,1.0,3.0,3.0,,,
a2ljjXeDcE,5.0,Reject,6.20,Accept,Accept,NO,0.0000,0.0000,6.0,8.0,6.0,5.0,6.0,,
PgR6fziYmJ,5.0,Reject,5.75,Reject,Reject,YES,0.0000,0.0000,5.0,6.0,6.0,6.0,,,
ArJikvI6xo,3.5,Reject,3.40,Reject,Reject,YES,0.0000,0.0000,3.0,5.0,3.0,3.0,3.0,,
YcbE2K3i2E,1.0,Reject,4.60,Reject,Reject,YES,0.0000,0.0000,3.0,5.0,5.0,5.0,5.0,,
oHBS7R6JcP,6.0,Accept,4.75,Reject,Reject,NO,0.0000,0.0000,6.0,5.0,5.0,3.0,,,
hqxzi4d3Ws,4.0,Reject,3.00,Reject,Reject,YES,0.0000,0.0000,3.0,3.0,3.0,3.0,,,
foQ4AeEGG7,5.0,Reject,6.00,Accept,Accept,NO,0.0000,0.0000,6.0,6.0,6.0,6.0,,,
xcPN6Or88c,5.0,Reject,4.25,Reject,Reject,YES,0.0000,0.0000,5.0,3.0,3.0,6.0,,,
0lMhptUGxP,5.5,Reject,5.25,Reject,Reject,YES,0.0000,0.0000,5.0,6.0,5.0,5.0,,,
69Fp4dcmJN,7.0,Accept,7.33,Accept,Accept,YES,0.0000,0.0000,8.0,6.0,8.0,,,,
1fwZJzGdKj,6.0,Reject,5.50,Reject,Reject,YES,0.0000,0.0000,5.0,8.0,6.0,3.0,,,
bJx4iOIOxn,5.5,Reject,7.50,Accept,Accept,NO,0.0000,0.0000,8.0,6.0,8.0,8.0,,,
LH2JNpfwdH,5.5,Reject,5.67,Reject,Reject,YES,0.0000,0.0000,6.0,6.0,5.0,,,,
kBTzlxM2J1,5.5,Reject,6.75,Accept,Accept,NO,0.0000,0.0000,5.0,8.0,8.0,6.0,,,
ItPYVON0mI,4.5,Reject,3.00,Reject,Reject,YES,0.0000,0.0000,3.0,1.0,3.0,5.0,,,
S1IbZssS5a,6.5,Accept,5.50,Reject,Reject,NO,0.0000,0.0000,5.0,6.0,5.0,6.0,,,
ldVkAO09Km,6.5,Accept,6.50,Accept,Accept,YES,0.0000,0.0000,6.0,8.0,6.0,6.0,,,
G2Lnqs4eMJ,6.5,Accept,2.50,Reject,Reject,NO,0.0000,0.0000,1.0,1.0,5.0,3.0,,,
bG61JDN4E8,5.0,Reject,5.00,Reject,Reject,YES,0.0000,0.0000,5.0,3.0,6.0,6.0,,,
HCCkCjClO0,4.5,Reject,3.00,Reject,Reject,YES,0.0000,0.0000,3.0,3.0,3.0,3.0,,,
o3V7OuPxu4,3.5,Reject,3.00,Reject,Reject,YES,0.0000,0.0000,3.0,3.0,3.0,3.0,,,
oANkBaVci5,2.0,Reject,6.75,Accept,Accept,NO,0.0000,0.0000,8.0,5.0,6.0,8.0,,,
4NTrco82W0,6.5,Accept,7.33,Accept,Accept,YES,0.0000,0.0000,6.0,8.0,8.0,,,,
WDxa9hnz4p,4.5,Reject,2.33,Reject,Reject,YES,0.0000,0.0000,3.0,3.0,1.0,,,,
ft1mr3WlGM,5.5,Reject,6.67,Accept,Accept,NO,0.0000,0.0000,6.0,8.0,6.0,,,,
8QTpYC4smR,2.0,Reject,1.00,Reject,Reject,YES,0.0000,0.0000,1.0,1.0,1.0,1.0,,,
BeOEmnmyFu,6.0,Accept,2.50,Reject,Reject,NO,0.0000,0.0000,1.0,3.0,3.0,3.0,,,
kVj2uyytyg,4.5,Reject,7.00,Reject,Reject,YES,0.0000,0.0000,6.0,8.0,8.0,6.0,,,
4ub9gpx9xw,5.5,Reject,7.50,Accept,Accept,NO,0.0000,0.0000,6.0,8.0,8.0,8.0,,,
KCTHM2Ffh3,5.0,Reject,6.33,Reject,Reject,YES,0.0000,0.0000,6.0,5.0,8.0,,,,
uW3tNSx7PZ,1.0,Reject,2.50,Reject,Reject,YES,0.0000,0.0000,3.0,5.0,1.0,1.0,,,
UYXq4q1GpW,3.5,Reject,2.00,Reject,Reject,YES,0.0000,0.0000,1.0,1.0,3.0,3.0,,,
MbM1BqGpZu,7.0,Accept,6.75,Accept,Accept,YES,0.0000,0.0000,5.0,8.0,6.0,8.0,,,
9ehJCZz4aM,4.5,Reject,7.25,Accept,Accept,NO,0.0000,0.0000,5.0,8.0,8.0,8.0,,,
ukmh3mWFf0,5.5,Accept,3.40,Reject,Reject,NO,0.0000,0.0000,3.0,5.0,3.0,3.0,3.0,,
IReyEK7Sst,-100.0,Error,4.67,Reject,Reject,NO,0.0000,0.0000,3.0,5.0,6.0,,,,
5pFV1FxG9d,4.0,Reject,4.25,Reject,Reject,YES,0.0000,0.0000,3.0,5.0,6.0,3.0,,,
gQoBw7sGAu,4.5,Reject,6.20,Accept,Accept,NO,0.0000,0.0000,8.0,6.0,6.0,6.0,5.0,,
QCY1WQXTc8,3.0,Reject,3.00,Reject,Reject,YES,0.0000,0.0000,3.0,3.0,3.0,1.0,3.0,5.0,
exKHibougU,6.5,Accept,6.00,Accept,Accept,YES,0.0000,0.0000,6.0,6.0,6.0,,,,
FDve8qGH3M,4.0,Reject,5.00,Reject,Reject,YES,0.0000,0.0000,5.0,6.0,3.0,6.0,,,
lr69PmF2Ov,6.5,Reject,6.00,Reject,Reject,YES,0.0000,0.0000,6.0,6.0,6.0,6.0,,,
uMxiGoczX1,3.5,Reject,2.50,Reject,Reject,YES,0.0000,0.0000,3.0,1.0,3.0,3.0,,,
st77ShxP1K,6.0,Accept,7.50,Accept,Accept,YES,0.0000,0.0000,8.0,8.0,8.0,6.0,,,
tqYx8DgL0u,4.0,Reject,3.67,Reject,Reject,YES,0.0000,0.0000,5.0,3.0,3.0,5.0,3.0,3.0,
xqxG5WogN6,7.0,Accept,5.67,Reject,Reject,NO,0.0000,0.0000,6.0,6.0,5.0,,,,
CbpWPbYHuv,5.0,Reject,7.00,Accept,Accept,NO,0.0000,0.0000,6.0,8.0,8.0,6.0,,,
T6hhDEnAoo,4.0,Reject,2.20,Reject,Reject,YES,0.0000,0.0000,1.0,1.0,3.0,3.0,3.0,,
mFY0tPDWK8,4.5,Reject,6.25,Accept,Accept,NO,0.0000,0.0000,6.0,6.0,8.0,5.0,,,
SPS6HzVzyt,6.0,Accept,8.00,Accept,Accept,YES,0.0000,0.0000,8.0,8.0,8.0,8.0,,,
ljwoQ3cvQh,6.5,Accept,7.00,Accept,Accept,YES,0.0000,0.0000,8.0,6.0,6.0,8.0,,,
eR4W9tnJoZ,2.5,Reject,2.50,Reject,Reject,YES,0.0000,0.0000,3.0,1.0,3.0,3.0,,,
M2YCdfxNVx,6.0,Accept,4.50,Reject,Reject,NO,0.0000,0.0000,5.0,5.0,5.0,3.0,,,
b3kDP3IytM,5.0,Reject,6.25,Accept,Accept,NO,0.0000,0.0000,5.0,6.0,6.0,8.0,,,
xGs7Ch3Vyo,7.0,Accept,7.50,Accept,Accept,YES,0.0000,0.0000,8.0,8.0,8.0,6.0,,,
RrIjnSMhMZ,5.0,Reject,2.50,Reject,Reject,YES,0.0000,0.0000,1.0,5.0,1.0,3.0,,,
aF1jasJeRy,4.0,Reject,4.67,Reject,Reject,YES,0.0000,0.0000,6.0,3.0,5.0,,,,
6O3Q6AFUTu,2.0,Reject,8.00,Accept,Accept,NO,0.0000,0.0000,8.0,8.0,8.0,,,,
n2VZtv8tqL,5.5,Reject,4.75,Reject,Reject,YES,0.0000,0.0000,3.0,8.0,5.0,3.0,,,
qZz7PKt4bE,4.0,Reject,3.00,Reject,Reject,YES,0.0000,0.0000,5.0,3.0,1.0,,,,
5x9kfRXhBd,4.0,Reject,3.00,Reject,Reject,YES,0.0000,0.0000,3.0,3.0,1.0,5.0,,,
4WM0OogPTx,6.0,Accept,6.75,Accept,Accept,YES,0.0000,0.0000,8.0,6.0,5.0,8.0,,,
2NqrA1wYi6,5.0,Accept,4.33,Reject,Reject,NO,0.0000,0.0000,3.0,5.0,5.0,,,,
cIKQp84vqN,5.0,Reject,6.67,Reject,Reject,YES,0.0000,0.0000,8.0,6.0,6.0,,,,
vzvCaYFTLq,4.5,Reject,4.75,Reject,Reject,YES,0.0000,0.0000,3.0,5.0,5.0,6.0,,,
gpKEDj9Dgg,2.0,Reject,2.00,Reject,Reject,YES,0.0000,0.0000,1.0,1.0,5.0,1.0,,,
jp4pxKqCRW,1.5,Reject,2.50,Reject,Reject,YES,0.0000,0.0000,3.0,3.0,3.0,1.0,,,
bCNYFOaWsy,7.5,Accept,5.25,Reject,Reject,NO,0.0000,0.0000,5.0,5.0,5.0,6.0,,,
WCVMqRHWW5,5.0,Reject,6.50,Accept,Accept,NO,0.0000,0.0000,6.0,6.0,8.0,6.0,,,
VSVQljJU5N,7.0,Accept,3.00,Reject,Reject,NO,0.0000,0.0000,3.0,3.0,3.0,3.0,,,
CwAY8b8i97,5.0,Reject,4.00,Reject,Reject,YES,0.0000,0.0000,5.0,3.0,3.0,5.0,,,
BL4WBIfyrz,5.5,Reject,7.50,Accept,Accept,NO,0.0000,0.0000,6.0,8.0,8.0,8.0,,,
s4Wm71LFK4,6.0,Accept,6.40,Accept,Accept,YES,0.0000,0.0000,8.0,8.0,5.0,6.0,5.0,,
1vqHTUTod9,6.0,Accept,5.00,Reject,Reject,NO,0.0000,0.0000,3.0,5.0,6.0,6.0,,,
hqxzi4d3Ws,4.0,Reject,3.00,Reject,Reject,YES,0.0000,0.0000,3.0,3.0,3.0,3.0,,,
Og7ZZd7hDm,3.0,Reject,3.25,Reject,Reject,YES,0.0000,0.0000,3.0,1.0,3.0,6.0,,,
zDC3iCBxJb,8.0,Accept,6.75,Accept,Accept,YES,0.0000,0.0000,8.0,6.0,5.0,8.0,,,
Pw7Wb3dGvg,4.5,Reject,3.50,Reject,Reject,YES,0.0000,0.0000,5.0,3.0,3.0,3.0,,,
P42DbV2nuV,7.0,Accept,7.33,Accept,Accept,YES,0.0000,0.0000,6.0,8.0,8.0,,,,
OBrTQcX2Hm,3.5,Reject,2.00,Reject,Reject,YES,0.0000,0.0000,3.0,1.0,1.0,3.0,,,
EHYbqCDRtM,4.5,Reject,2.00,Reject,Reject,YES,0.0000,0.0000,1.0,3.0,1.0,3.0,,,
nhwfzqXlfd,3.5,Reject,3.75,Reject,Reject,YES,0.0000,0.0000,3.0,6.0,3.0,3.0,,,
0TZs6WOs16,4.5,Reject,3.50,Reject,Reject,YES,0.0000,0.0000,3.0,3.0,3.0,5.0,,,
7X65yoKl3Y,5.0,Reject,3.33,Reject,Reject,YES,0.0000,0.0000,5.0,3.0,3.0,3.0,3.0,3.0,
xJEd8PkdNz,4.5,Reject,7.00,Accept,Accept,NO,0.0000,0.0000,8.0,6.0,6.0,8.0,,,
jp3gWrMuIZ,6.0,Accept,6.75,Accept,Accept,YES,0.0000,0.0000,6.0,8.0,8.0,5.0,,,
fSxiromxAq,2.0,Reject,3.00,Reject,Reject,YES,0.0000,0.0000,3.0,1.0,5.0,3.0,,,
MK7TEe7SJ3,5.0,Reject,4.33,Reject,Reject,YES,0.0000,0.0000,5.0,3.0,5.0,,,,
EHYbqCDRtM,3.0,Reject,2.00,Reject,Reject,YES,0.0000,0.0000,1.0,3.0,1.0,3.0,,,
3TnLGGHhNx,4.5,Reject,6.00,Accept,Accept,NO,0.0000,0.0000,5.0,5.0,8.0,,,,
Ti0kjqFx7D,-100.0,Error,4.33,Reject,Reject,NO,0.0000,0.0000,5.0,5.0,3.0,,,,
XHvguNJRbE,4.0,Reject,2.50,Reject,Reject,YES,0.0000,0.0000,3.0,3.0,1.0,3.0,,,
q541p2YLt2,4.5,Reject,2.50,Reject,Reject,YES,0.0000,0.0000,3.0,1.0,3.0,3.0,,,
5RielfrDkP,4.5,Reject,7.00,Accept,Accept,NO,0.0000,0.0000,6.0,8.0,8.0,6.0,,,
dyYc8GFdD5,5.5,Reject,5.00,Reject,Reject,YES,0.0000,0.0000,5.0,5.0,5.0,5.0,,,
le1UUMd45T,6.0,Accept,7.50,Reject,Reject,NO,0.0000,0.0000,8.0,8.0,8.0,6.0,,,
3m6VqesEMw,4.5,Reject,6.00,Reject,Reject,YES,0.0000,0.0000,6.0,5.0,5.0,8.0,,,
IaHzYWSFYY,4.5,Reject,3.50,Reject,Reject,YES,0.0000,0.0000,3.0,3.0,3.0,5.0,,,
lYtY3RV5nv,4.5,Reject,4.33,Reject,Reject,YES,0.0000,0.0000,5.0,3.0,5.0,,,,
gJeYtRuguR,6.5,Accept,7.50,Accept,Accept,YES,0.0000,0.0000,8.0,8.0,6.0,8.0,,,
1z3SOCwst9,4.5,Reject,6.50,Accept,Accept,NO,0.0000,0.0000,6.0,8.0,6.0,6.0,,,
mPONXmVmZ6,4.5,Reject,5.67,Reject,Reject,YES,0.0000,0.0000,6.0,6.0,5.0,,,,
kRoWeLTpL4,6.5,Accept,7.50,Accept,Accept,YES,0.0000,0.0000,6.0,8.0,8.0,8.0,,,
lIdc5DUplq,6.0,Accept,4.33,Reject,Reject,NO,0.0000,0.0000,5.0,3.0,5.0,,,,
hB2hXtxIPH,5.0,Reject,7.00,Accept,Accept,NO,0.0000,0.0000,6.0,8.0,8.0,6.0,,,
d6H4RBi7RH,5.0,Reject,7.00,Accept,Accept,NO,0.0000,0.0000,5.0,8.0,8.0,,,,
erWwBoR59l,7.0,Accept,6.00,Accept,Accept,YES,0.0000,0.0000,6.0,6.0,6.0,6.0,6.0,,
aBnVU5DL3I,5.5,Reject,6.67,Accept,Accept,NO,0.0000,0.0000,8.0,6.0,6.0,,,,
ywHOnGOLb1,5.0,Reject,4.67,Reject,Reject,YES,0.0000,0.0000,5.0,3.0,6.0,,,,
rINBD8jPoP,4.0,Reject,5.60,Accept,Accept,NO,0.0000,0.0000,6.0,6.0,6.0,5.0,5.0,,
weM4YBicIP,6.0,Weak Accept,8.00,Accept,Accept,NO,0.0000,0.0000,8.0,8.0,8.0,8.0,,,
rcKzU0Vns0,7.0,Accept,2.50,Reject,Reject,NO,0.0000,0.0000,3.0,3.0,3.0,1.0,,,
4LiegvCeQD,4.0,Reject,2.50,Reject,Reject,YES,0.0000,0.0000,1.0,3.0,3.0,3.0,,,
Bo6GpQ3B9a,5.0,Reject,7.00,Accept,Accept,NO,0.0000,0.0000,6.0,8.0,8.0,6.0,,,
Feg9xrbFcn,5.0,Reject,4.50,Reject,Reject,YES,0.0000,0.0000,6.0,5.0,6.0,1.0,,,
Of5F2GdGLA,5.0,Reject,4.60,Reject,Reject,YES,0.0000,0.0000,6.0,5.0,6.0,3.0,3.0,,
aLsMzkTej9,5.5,Reject,5.80,Accept,Accept,NO,0.0000,0.0000,8.0,5.0,5.0,8.0,3.0,,
cc8h3I3V4E,5.0,Reject,8.00,Accept,Accept,NO,0.0000,0.0000,8.0,8.0,8.0,,,,
ZbOSRZ0JXH,5.0,Reject,3.00,Reject,Reject,YES,0.0000,0.0000,3.0,3.0,3.0,3.0,3.0,,
4M0BRyGMnJ,5.0,Reject,6.50,Accept,Accept,NO,0.0000,0.0000,8.0,6.0,6.0,6.0,,,
icTZCUbtD6,6.0,Accept,6.20,Accept,Accept,YES,0.0000,0.0000,8.0,1.0,8.0,6.0,8.0,,
AfnsTnYphT,5.0,Reject,7.50,Accept,Accept,NO,0.0000,0.0000,8.0,6.0,8.0,8.0,,,
46mbA3vu25,6.0,Accept,5.75,Reject,Reject,NO,0.0000,0.0000,6.0,6.0,5.0,6.0,,,
xNn2nq5kiy,-100.0,Error,3.00,Reject,Reject,NO,0.0000,0.0000,1.0,3.0,3.0,5.0,3.0,,
apXtolxDaJ,4.5,Reject,6.00,Accept,Accept,NO,0.0000,0.0000,6.0,6.0,6.0,6.0,,,
O6W9SJRZRA,5.0,Reject,5.00,Reject,Reject,YES,0.0000,0.0000,6.0,6.0,5.0,3.0,,,
zEhTnQZB3D,4.0,Reject,2.33,Reject,Reject,YES,0.0000,0.0000,3.0,3.0,1.0,,,,
kRaWc3Hk0q,6.0,Accept,4.50,Reject,Reject,NO,0.0000,0.0000,5.0,3.0,5.0,5.0,,,
CRQ8JuQDEd,6.0,Accept,5.00,Reject,Reject,NO,0.0000,0.0000,5.0,6.0,3.0,5.0,6.0,,
7JigPd5Pm5,4.0,Reject,2.50,Reject,Reject,YES,0.0000,0.0000,1.0,3.0,3.0,3.0,,,
et5l9qPUhm,7.0,Accept,8.00,Reject,Reject,NO,0.0000,0.0000,8.0,8.0,8.0,,,,
ZaudLwn0Hm,4.0,Reject,2.50,Reject,Reject,YES,0.0000,0.0000,3.0,3.0,3.0,1.0,,,
zDC3iCBxJb,6.5,Reject,6.75,Accept,Accept,NO,0.0000,0.0000,8.0,6.0,5.0,8.0,,,
Wnu2c6pjs1,4.5,Reject,5.25,Reject,Reject,YES,0.0000,0.0000,5.0,5.0,6.0,5.0,,,
c4Nh4A8Xn5,7.5,Accept,5.00,Reject,Reject,NO,0.0000,0.0000,5.0,5.0,5.0,5.0,,,
2GEiBzs2Do,5.0,Accept,4.50,Reject,Reject,NO,0.0000,0.0000,5.0,5.0,5.0,3.0,,,
llSiIJosDj,6.0,Accept,7.00,Accept,Accept,YES,0.0000,0.0000,8.0,6.0,6.0,8.0,,,
RDLvnUJ5JZ,3.0,Reject,3.00,Reject,Reject,YES,0.0000,0.0000,3.0,3.0,3.0,3.0,,,
opSPgPIwAD,5.0,Reject,3.00,Reject,Reject,YES,0.0000,0.0000,3.0,3.0,3.0,,,,
b9Ne5lHJ8Y,5.0,Reject,3.40,Reject,Reject,YES,0.0000,0.0000,3.0,5.0,3.0,3.0,3.0,,
yF19SY1i8M,5.0,Reject,6.00,Reject,Reject,YES,0.0000,0.0000,5.0,6.0,5.0,8.0,,,
52x04chyQs,7.0,Accept,6.00,Accept,Accept,YES,0.0000,0.0000,6.0,6.0,6.0,6.0,,,
Y6aHdDNQYD,6.0,Accept,8.00,Accept,Accept,YES,0.0000,0.0000,8.0,8.0,8.0,,,,
P4o9akekdf,6.0,Reject,8.00,Accept,Accept,NO,0.0000,0.0000,8.0,8.0,8.0,,,,
M992mjgKzI,8.0,Accept,7.00,Accept,Accept,YES,0.0000,0.0000,8.0,8.0,6.0,6.0,,,
fUGhVYPVRM,5.0,Reject,7.00,Accept,Accept,NO,0.0000,0.0000,6.0,6.0,8.0,8.0,,,
q541p2YLt2,3.0,Reject,2.50,Reject,Reject,YES,0.0000,0.0000,3.0,1.0,3.0,3.0,,,
cNi2EJ8OCh,3.0,Reject,5.00,Reject,Reject,YES,0.0000,0.0000,6.0,6.0,5.0,3.0,,,
AqN23oqraW,5.5,Reject,6.75,Accept,Accept,NO,0.0000,0.0000,8.0,8.0,6.0,5.0,,,
lBMRmw59Lk,4.0,Reject,7.00,Accept,Accept,NO,0.0000,0.0000,8.0,6.0,6.0,8.0,,,
i4ouG6Kc8M,5.0,Reject,2.50,Reject,Reject,YES,0.0000,0.0000,1.0,3.0,3.0,3.0,,,
UKiCFpwcqY,5.0,Reject,5.00,Reject,Reject,YES,0.0000,0.0000,3.0,6.0,6.0,5.0,,,
mEBSeSk49H,7.5,Accept,4.25,Reject,Reject,NO,0.0000,0.0000,5.0,8.0,3.0,1.0,,,
Njx1NjHIx4,5.0,Reject,7.50,Accept,Accept,NO,0.0000,0.0000,8.0,8.0,8.0,6.0,,,
V4Xs283LHH,3.0,Reject,2.50,Reject,Reject,YES,0.0000,0.0000,3.0,3.0,1.0,3.0,,,
wq4AeBWQJ4,0.0,Reject,3.50,Reject,Reject,YES,0.0000,0.0000,3.0,3.0,3.0,5.0,,,
tc90LV0yRL,5.0,Accept,8.67,Accept,Accept,YES,0.0000,0.0000,8.0,8.0,10.0,,,,
trKNi4IUiP,5.0,Reject,7.50,Accept,Accept,NO,0.0000,0.0000,8.0,8.0,6.0,8.0,,,
iv1TpRCJeK,6.0,Reject,6.33,Accept,Accept,NO,0.0000,0.0000,8.0,6.0,5.0,,,,
E2PFv7ad3p,6.5,Accept,6.67,Accept,Accept,YES,0.0000,0.0000,8.0,6.0,6.0,,,,
uDxeSZ1wdI,5.5,Reject,7.50,Accept,Accept,NO,0.0000,0.0000,8.0,8.0,6.0,8.0,,,
BINwUtUGuq,6.0,Accept,5.25,Reject,Reject,NO,0.0000,0.0000,6.0,6.0,6.0,3.0,,,
mBJF0p9yRR,8.0,Accept,3.25,Reject,Reject,NO,0.0000,0.0000,3.0,6.0,1.0,3.0,,,
9TClCDZXeh,7.5,Accept,7.00,Accept,Accept,YES,0.0000,0.0000,8.0,6.0,6.0,8.0,,,
KDGP8yAz5b,6.0,Accept,6.00,Accept,Accept,YES,0.0000,0.0000,5.0,8.0,6.0,5.0,,,
Fzz8acgC6X,3.0,Reject,3.40,Reject,Reject,YES,0.0000,0.0000,3.0,5.0,3.0,3.0,3.0,,
ff5srKUefm,4.0,Reject,3.00,Reject,Reject,YES,0.0000,0.0000,3.0,3.0,3.0,,,,
5f0n5yi8qK,3.5,Reject,3.40,Reject,Reject,YES,0.0000,0.0000,3.0,3.0,3.0,5.0,3.0,,
NBgB5xirgp,7.0,Accept,4.67,Reject,Reject,NO,0.0000,0.0000,6.0,5.0,3.0,,,,
ewIfVxCzbo,5.0,Reject,5.00,Reject,Reject,YES,0.0000,0.0000,5.0,5.0,5.0,5.0,,,
EQgEMAD4kv,5.0,Reject,7.00,Accept,Accept,NO,0.0000,0.0000,6.0,6.0,10.0,6.0,,,
IFOgfaX2Fj,4.5,Reject,2.50,Reject,Reject,YES,0.0000,0.0000,1.0,1.0,5.0,3.0,,,
fvTaoyH96Z,5.0,Reject,2.33,Reject,Reject,YES,0.0000,0.0000,3.0,3.0,1.0,,,,
8ishA3LxN8,7.5,Accept,6.50,Accept,Accept,YES,0.0000,0.0000,6.0,8.0,6.0,6.0,,,
OxKi02I29I,6.0,Reject,5.67,Accept,Accept,NO,0.0000,0.0000,6.0,6.0,5.0,,,,
ze7DOLi394,5.0,Reject,7.50,Accept,Accept,NO,0.0000,0.0000,8.0,8.0,6.0,8.0,,,
YaeZwhXJ4k,4.5,Reject,6.67,Accept,Accept,NO,0.0000,0.0000,6.0,8.0,6.0,,,,
RgE1qiO2ek,5.0,Reject,6.25,Accept,Accept,NO,0.0000,0.0000,8.0,6.0,6.0,5.0,,,
Sta35eEmfR,5.5,Reject,4.71,Reject,Reject,YES,0.0000,0.0000,6.0,5.0,3.0,5.0,5.0,6.0,
1KLBvrYz3V,5.0,Reject,7.50,Accept,Accept,NO,0.0000,0.0000,8.0,6.0,8.0,8.0,,,
WoJzHQIIUk,2.5,Reject,1.50,Reject,Reject,YES,0.0000,0.0000,1.0,3.0,1.0,1.0,,,
1OGhJCGdcP,4.0,Reject,3.50,Reject,Reject,YES,0.0000,0.0000,3.0,3.0,3.0,5.0,,,
bXI0thP733,5.0,Reject,4.50,Reject,Reject,YES,0.0000,0.0000,5.0,5.0,5.0,3.0,,,
Jd3Vd7GCyq,8.0,Accept,7.00,Accept,Accept,YES,0.0000,0.0000,6.0,8.0,8.0,6.0,,,
e5jGTEiJMT,6.5,Accept,7.00,Accept,Accept,YES,0.0000,0.0000,8.0,5.0,8.0,,,,
w5h443GIGo,3.5,Reject,2.33,Reject,Reject,YES,0.0000,0.0000,3.0,1.0,3.0,,,,
uIv5SaxXLv,4.0,Reject,4.50,Reject,Reject,YES,0.0000,0.0000,3.0,5.0,5.0,5.0,,,
s9SVlWOcLt,5.0,Reject,6.75,Reject,Reject,YES,0.0000,0.0000,8.0,6.0,8.0,5.0,,,
IL71c1z7et,4.0,Reject,7.00,Accept,Accept,NO,0.0000,0.0000,8.0,5.0,8.0,,,,
fnO5h1CFyh,5.0,Reject,3.00,Reject,Reject,YES,0.0000,0.0000,3.0,3.0,3.0,3.0,,,
s15HrqCqbr,6.0,Reject,6.67,Accept,Accept,NO,0.0000,0.0000,6.0,6.0,8.0,,,,
DLDuVbxORA,7.0,Accept,6.25,Accept,Accept,YES,0.0000,0.0000,8.0,3.0,8.0,6.0,,,
hqxzi4d3Ws,4.5,Reject,3.00,Reject,Reject,YES,0.0000,0.0000,3.0,3.0,3.0,3.0,,,
jrY83wPzMJ,6.0,Accept,4.00,Reject,Reject,NO,0.0000,0.0000,3.0,3.0,5.0,5.0,,,
G0vdDSt9XM,5.0,Reject,6.67,Accept,Accept,NO,0.0000,0.0000,6.0,6.0,8.0,,,,
YOpa6dTrpt,5.0,Reject,7.00,Accept,Accept,NO,0.0000,0.0000,6.0,8.0,8.0,6.0,,,
djmLZkEw1L,6.0,Accept,3.50,Reject,Reject,NO,0.0000,0.0000,5.0,3.0,3.0,3.0,,,
nrvoWOWcyg,5.5,Reject,6.50,Accept,Accept,NO,0.0000,0.0000,6.0,8.0,6.0,6.0,,,
3i13Gev2hV,6.0,Accept,8.00,Accept,Accept,YES,0.0000,0.0000,8.0,8.0,8.0,8.0,,,
CRQ8JuQDEd,6.5,Accept,5.00,Reject,Reject,NO,0.0000,0.0000,5.0,6.0,3.0,5.0,6.0,,
F9JZiGradI,3.0,Reject,5.25,Reject,Reject,YES,0.0000,0.0000,1.0,8.0,6.0,6.0,,,
dOAkHmsjRX,7.5,Accept,7.50,Accept,Accept,YES,0.0000,0.0000,8.0,8.0,6.0,8.0,,,
GsNp4ob8BY,5.0,Reject,5.25,Reject,Reject,YES,0.0000,0.0000,6.0,5.0,5.0,5.0,,,
KSLkFYHlYg,5.5,Borderline,8.00,Accept,Accept,NO,0.0000,0.0000,8.0,10.0,6.0,,,,
RIu5lyNXjT,4.0,Reject,6.67,Accept,Accept,NO,0.0000,0.0000,6.0,8.0,6.0,,,,
62Ff8LDAJZ,5.0,Reject,6.80,Accept,Accept,NO,0.0000,0.0000,6.0,8.0,8.0,6.0,6.0,,
rbdlQE7HY7,6.0,Reject,3.67,Reject,Reject,YES,0.0000,0.0000,5.0,3.0,3.0,,,,
cA8iQJFioL,2.0,Reject,2.50,Reject,Reject,YES,0.0000,0.0000,3.0,3.0,3.0,1.0,,,
KUNzEQMWU7,6.5,Reject,7.25,Accept,Accept,NO,0.0000,0.0000,5.0,8.0,8.0,8.0,,,
ervzSmtQyY,4.5,Reject,3.00,Reject,Reject,YES,0.0000,0.0000,3.0,3.0,3.0,3.0,,,
zl3pfz4VCV,6.0,Accept,7.00,Accept,Accept,YES,0.0000,0.0000,8.0,6.0,8.0,6.0,,,
InWaCoIMMN,4.0,Reject,3.00,Reject,Reject,YES,0.0000,0.0000,3.0,3.0,3.0,3.0,,,
yDICgRUj5s,5.5,Reject,4.40,Reject,Reject,YES,0.0000,0.0000,6.0,5.0,3.0,5.0,3.0,,
RZZPnAaw6Z,5.0,Reject,5.00,Reject,Reject,YES,0.0000,0.0000,5.0,5.0,6.0,6.0,3.0,5.0,
KZJehvRKGD,6.5,Accept,7.50,Accept,Accept,YES,0.0000,0.0000,8.0,8.0,6.0,8.0,,,
EytBpUGB1Z,7.0,Accept,8.00,Accept,Accept,YES,0.0000,0.0000,8.0,8.0,8.0,8.0,,,
foKwWau15m,6.0,Accept,6.00,Reject,Reject,NO,0.0000,0.0000,5.0,5.0,6.0,8.0,,,
YWOieLv40v,4.0,Reject,4.67,Reject,Reject,YES,0.0000,0.0000,6.0,5.0,3.0,,,,
TQWXWtJSda,5.5,Reject,5.67,Reject,Reject,YES,0.0000,0.0000,6.0,5.0,6.0,,,,
BYwdia04ZA,5.0,Reject,5.00,Reject,Reject,YES,0.0000,0.0000,5.0,5.0,5.0,,,,
vNiI3aGcE6,5.0,Reject,7.00,Accept,Accept,NO,0.0000,0.0000,6.0,6.0,8.0,8.0,,,
E4LAVLXAHW,7.5,Accept,7.00,Accept,Accept,YES,0.0000,0.0000,8.0,6.0,6.0,8.0,,,
4e0ItHjNo9,4.0,Reject,4.25,Reject,Reject,YES,0.0000,0.0000,5.0,3.0,6.0,3.0,,,
7UgQjFEadn,6.0,Reject,5.75,Accept,Accept,NO,0.0000,0.0000,5.0,6.0,6.0,6.0,,,
N18Z2MkMEa,4.5,Reject,3.00,Reject,Reject,YES,0.0000,0.0000,5.0,1.0,3.0,,,,
tVMPfEGT2w,7.0,Accept,7.50,Accept,Accept,YES,0.0000,0.0000,8.0,6.0,8.0,8.0,,,
TlFDFKyEIQ,3.0,Reject,3.50,Reject,Reject,YES,0.0000,0.0000,3.0,5.0,3.0,3.0,,,
7IzeL0kflu,7.0,Accept,7.50,Accept,Accept,YES,0.0000,0.0000,6.0,8.0,8.0,8.0,,,
MvEkN2ejZ1,3.5,Reject,6.60,Accept,Accept,NO,0.0000,0.0000,5.0,6.0,8.0,8.0,6.0,,
dDpB23VbVa,6.5,Accept,7.50,Accept,Accept,YES,0.0000,0.0000,6.0,8.0,8.0,8.0,,,
3fl1SENSYO,5.0,Reject,7.50,Accept,Accept,NO,0.0000,0.0000,6.0,8.0,8.0,8.0,,,
le1UUMd45T,5.5,Accept,7.50,Reject,Reject,NO,0.0000,0.0000,8.0,8.0,8.0,6.0,,,
EqCbc4wrzy,5.0,Reject,2.50,Reject,Reject,YES,0.0000,0.0000,3.0,3.0,1.0,3.0,,,
rrdNQZRHEm,4.5,Reject,5.43,Reject,Reject,YES,0.0000,0.0000,6.0,8.0,5.0,5.0,5.0,6.0,
fMTPkDEhLQ,4.0,Reject,8.00,Accept,Accept,NO,0.0000,0.0000,8.0,8.0,8.0,8.0,,,
LnRegTxsa4,4.5,Reject,4.20,Reject,Reject,YES,0.0000,0.0000,5.0,5.0,3.0,3.0,5.0,,
KjOAHlKMF5,7.0,Accept,7.00,Accept,Accept,YES,0.0000,0.0000,8.0,6.0,8.0,6.0,,,
G1Hlubz1fR,4.0,Reject,6.00,Accept,Accept,NO,0.0000,0.0000,6.0,6.0,6.0,6.0,,,
xByvdb3DCm,4.0,Reject,8.00,Accept,Accept,NO,0.0000,0.0000,8.0,8.0,8.0,8.0,8.0,,
tkqNDbukWW,6.5,Accept,5.50,Reject,Reject,NO,0.0000,0.0000,5.0,5.0,6.0,6.0,,,
ugXGFCS6HK,5.0,Reject,6.20,Accept,Accept,NO,0.0000,0.0000,6.0,5.0,6.0,8.0,6.0,,
e0bTcdF29g,4.5,Reject,4.40,Reject,Reject,YES,0.0000,0.0000,5.0,3.0,5.0,6.0,3.0,,
JXvEzl8YkS,3.5,Reject,2.00,Reject,Reject,YES,0.0000,0.0000,3.0,1.0,3.0,1.0,,,
Yc4zTbR8no,4.0,Reject,3.00,Reject,Reject,YES,0.0000,0.0000,3.0,3.0,5.0,1.0,,,
kJFIH23hXb,5.0,Reject,8.00,Accept,Accept,NO,0.0000,0.0000,8.0,8.0,8.0,8.0,,,
NWvsm2VxAM,6.0,Accept,3.00,Reject,Reject,NO,0.0000,0.0000,3.0,3.0,3.0,3.0,,,
VoHJTTA2MB,6.0,Reject,4.33,Reject,Reject,YES,0.0000,0.0000,5.0,3.0,5.0,,,,
eRAXvtP0gA,4.0,Reject,2.50,Reject,Reject,YES,0.0000,0.0000,5.0,3.0,1.0,1.0,,,
2DbVeuoa6a,6.0,Accept,6.75,Accept,Accept,YES,0.0000,0.0000,3.0,8.0,8.0,8.0,,,
TS8HoIWAPQ,5.0,Reject,6.67,Accept,Accept,NO,0.0000,0.0000,6.0,6.0,8.0,,,,
rFZtyj5kBz,5.0,Reject,4.50,Reject,Reject,YES,0.0000,0.0000,3.0,5.0,5.0,5.0,,,
4bOCP1GtX4,3.5,Reject,3.00,Reject,Reject,YES,0.0000,0.0000,3.0,3.0,3.0,,,,
CscKx97jBi,4.0,Reject,3.00,Reject,Reject,YES,0.0000,0.0000,1.0,3.0,3.0,5.0,,,
s15HrqCqbr,6.0,Reject,6.67,Accept,Accept,NO,0.0000,0.0000,6.0,6.0,8.0,,,,
wkp57p0uhm,5.5,Accept,4.75,Reject,Reject,NO,0.0000,0.0000,3.0,6.0,5.0,5.0,,,
ilGdLPy3mA,3.0,Reject,3.40,Reject,Reject,YES,0.0000,0.0000,3.0,5.0,3.0,3.0,3.0,,
Zap3nZhRIQ,4.0,Reject,3.00,Reject,Reject,YES,0.0000,0.0000,3.0,3.0,3.0,3.0,,,
uxFme785fq,2.0,Reject,2.50,Reject,Reject,YES,0.0000,0.0000,3.0,3.0,1.0,3.0,,,
5YCZZSEosw,5.0,Reject,4.20,Reject,Reject,YES,0.0000,0.0000,3.0,3.0,6.0,6.0,3.0,,
cUeYEwc237,4.5,Reject,2.00,Reject,Reject,YES,0.0000,0.0000,1.0,3.0,1.0,3.0,,,
uAFHCZRmXk,7.0,Accept,8.00,Accept,Accept,YES,0.0000,0.0000,8.0,8.0,8.0,8.0,,,
9NqC72m31m,4.5,Reject,6.50,Accept,Accept,NO,0.0000,0.0000,6.0,6.0,6.0,8.0,,,
aAI92OHA4t,4.5,Reject,2.33,Reject,Reject,YES,0.0000,0.0000,1.0,3.0,3.0,,,,
plAiJUFNja,2.0,Reject,2.50,Reject,Reject,YES,0.0000,0.0000,1.0,3.0,3.0,3.0,,,
MFCjgEOLJT,6.0,Accept,5.75,Accept,Accept,YES,0.0000,0.0000,6.0,5.0,6.0,6.0,,,
72OSO38a2z,4.5,Reject,7.00,Accept,Accept,NO,0.0000,0.0000,6.0,6.0,8.0,8.0,,,
gc8QAQfXv6,6.0,Reject,9.00,Accept,Accept,NO,0.0000,0.0000,8.0,8.0,10.0,10.0,,,
1L52bHEL5d,7.0,Accept,6.00,Accept,Accept,YES,0.0000,0.0000,6.0,6.0,6.0,6.0,,,
fO0YO9giQV,6.0,Reject,3.00,Reject,Reject,YES,0.0000,0.0000,3.0,3.0,3.0,3.0,,,
xTrAA3UKPa,3.5,Reject,2.00,Reject,Reject,YES,0.0000,0.0000,3.0,3.0,1.0,1.0,,,
JePfAI8fah,8.0,Accept,7.50,Accept,Accept,YES,0.0000,0.0000,6.0,8.0,8.0,8.0,,,
pxOUk9OHYP,4.0,Reject,3.00,Reject,Reject,YES,0.0000,0.0000,3.0,3.0,3.0,3.0,,,
EQAHilKZ8D,3.5,Reject,2.20,Reject,Reject,YES,0.0000,0.0000,3.0,3.0,3.0,1.0,1.0,,
tVfvKrboVY,5.5,Reject,5.60,Reject,Reject,YES,0.0000,0.0000,6.0,5.0,6.0,6.0,5.0,,
WFlLqUmb9v,3.0,Reject,2.50,Reject,Reject,YES,0.0000,0.0000,5.0,1.0,3.0,1.0,,,
XABvLUXQ45,4.0,Reject,4.80,Reject,Reject,YES,0.0000,0.0000,6.0,5.0,3.0,5.0,5.0,,
SI6zocV2SS,1.5,Reject,1.50,Reject,Reject,YES,0.0000,0.0000,1.0,1.0,1.0,3.0,,,
Y5LjYI4N6P,6.5,Accept,6.75,Accept,Accept,YES,0.0000,0.0000,8.0,6.0,8.0,5.0,,,
qZz7PKt4bE,4.0,Reject,3.00,Reject,Reject,YES,0.0000,0.0000,5.0,3.0,1.0,,,,
rwdeKOdAwY,6.0,Reject,3.00,Reject,Reject,YES,0.0000,0.0000,1.0,3.0,3.0,5.0,3.0,3.0,
Pu3c0209cx,5.0,Reject,7.00,Accept,Accept,NO,0.0000,0.0000,6.0,8.0,8.0,6.0,,,
NSpe8QgsCB,7.5,Accept,7.00,Accept,Accept,YES,0.0000,0.0000,6.0,6.0,8.0,8.0,,,
3cnXu5iIP5,5.5,Reject,5.75,Reject,Reject,YES,0.0000,0.0000,8.0,6.0,6.0,3.0,,,
60rQpnbgmE,4.0,Reject,4.25,Reject,Reject,YES,0.0000,0.0000,6.0,3.0,3.0,5.0,,,
qHVUdP1EEU,4.5,Reject,5.25,Reject,Reject,YES,0.0000,0.0000,3.0,6.0,6.0,6.0,,,
iRgzG5DKgA,4.5,Reject,3.00,Reject,Reject,YES,0.0000,0.0000,3.0,3.0,3.0,3.0,,,
Fk5IzauJ7F,6.5,Accept,8.00,Accept,Accept,YES,0.0000,0.0000,8.0,8.0,8.0,8.0,,,
7IzeL0kflu,7.0,Accept,7.50,Accept,Accept,YES,0.0000,0.0000,6.0,8.0,8.0,8.0,,,
iuqprf3GuR,5.0,Reject,5.00,Reject,Reject,YES,0.0000,0.0000,6.0,3.0,6.0,,,,
7fuddaTrSu,4.5,Reject,3.00,Reject,Reject,YES,0.0000,0.0000,3.0,5.0,3.0,3.0,3.0,3.0,
pszewhybU9,6.0,Accept,6.25,Accept,Accept,YES,0.0000,0.0000,6.0,5.0,6.0,8.0,,,
lydPkW4lfz,6.0,Accept,6.25,Accept,Accept,YES,0.0000,0.0000,8.0,8.0,6.0,3.0,,,
5btFIv2PNb,6.0,Weak Accept,6.33,Accept,Accept,NO,0.0000,0.0000,8.0,6.0,5.0,,,,
dp27P5HBBt,5.0,Reject,6.75,Accept,Accept,NO,0.0000,0.0000,8.0,8.0,3.0,8.0,,,
2cRzmWXK9N,6.0,Accept,7.25,Accept,Accept,YES,0.0000,0.0000,8.0,8.0,8.0,5.0,,,
4G6Q4nJBTQ,3.5,Reject,3.00,Reject,Reject,YES,0.0000,0.0000,3.0,3.0,3.0,,,,
dj8CaE1G7m,4.5,Reject,3.00,Reject,Reject,YES,0.0000,0.0000,3.0,5.0,1.0,3.0,,,
RuYl15smRv,5.0,Reject,3.40,Reject,Reject,YES,0.0000,0.0000,3.0,5.0,1.0,3.0,5.0,,
bntJK4NyIW,4.0,Reject,2.00,Reject,Reject,YES,0.0000,0.0000,1.0,3.0,1.0,3.0,,,
kjZlzuVJF0,5.0,Reject,3.50,Reject,Reject,YES,0.0000,0.0000,5.0,3.0,3.0,3.0,,,
0x8wWloW2O,3.5,Reject,4.00,Reject,Reject,YES,0.0000,0.0000,5.0,5.0,5.0,1.0,,,
or8mMhmyRV,5.5,Reject,7.75,Accept,Accept,NO,0.0000,0.0000,5.0,8.0,10.0,8.0,,,
CeJEfNKstt,5.5,Reject,5.25,Reject,Reject,YES,0.0000,0.0000,5.0,8.0,3.0,5.0,,,
bdFzyzf4Qx,3.0,Reject,3.00,Reject,Reject,YES,0.0000,0.0000,3.0,3.0,3.0,,,,
RqUMWdDg52,6.0,Accept,4.25,Reject,Reject,NO,0.0000,0.0000,5.0,3.0,6.0,3.0,,,
1mOeklnLf4,5.0,Reject,3.50,Reject,Reject,YES,0.0000,0.0000,3.0,5.0,3.0,3.0,,,
l9LWx9HMl5,5.5,Reject,4.80,Reject,Reject,YES,0.0000,0.0000,6.0,5.0,5.0,5.0,3.0,,
FPfCUJTsCn,6.0,Accept,7.20,Accept,Accept,YES,0.0000,0.0000,6.0,8.0,8.0,6.0,8.0,,
4jBL79L5QS,4.5,Reject,3.60,Reject,Reject,YES,0.0000,0.0000,3.0,3.0,6.0,3.0,3.0,,
tTPHgb0EtV,7.0,Accept,8.00,Accept,Accept,YES,0.0000,0.0000,8.0,8.0,8.0,8.0,,,
EQAHilKZ8D,3.0,Reject,2.20,Reject,Reject,YES,0.0000,0.0000,3.0,3.0,3.0,1.0,1.0,,
jNR6s6OSBT,5.5,Reject,6.75,Accept,Accept,NO,0.0000,0.0000,8.0,5.0,8.0,6.0,,,
apQukvJHFE,7.5,Accept,4.00,Reject,Reject,NO,0.0000,0.0000,3.0,5.0,3.0,6.0,3.0,,
F5PlYMC5ik,5.0,Reject,7.00,Accept,Accept,NO,0.0000,0.0000,8.0,6.0,6.0,8.0,,,
9bLdbp46Q1,6.0,Accept,6.50,Accept,Accept,YES,0.0000,0.0000,6.0,8.0,6.0,6.0,,,
zMoNrajk2X,7.0,Accept,8.00,Accept,Accept,YES,0.0000,0.0000,8.0,8.0,8.0,,,,
qyU5s4fzLg,6.0,Reject,7.50,Accept,Accept,NO,0.0000,0.0000,8.0,8.0,6.0,8.0,,,
LNL7zKvm7e,7.0,Accept,6.00,Accept,Accept,YES,0.0000,0.0000,6.0,6.0,6.0,6.0,,,
SThJXvucjQ,6.5,Accept,6.67,Accept,Accept,YES,0.0000,0.0000,8.0,6.0,6.0,,,,
YpWV7XRmFB,5.0,Reject,4.00,Reject,Reject,YES,0.0000,0.0000,5.0,3.0,3.0,5.0,,,
JHE4w8q2G2,6.0,Reject,4.50,Reject,Reject,YES,0.0000,0.0000,3.0,6.0,6.0,3.0,,,
Ali45HfJqJ,5.0,Reject,5.75,Reject,Reject,YES,0.0000,0.0000,6.0,6.0,5.0,6.0,,,
SaSK9M66KK,6.0,Accept,5.00,Reject,Reject,NO,0.0000,0.0000,6.0,6.0,3.0,5.0,,,
qPwQj4Mf3u,3.0,Reject,3.00,Reject,Reject,YES,0.0000,0.0000,3.0,3.0,3.0,,,,
EeqlkPpaV8,6.5,Accept,6.75,Accept,Accept,YES,0.0000,0.0000,5.0,8.0,8.0,6.0,,,
Nshk5YpdWE,6.0,Accept,7.33,Accept,Accept,YES,0.0000,0.0000,8.0,8.0,6.0,,,,
Lfy9q7Icp9,5.0,Reject,7.00,Accept,Accept,NO,0.0000,0.0000,8.0,6.0,6.0,8.0,,,
2NwHLAffZZ,4.0,Reject,2.33,Reject,Reject,YES,0.0000,0.0000,3.0,3.0,1.0,,,,
BBldjKEBlJ,5.0,Reject,3.00,Reject,Reject,YES,0.0000,0.0000,3.0,3.0,3.0,3.0,,,
bC50ZOyPQm,5.0,Reject,5.00,Reject,Reject,YES,0.0000,0.0000,5.0,5.0,5.0,,,,
H6XiAoyugv,6.0,Accept,4.33,Reject,Reject,NO,0.0000,0.0000,5.0,5.0,3.0,,,,
RB0RQ3XkYB,4.5,Reject,4.67,Reject,Reject,YES,0.0000,0.0000,3.0,6.0,5.0,,,,
5IBrWCeZtl,-100.0,Error,3.67,Reject,Reject,NO,0.0000,0.0000,3.0,3.0,5.0,,,,
1IeCqgULIM,-100.0,Error,7.25,Reject,Reject,NO,0.0000,0.0000,8.0,8.0,5.0,8.0,,,
elTJBP7Fbv,5.0,Reject,7.00,Accept,Accept,NO,0.0000,0.0000,6.0,8.0,8.0,6.0,,,
x7Q0uFTH2a,5.5,Reject,3.75,Reject,Reject,YES,0.0000,0.0000,5.0,3.0,1.0,6.0,,,
4b1cJHn7q5,4.5,Reject,3.50,Reject,Reject,YES,0.0000,0.0000,5.0,3.0,3.0,3.0,,,
doBof19Ia4,4.0,Reject,2.60,Reject,Reject,YES,0.0000,0.0000,5.0,1.0,3.0,1.0,3.0,,
qPx3i9sMxv,6.0,Weak Accept,7.50,Accept,Accept,NO,0.0000,0.0000,8.0,8.0,6.0,8.0,,,
2wwPG1wpsu,4.5,Reject,2.50,Reject,Reject,YES,0.0000,0.0000,1.0,3.0,3.0,3.0,,,
w9tc699w3Z,7.0,Accept,7.00,Accept,Accept,YES,0.0000,0.0000,8.0,8.0,6.0,6.0,,,
2NwHLAffZZ,5.0,Reject,2.33,Reject,Reject,YES,0.0000,0.0000,3.0,3.0,1.0,,,,
Hz4BYVY8YM,5.5,Reject,7.50,Accept,Accept,NO,0.0000,0.0000,6.0,8.0,8.0,8.0,,,
iShM3YolRY,6.0,Accept,5.25,Reject,Reject,NO,0.0000,0.0000,5.0,5.0,5.0,6.0,,,
Q6a9W6kzv5,5.0,Reject,8.00,Accept,Accept,NO,0.0000,0.0000,8.0,8.0,8.0,8.0,,,
4mqt6QxSUO,1.0,Reject,3.25,Reject,Reject,YES,0.0000,0.0000,6.0,1.0,3.0,3.0,,,
GlPVnuL66V,6.0,Accept,6.00,Reject,Reject,NO,0.0000,0.0000,6.0,8.0,5.0,5.0,,,
vBo7544jZx,5.0,Reject,6.67,Accept,Accept,NO,0.0000,0.0000,6.0,6.0,8.0,,,,
n7iwmPacDt,3.5,Reject,3.00,Reject,Reject,YES,0.0000,0.0000,3.0,3.0,3.0,3.0,,,
OlzB6LnXcS,6.0,Accept,8.00,Accept,Accept,YES,0.0000,0.0000,8.0,8.0,8.0,8.0,,,
f4gF6AIHRy,6.5,Accept,8.00,Accept,Accept,YES,0.0000,0.0000,8.0,8.0,8.0,8.0,,,
WzrkZeDxrM,5.0,Reject,4.25,Reject,Reject,YES,0.0000,0.0000,6.0,5.0,3.0,3.0,,,
It4KL6XnPq,6.0,Accept,3.00,Reject,Reject,NO,0.0000,0.0000,3.0,3.0,3.0,3.0,,,
g7ohDlTITL,6.5,Accept,8.00,Accept,Accept,YES,0.0000,0.0000,8.0,8.0,8.0,,,,
gbJNFxcicC,3.5,Reject,1.67,Reject,Reject,YES,0.0000,0.0000,1.0,3.0,1.0,,,,
v5lmhckxlu,3.0,Reject,3.40,Reject,Reject,YES,0.0000,0.0000,3.0,3.0,3.0,3.0,5.0,,
bEgDEyy2Yk,3.5,Reject,1.00,Reject,Reject,YES,0.0000,0.0000,1.0,1.0,1.0,1.0,,,
6GWvBa60LZ,4.5,Reject,3.67,Reject,Reject,YES,0.0000,0.0000,5.0,3.0,3.0,,,,
nUBLhhVM1l,6.0,Accept,6.33,Accept,Accept,YES,0.0000,0.0000,8.0,6.0,5.0,,,,
v9EjwMM55Y,5.0,Reject,7.50,Accept,Accept,NO,0.0000,0.0000,8.0,8.0,8.0,6.0,,,
SG1R2H3fa1,7.5,Accept,7.50,Accept,Accept,YES,0.0000,0.0000,8.0,6.0,8.0,8.0,,,
ujpAYpFDEA,5.5,Reject,7.50,Accept,Accept,NO,0.0000,0.0000,8.0,8.0,6.0,8.0,,,
7El7K1DoyX,7.0,Accept,7.00,Accept,Accept,YES,0.0000,0.0000,8.0,6.0,8.0,6.0,,,
gwNQuVXEEV,4.0,Reject,2.50,Reject,Reject,YES,0.0000,0.0000,3.0,1.0,3.0,3.0,,,
uXbqFnQfH4,6.0,Accept,4.40,Reject,Reject,NO,0.0000,0.0000,8.0,1.0,5.0,5.0,3.0,,
Qohoh5x1Jm,5.0,Reject,5.00,Reject,Reject,YES,0.0000,0.0000,3.0,6.0,6.0,5.0,,,
kUL0QFvWim,5.0,Reject,4.00,Reject,Reject,YES,0.0000,0.0000,3.0,3.0,5.0,5.0,,,
2bIQBDSfRk,4.5,Reject,4.50,Reject,Reject,YES,0.0000,0.0000,5.0,3.0,5.0,5.0,,,
XWb6dPuhmC,-100.0,Error,3.00,Reject,Reject,NO,0.0000,0.0000,3.0,3.0,3.0,3.0,,,
et5l9qPUhm,6.0,Accept,8.00,Reject,Reject,NO,0.0000,0.0000,8.0,8.0,8.0,,,,
iINUF4n33F,1.0,Reject,2.50,Reject,Reject,YES,0.0000,0.0000,3.0,3.0,3.0,1.0,,,
29pGC6IYaL,4.0,Reject,3.67,Reject,Reject,YES,0.0000,0.0000,5.0,5.0,1.0,,,,
INow59Vurm,5.0,Reject,5.50,Accept,Accept,NO,0.0000,0.0000,5.0,3.0,6.0,8.0,,,
ylhiMfpqkm,5.0,Reject,7.00,Accept,Accept,NO,0.0000,0.0000,6.0,8.0,6.0,8.0,,,
nNYA7tcJSE,6.0,Accept,7.00,Accept,Accept,YES,0.0000,0.0000,8.0,8.0,6.0,6.0,,,
DhHIw9Nbl1,5.0,Reject,6.25,Accept,Accept,NO,0.0000,0.0000,6.0,6.0,5.0,8.0,,,
ispjankYab,5.0,Reject,6.80,Accept,Accept,NO,0.0000,0.0000,6.0,8.0,8.0,6.0,6.0,,
3MDmM0rMPQ,4.0,Reject,3.00,Reject,Reject,YES,0.0000,0.0000,3.0,3.0,3.0,3.0,,,
B6AQzaQCsl,6.0,Accept,6.50,Reject,Reject,NO,0.0000,0.0000,6.0,8.0,6.0,6.0,,,
S2WHlhvFGg,1.5,Reject,3.00,Reject,Reject,YES,0.0000,0.0000,3.0,3.0,3.0,3.0,,,
YCwN7wQA6W,6.0,Accept,4.25,Reject,Reject,NO,0.0000,0.0000,6.0,3.0,5.0,3.0,,,
tnBaiidobu,7.0,Accept,5.75,Accept,Accept,YES,0.0000,0.0000,6.0,6.0,6.0,5.0,,,
S8gbnkCgxZ,5.5,Reject,7.00,Accept,Accept,NO,0.0000,0.0000,8.0,6.0,6.0,8.0,,,
dyzdDSzoKi,6.5,Accept,4.50,Reject,Reject,NO,0.0000,0.0000,5.0,5.0,3.0,5.0,,,
6hP9JcXpNk,5.0,Reject,3.67,Reject,Reject,YES,0.0000,0.0000,3.0,3.0,5.0,,,,
7FQDHv9fD4,4.5,Reject,4.00,Reject,Reject,YES,0.0000,0.0000,5.0,3.0,3.0,5.0,,,
RomiC05ApM,3.5,Reject,3.00,Reject,Reject,YES,0.0000,0.0000,3.0,3.0,3.0,3.0,,,
pdzHpQbGrn,4.5,Reject,2.50,Reject,Reject,YES,0.0000,0.0000,3.0,1.0,3.0,3.0,,,
eqKHuxIpp5,2.5,Reject,2.50,Reject,Reject,YES,0.0000,0.0000,1.0,3.0,3.0,3.0,,,
AKAz88zYLB,4.0,Reject,5.80,Reject,Reject,YES,0.0000,0.0000,8.0,5.0,3.0,8.0,5.0,,
mjDNVksC5G,4.5,Reject,4.20,Reject,Reject,YES,0.0000,0.0000,5.0,3.0,5.0,3.0,5.0,,
kvCKoKfqTd,2.0,Reject,3.00,Reject,Reject,YES,0.0000,0.0000,3.0,1.0,5.0,3.0,,,
lEsNGN1SjG,4.0,Reject,2.00,Reject,Reject,YES,0.0000,0.0000,1.0,1.0,3.0,3.0,,,
L5NUDBdHqR,6.0,Accept,3.50,Reject,Reject,NO,0.0000,0.0000,5.0,3.0,1.0,5.0,,,
MnMWa94t12,5.0,Reject,6.67,Accept,Accept,NO,0.0000,0.0000,8.0,6.0,6.0,,,,
M0xK8nPGvt,5.0,Accept,7.50,Accept,Accept,YES,0.0000,0.0000,8.0,6.0,8.0,8.0,,,
sqsGBW8zQx,6.5,Accept,5.75,Reject,Reject,NO,0.0000,0.0000,6.0,6.0,6.0,5.0,,,
Eh0Od2BJIM,4.5,Reject,6.33,Accept,Accept,NO,0.0000,0.0000,6.0,8.0,5.0,,,,
H2Gxil855b,6.0,Reject,7.00,Accept,Accept,NO,0.0000,0.0000,8.0,6.0,8.0,6.0,,,
0yVP49SDg0,4.5,Reject,3.25,Reject,Reject,YES,0.0000,0.0000,6.0,1.0,3.0,3.0,,,
nTZOIlf8YH,5.0,Reject,2.33,Reject,Reject,YES,0.0000,0.0000,3.0,1.0,3.0,,,,
fiTpna7fO5,4.0,Reject,3.25,Reject,Reject,YES,0.0000,0.0000,6.0,1.0,3.0,3.0,,,
llXCyLhOY4,7.0,Accept,3.00,Reject,Reject,NO,0.0000,0.0000,3.0,3.0,3.0,3.0,,,
xsx3Fpo3UD,5.0,Reject,7.50,Accept,Accept,NO,0.0000,0.0000,8.0,8.0,8.0,6.0,,,
DLBlR0rea5,-100.0,Error,4.50,Reject,Reject,NO,0.0000,0.0000,5.0,6.0,5.0,3.0,3.0,5.0,
HXc5aXeoc8,6.0,Accept,6.75,Accept,Accept,YES,0.0000,0.0000,8.0,6.0,5.0,8.0,,,
JBLHIR8kBZ,5.0,Reject,4.00,Reject,Reject,YES,0.0000,0.0000,5.0,3.0,1.0,5.0,6.0,,
j7b4mm7Ec9,3.5,Reject,7.60,Reject,Reject,YES,0.0000,0.0000,8.0,8.0,8.0,8.0,6.0,,
3lDxKQepvn,5.0,Reject,5.75,Reject,Reject,YES,0.0000,0.0000,6.0,3.0,6.0,8.0,,,
whXHZIaRVB,6.0,Accept,4.00,Reject,Reject,NO,0.0000,0.0000,6.0,3.0,3.0,,,,
7yyAoyfVEC,4.0,Reject,2.50,Reject,Reject,YES,0.0000,0.0000,3.0,3.0,1.0,3.0,,,
YGWxpOI6Y0,5.0,Reject,3.40,Reject,Reject,YES,0.0000,0.0000,3.0,3.0,3.0,5.0,3.0,,
iINUF4n33F,1.0,Reject,2.50,Reject,Reject,YES,0.0000,0.0000,3.0,3.0,3.0,1.0,,,
2FAPahXyVh,4.5,Reject,4.75,Reject,Reject,YES,0.0000,0.0000,5.0,5.0,6.0,3.0,,,
J1xtkJmFY3,5.0,Reject,4.67,Reject,Reject,YES,0.0000,0.0000,5.0,3.0,6.0,,,,
j8HU5aNpd3,6.0,Accept,4.75,Reject,Reject,NO,0.0000,0.0000,5.0,6.0,3.0,5.0,,,
BJfIDS5LsS,3.0,Reject,2.50,Reject,Reject,YES,0.0000,0.0000,3.0,3.0,1.0,3.0,,,
vgplRfepVq,4.5,Reject,4.75,Reject,Reject,YES,0.0000,0.0000,5.0,5.0,3.0,6.0,,,
ByW9j60mvV,5.5,Accept,5.25,Reject,Reject,NO,0.0000,0.0000,8.0,3.0,5.0,5.0,,,
NQEe7B7bSw,6.0,Accept,6.25,Accept,Accept,YES,0.0000,0.0000,8.0,6.0,6.0,5.0,,,
PyjZO7oSw2,5.5,Reject,6.50,Accept,Accept,NO,0.0000,0.0000,8.0,6.0,6.0,6.0,,,
9mX0AZVEet,6.0,Accept,6.00,Reject,Reject,NO,0.0000,0.0000,5.0,5.0,8.0,,,,
D8fk2fY0lh,-100.0,Error,4.33,Reject,Reject,NO,0.0000,0.0000,5.0,5.0,3.0,,,,
to4PdiiILF,6.5,Accept,3.00,Reject,Reject,NO,0.0000,0.0000,3.0,3.0,3.0,,,,
dbuFJg7eaw,5.0,Reject,7.00,Accept,Accept,NO,0.0000,0.0000,8.0,6.0,6.0,8.0,,,
Un0rgm9f04,5.0,Reject,6.00,Accept,Accept,NO,0.0000,0.0000,6.0,6.0,6.0,,,,
KxQnhe5UuJ,6.0,Accept,3.00,Reject,Reject,NO,0.0000,0.0000,3.0,3.0,3.0,3.0,,,
6y00rooi7i,4.0,Reject,4.75,Reject,Reject,YES,0.0000,0.0000,5.0,5.0,3.0,6.0,,,
dLrhRIMVmB,4.5,Reject,8.00,Accept,Accept,NO,0.0000,0.0000,8.0,8.0,8.0,8.0,,,
eM5dar35Ys,4.5,Reject,2.60,Reject,Reject,YES,0.0000,0.0000,3.0,3.0,1.0,3.0,3.0,,
MGceYYNvXp,3.5,Reject,1.50,Reject,Reject,YES,0.0000,0.0000,3.0,1.0,1.0,1.0,,,
5TlHjMVrNG,6.5,Accept,5.00,Reject,Reject,NO,0.0000,0.0000,3.0,6.0,3.0,8.0,,,
UXCfRU2Qs4,5.5,Reject,4.25,Reject,Reject,YES,0.0000,0.0000,1.0,6.0,5.0,5.0,,,
LGIhipNvCQ,5.0,Reject,4.25,Reject,Reject,YES,0.0000,0.0000,3.0,6.0,5.0,3.0,,,
LYS3RhIYCq,6.0,Accept,6.20,Reject,Reject,NO,0.0000,0.0000,3.0,8.0,6.0,6.0,8.0,,
nwDRD4AMoN,6.0,Accept,9.00,Accept,Accept,YES,0.0000,0.0000,8.0,8.0,10.0,10.0,,,
7X65yoKl3Y,4.5,Reject,3.33,Reject,Reject,YES,0.0000,0.0000,5.0,3.0,3.0,3.0,3.0,3.0,
1vmSEVL19f,7.0,Accept,6.00,Accept,Accept,YES,0.0000,0.0000,3.0,8.0,8.0,5.0,,,
ZyNEr7Xw5L,5.0,Reject,6.80,Accept,Accept,NO,0.0000,0.0000,6.0,8.0,6.0,6.0,8.0,,
ugXGFCS6HK,5.5,Reject,6.20,Accept,Accept,NO,0.0000,0.0000,6.0,5.0,6.0,8.0,6.0,,
qoYogklIPz,4.5,Reject,6.75,Accept,Accept,NO,0.0000,0.0000,5.0,8.0,6.0,8.0,,,
plAiJUFNja,-100.0,Error,2.50,Reject,Reject,NO,0.0000,0.0000,1.0,3.0,3.0,3.0,,,
Pjkes5MdKI,3.0,Reject,2.50,Reject,Reject,YES,0.0000,0.0000,1.0,1.0,5.0,3.0,,,
x1Okv4kbVR,6.0,Accept,7.00,Accept,Accept,YES,0.0000,0.0000,8.0,8.0,6.0,6.0,,,
1YSJW69CFQ,1.0,Reject,1.67,Reject,Reject,YES,0.0000,0.0000,1.0,1.0,3.0,,,,
RMgqvQGTwH,6.0,Accept,7.00,Accept,Accept,YES,0.0000,0.0000,8.0,6.0,8.0,6.0,,,
2kGKsyhtvh,5.0,Reject,7.50,Accept,Accept,NO,0.0000,0.0000,8.0,6.0,8.0,8.0,,,
tO58o0ahdg,6.5,Accept,5.25,Reject,Reject,NO,0.0000,0.0000,5.0,5.0,5.0,6.0,,,
H380m98pLE,3.5,Reject,2.50,Reject,Reject,YES,0.0000,0.0000,3.0,3.0,3.0,1.0,,,
H6DpBnPCyH,5.5,Accept,5.50,Reject,Reject,NO,0.0000,0.0000,3.0,3.0,8.0,8.0,,,
nUp1NvgfOr,5.0,Reject,4.00,Reject,Reject,YES,0.0000,0.0000,3.0,3.0,5.0,5.0,,,
igZ5PlRB0t,5.0,Reject,3.00,Reject,Reject,YES,0.0000,0.0000,3.0,3.0,3.0,,,,
3ZDMQGQgkE,6.5,Accept,4.00,Reject,Reject,NO,0.0000,0.0000,6.0,3.0,3.0,5.0,3.0,,
GeMWhBIzrk,4.0,Reject,3.00,Reject,Reject,YES,0.0000,0.0000,3.0,3.0,3.0,3.0,,,
0rS9o1uKqu,4.0,Reject,2.50,Reject,Reject,YES,0.0000,0.0000,3.0,3.0,3.0,1.0,,,
InRaT76E2S,4.0,Reject,2.50,Reject,Reject,YES,0.0000,0.0000,3.0,3.0,1.0,3.0,,,
BECkhjcofz,4.5,Reject,3.75,Reject,Reject,YES,0.0000,0.0000,3.0,6.0,3.0,3.0,,,
ldVkAO09Km,6.5,Accept,6.50,Accept,Accept,YES,0.0000,0.0000,6.0,8.0,6.0,6.0,,,
LgfaMR6Sst,6.5,Accept,6.80,Reject,Reject,NO,0.0000,0.0000,8.0,5.0,8.0,8.0,5.0,,
nM2kuesKpC,4.0,Reject,3.00,Reject,Reject,YES,0.0000,0.0000,3.0,3.0,3.0,3.0,,,
0IaTFNJner,7.5,Accept,5.25,Reject,Reject,NO,0.0000,0.0000,5.0,5.0,5.0,6.0,,,
kT0vIJA8CT,5.0,Reject,5.00,Reject,Reject,YES,0.0000,0.0000,6.0,5.0,6.0,3.0,,,
NTNdRElwbp,4.5,Reject,5.25,Reject,Reject,YES,0.0000,0.0000,6.0,6.0,3.0,6.0,,,
USI3ZbuFaV,5.0,Reject,6.00,Accept,Accept,NO,0.0000,0.0000,6.0,6.0,6.0,6.0,,,
SctfBCLmWo,6.0,Accept,8.00,Accept,Accept,YES,0.0000,0.0000,8.0,8.0,8.0,,,,
Fzz8acgC6X,4.0,Reject,3.40,Reject,Reject,YES,0.0000,0.0000,3.0,5.0,3.0,3.0,3.0,,
gHLWTzKiZV,4.5,Reject,8.00,Accept,Accept,NO,0.0000,0.0000,8.0,6.0,8.0,8.0,10.0,,
CIs9x2ZRgh,7.0,Accept,6.75,Accept,Accept,YES,0.0000,0.0000,6.0,5.0,8.0,8.0,,,
AP779Zy70y,7.5,Accept,5.40,Reject,Reject,NO,0.0000,0.0000,6.0,5.0,5.0,5.0,6.0,,
EcDO5EXFdH,5.0,Reject,4.20,Reject,Reject,YES,0.0000,0.0000,5.0,3.0,3.0,5.0,5.0,,
j5JvZCaDM0,6.0,Reject,7.50,Accept,Accept,NO,0.0000,0.0000,8.0,6.0,8.0,8.0,,,
C9ju8QQSCv,5.5,Reject,4.75,Accept,Accept,NO,0.0000,0.0000,5.0,3.0,5.0,6.0,,,
0fJfVOSUra,7.0,Accept,7.50,Accept,Accept,YES,0.0000,0.0000,8.0,8.0,8.0,6.0,,,
OopiU1q328,3.0,Reject,2.00,Reject,Reject,YES,0.0000,0.0000,1.0,3.0,3.0,1.0,,,
rqBc4WnvUP,5.0,Reject,3.50,Reject,Reject,YES,0.0000,0.0000,5.0,3.0,3.0,3.0,,,
acDwoHrwZ8,6.0,Accept,3.00,Reject,Reject,NO,0.0000,0.0000,3.0,3.0,3.0,,,,
drovOv7IKB,4.0,Reject,5.00,Reject,Reject,YES,0.0000,0.0000,6.0,6.0,3.0,5.0,,,
57iQSl2G2Q,6.0,Weak Accept,5.00,Reject,Reject,NO,0.0000,0.0000,6.0,3.0,1.0,10.0,,,
xlrpVyMIwz,4.5,Reject,3.75,Reject,Reject,YES,0.0000,0.0000,5.0,1.0,3.0,6.0,,,
Mfnh1Sqdwf,4.0,Reject,7.50,Accept,Accept,NO,0.0000,0.0000,8.0,8.0,8.0,6.0,,,
c5pwL0Soay,7.0,Accept,7.50,Accept,Accept,YES,0.0000,0.0000,8.0,8.0,6.0,8.0,,,
S7F7IMGX4O,4.0,Reject,5.67,Reject,Reject,YES,0.0000,0.0000,6.0,5.0,6.0,,,,
i28ZjVxl81,4.5,Reject,2.50,Reject,Reject,YES,0.0000,0.0000,1.0,5.0,3.0,1.0,,,
S2oTVrlcp3,4.5,Reject,6.75,Accept,Accept,NO,0.0000,0.0000,8.0,6.0,5.0,8.0,,,
WA84oMWHaH,5.0,Reject,6.00,Accept,Accept,NO,0.0000,0.0000,6.0,6.0,6.0,,,,
Igm9bbkzHC,6.0,Accept,6.75,Accept,Accept,YES,0.0000,0.0000,8.0,8.0,3.0,8.0,,,
VAeThhoJR2,5.5,Reject,5.00,Reject,Reject,YES,0.0000,0.0000,5.0,5.0,5.0,5.0,,,
l3qtSNsPvC,5.0,Reject,7.50,Accept,Accept,NO,0.0000,0.0000,6.0,8.0,8.0,8.0,,,
NPViqdhTIi,4.0,Reject,4.75,Reject,Reject,YES,0.0000,0.0000,3.0,8.0,3.0,5.0,,,
9bMZ29SPVx,5.0,Reject,7.50,Accept,Accept,NO,0.0000,0.0000,8.0,8.0,8.0,6.0,,,
uz4QiNHB16,4.5,Reject,3.50,Reject,Reject,YES,0.0000,0.0000,3.0,3.0,3.0,5.0,,,
TJo6aQb7mK,6.5,Accept,7.60,Accept,Accept,YES,0.0000,0.0000,8.0,10.0,10.0,5.0,5.0,,
MGceYYNvXp,3.5,Reject,1.50,Reject,Reject,YES,0.0000,0.0000,3.0,1.0,1.0,1.0,,,
IORAqe04sO,3.0,Reject,2.00,Reject,Reject,YES,0.0000,0.0000,1.0,3.0,,,,,
reBq1gmlhS,4.0,Reject,4.50,Reject,Reject,YES,0.0000,0.0000,5.0,5.0,3.0,5.0,,,
b1vVm6Ldrd,6.0,Weak Accept,3.00,Reject,Reject,NO,0.0000,0.0000,3.0,3.0,3.0,3.0,3.0,,
maRYffiUpI,6.0,Weak Accept,7.00,Accept,Accept,NO,0.0000,0.0000,8.0,8.0,5.0,,,,
B5RrIFMqbe,5.0,Reject,6.50,Accept,Accept,NO,0.0000,0.0000,6.0,8.0,6.0,6.0,,,
bmrYu2Ekdz,6.0,Accept,6.50,Accept,Accept,YES,0.0000,0.0000,8.0,6.0,6.0,6.0,,,
g6iiIUvhko,4.5,Reject,5.00,Reject,Reject,YES,0.0000,0.0000,5.0,5.0,5.0,,,,
324fOKW1wO,3.5,Reject,3.33,Reject,Reject,YES,0.0000,0.0000,1.0,3.0,3.0,3.0,5.0,5.0,
di52zR8xgf,6.5,Accept,8.00,Accept,Accept,YES,0.0000,0.0000,8.0,8.0,8.0,8.0,,,
l9LWx9HMl5,5.0,Reject,4.80,Reject,Reject,YES,0.0000,0.0000,6.0,5.0,5.0,5.0,3.0,,
xjKz6IxgCX,7.0,Accept,7.00,Accept,Accept,YES,0.0000,0.0000,8.0,6.0,8.0,6.0,,,
kwqhn2VuG4,6.0,Accept,7.50,Accept,Accept,YES,0.0000,0.0000,6.0,8.0,8.0,8.0,,,
yx8bU8T5ZN,6.0,Accept,2.33,Reject,Reject,NO,0.0000,0.0000,1.0,3.0,3.0,,,,
NSefAqUM6U,4.0,Reject,3.00,Reject,Reject,YES,0.0000,0.0000,3.0,3.0,3.0,3.0,3.0,,
E3qIInyTgL,4.0,Reject,3.33,Reject,Reject,YES,0.0000,0.0000,1.0,6.0,3.0,,,,
R5FzCFR5yU,4.0,Reject,3.33,Reject,Reject,YES,0.0000,0.0000,1.0,3.0,6.0,,,,
feykAFeSfq,3.5,Reject,3.00,Reject,Reject,YES,0.0000,0.0000,3.0,3.0,3.0,3.0,,,
DUfwD5yiN4,4.5,Reject,5.25,Reject,Reject,YES,0.0000,0.0000,5.0,8.0,3.0,5.0,,,
g7ohDlTITL,7.0,Accept,8.00,Accept,Accept,YES,0.0000,0.0000,8.0,8.0,8.0,,,,
5t57omGVMw,6.5,Accept,8.00,Accept,Accept,YES,0.0000,0.0000,8.0,8.0,8.0,8.0,,,
R4q3cY3kQf,4.5,Reject,6.75,Accept,Accept,NO,0.0000,0.0000,5.0,8.0,6.0,8.0,,,
OhUoTMxFIH,4.0,Reject,5.67,Accept,Accept,NO,0.0000,0.0000,3.0,8.0,6.0,,,,
k5VHHgsRbi,6.0,Accept,6.80,Accept,Accept,YES,0.0000,0.0000,8.0,6.0,8.0,6.0,6.0,,
uqYjAQ5diD,4.0,Reject,3.00,Reject,Reject,YES,0.0000,0.0000,3.0,3.0,3.0,3.0,,,
Q5VlpYRxGF,5.5,Reject,4.33,Reject,Reject,YES,0.0000,0.0000,5.0,5.0,3.0,,,,
7DY2Nk9snh,6.5,Accept,4.75,Reject,Reject,NO,0.0000,0.0000,5.0,5.0,6.0,3.0,,,
mHF35XVjmm,6.0,Weak Accept,5.40,Reject,Reject,NO,0.0000,0.0000,6.0,5.0,6.0,5.0,5.0,,
oe51Q5Uo37,6.0,Reject,6.75,Accept,Accept,NO,0.0000,0.0000,5.0,6.0,8.0,8.0,,,
zKoUV1wHRJ,7.0,Accept,4.75,Reject,Reject,NO,0.0000,0.0000,3.0,5.0,6.0,5.0,,,
Hh0Cg4epYY,1.5,Reject,2.33,Reject,Reject,YES,0.0000,0.0000,1.0,3.0,3.0,,,,
6Gzkhoc6YS,7.0,Accept,6.67,Accept,Accept,YES,0.0000,0.0000,6.0,6.0,8.0,,,,
AeGrf1uY0p,6.0,Accept,4.75,Reject,Reject,NO,0.0000,0.0000,3.0,8.0,3.0,5.0,,,
GLuzjuG0lo,5.0,Reject,3.00,Reject,Reject,YES,0.0000,0.0000,3.0,3.0,3.0,3.0,,,
kxLMnvnZv0,4.0,Reject,4.75,Reject,Reject,YES,0.0000,0.0000,3.0,6.0,5.0,5.0,,,
bKswCSYkKq,4.0,Reject,3.00,Reject,Reject,YES,0.0000,0.0000,3.0,3.0,3.0,3.0,,,
SG1R2H3fa1,6.5,Accept,7.50,Accept,Accept,YES,0.0000,0.0000,8.0,6.0,8.0,8.0,,,
Xo0Q1N7CGk,-100.0,Error,8.00,Accept,Accept,NO,0.0000,0.0000,8.0,8.0,8.0,8.0,,,
AnuHbhwv9Q,5.5,Reject,6.25,Reject,Reject,YES,0.0000,0.0000,6.0,6.0,5.0,8.0,,,
jK5r1HBfym,5.0,Reject,4.00,Reject,Reject,YES,0.0000,0.0000,5.0,5.0,3.0,3.0,,,
1kFDrYCuSu,5.0,Reject,6.67,Accept,Accept,NO,0.0000,0.0000,6.0,8.0,6.0,,,,
n2NidsYDop,6.0,Accept,8.67,Accept,Accept,YES,0.0000,0.0000,10.0,8.0,8.0,,,,
8EtSBX41mt,7.0,Accept,6.67,Accept,Accept,YES,0.0000,0.0000,6.0,8.0,6.0,,,,
xqEeGja6zq,5.0,Reject,5.50,Reject,Reject,YES,0.0000,0.0000,8.0,3.0,8.0,3.0,,,
2LhCPowI6i,4.0,Reject,2.33,Reject,Reject,YES,0.0000,0.0000,3.0,3.0,1.0,,,,
9MNzHTSDgh,5.0,Reject,5.20,Reject,Reject,YES,0.0000,0.0000,8.0,5.0,5.0,3.0,5.0,,
5UKrnKuspb,6.0,Accept,8.00,Accept,Accept,YES,0.0000,0.0000,8.0,6.0,10.0,8.0,,,
fEEbTDoecM,5.0,Reject,5.20,Reject,Reject,YES,0.0000,0.0000,5.0,5.0,6.0,5.0,5.0,,
8QTpYC4smR,1.5,Reject,1.00,Reject,Reject,YES,0.0000,0.0000,1.0,1.0,1.0,1.0,,,
BWU6Xl1nD3,6.5,Accept,6.00,Reject,Reject,NO,0.0000,0.0000,6.0,5.0,8.0,5.0,,,
5Y9NT6lW21,4.5,Reject,7.00,Accept,Accept,NO,0.0000,0.0000,6.0,6.0,8.0,8.0,,,
uTqnyF0JNR,7.0,Accept,7.33,Accept,Accept,YES,0.0000,0.0000,8.0,8.0,6.0,,,,
C9BA0T3xhq,2.5,Reject,2.00,Reject,Reject,YES,0.0000,0.0000,1.0,3.0,1.0,3.0,,,
gU58d5QeGv,5.0,Reject,8.00,Accept,Accept,NO,0.0000,0.0000,8.0,8.0,8.0,8.0,,,
i8IwcQBi74,6.5,Accept,6.75,Accept,Accept,YES,0.0000,0.0000,5.0,6.0,8.0,8.0,,,
NW2s5XXwXU,6.0,Accept,6.00,Accept,Accept,YES,0.0000,0.0000,6.0,6.0,6.0,,,,
wJGXiHQwpZ,3.5,Reject,5.33,Reject,Reject,YES,0.0000,0.0000,8.0,3.0,5.0,,,,
ZHTYtXijEn,4.5,Reject,2.33,Reject,Reject,YES,0.0000,0.0000,3.0,3.0,1.0,,,,
eSr9iK1z8n,4.0,Reject,4.33,Reject,Reject,YES,0.0000,0.0000,3.0,5.0,5.0,,,,
6tDPefQyvB,4.5,Reject,5.00,Reject,Reject,YES,0.0000,0.0000,6.0,3.0,6.0,5.0,,,
oEzY6fRUMH,4.5,Reject,4.75,Reject,Reject,YES,0.0000,0.0000,3.0,5.0,8.0,3.0,,,
OIvg3MqWX2,7.0,Accept,8.00,Accept,Accept,YES,0.0000,0.0000,8.0,10.0,6.0,8.0,,,
YwzxpZW3p7,5.0,Reject,5.50,Accept,Accept,NO,0.0000,0.0000,3.0,8.0,6.0,5.0,,,
zkMRmW3gcT,6.0,Accept,4.80,Reject,Reject,NO,0.0000,0.0000,5.0,5.0,3.0,6.0,5.0,,
X1OfiRYCLn,5.5,Reject,7.50,Accept,Accept,NO,0.0000,0.0000,8.0,8.0,8.0,6.0,,,
G7sIFXugTX,4.0,Reject,4.00,Accept,Accept,NO,0.0000,0.0000,3.0,5.0,5.0,3.0,,,
gLtHsY0zCC,4.5,Reject,3.50,Reject,Reject,YES,0.0000,0.0000,5.0,3.0,3.0,3.0,,,
AD5yx2xq8R,4.0,Reject,5.75,Accept,Accept,NO,0.0000,0.0000,3.0,6.0,8.0,6.0,,,
0yVP49SDg0,4.5,Reject,3.25,Reject,Reject,YES,0.0000,0.0000,6.0,1.0,3.0,3.0,,,
MOviNImhfq,5.0,Reject,4.75,Reject,Reject,YES,0.0000,0.0000,5.0,3.0,8.0,3.0,,,
tjn2YZSHUv,5.5,Reject,6.75,Accept,Accept,NO,0.0000,0.0000,6.0,8.0,8.0,5.0,,,
82VzAtBZGk,5.0,Reject,3.75,Reject,Reject,YES,0.0000,0.0000,3.0,6.0,3.0,3.0,,,
KK29oh8jZs,4.0,Reject,3.00,Reject,Reject,YES,0.0000,0.0000,3.0,5.0,3.0,1.0,,,
NJ6nyv3XWH,4.0,Reject,3.00,Reject,Reject,YES,0.0000,0.0000,3.0,3.0,3.0,3.0,,,
4KqkizXgXU,5.0,Reject,8.00,Accept,Accept,NO,0.0000,0.0000,8.0,8.0,8.0,8.0,,,
YXRyYkb1im,5.0,Reject,6.67,Accept,Accept,NO,0.0000,0.0000,8.0,6.0,6.0,,,,
ZU42Wrcqfm,5.5,Weak Accept,5.75,Reject,Reject,NO,0.0000,0.0000,5.0,8.0,5.0,5.0,,,
07yvxWDSla,6.0,Accept,8.00,Accept,Accept,YES,0.0000,0.0000,8.0,8.0,8.0,8.0,,,
kxD2LlPr40,7.0,Accept,6.50,Accept,Accept,YES,0.0000,0.0000,6.0,6.0,8.0,6.0,,,
vSh5ePa0ph,7.0,Accept,6.75,Accept,Accept,YES,0.0000,0.0000,5.0,8.0,8.0,6.0,,,
1CRu6bGx25,4.5,Reject,3.67,Reject,Reject,YES,0.0000,0.0000,3.0,5.0,3.0,,,,
J5s6EG6ual,4.5,Reject,3.00,Reject,Reject,YES,0.0000,0.0000,1.0,3.0,5.0,,,,
V7PYbRzD0h,5.0,Reject,5.33,Reject,Reject,YES,0.0000,0.0000,6.0,5.0,5.0,,,,
zaxyuX8eqw,6.5,Accept,3.40,Reject,Reject,NO,0.0000,0.0000,3.0,3.0,5.0,3.0,3.0,,
x3LxHdZX0f,6.0,Accept,5.00,Reject,Reject,NO,0.0000,0.0000,5.0,6.0,3.0,6.0,,,
aj87NEVSiO,-100.0,Error,3.67,Reject,Reject,NO,0.0000,0.0000,5.0,3.0,3.0,,,,
PQrkWvQSL0,4.0,Reject,2.50,Reject,Reject,YES,0.0000,0.0000,3.0,3.0,3.0,1.0,,,
3jRzJVf3OQ,3.0,Reject,4.50,Reject,Reject,YES,0.0000,0.0000,6.0,3.0,6.0,3.0,,,
EOPLy80bBm,5.5,Reject,3.00,Reject,Reject,YES,0.0000,0.0000,3.0,3.0,3.0,3.0,,,
Sfct4aXXcw,6.0,Borderline Accept,4.75,Reject,Reject,NO,0.0000,0.0000,5.0,6.0,3.0,5.0,,,
mlPTNEIsgb,5.0,Reject,3.25,Reject,Reject,YES,0.0000,0.0000,1.0,6.0,5.0,1.0,,,
i28ZjVxl81,3.5,Reject,2.50,Reject,Reject,YES,0.0000,0.0000,1.0,5.0,3.0,1.0,,,
VyWv7GSh5i,6.0,Accept,2.75,Reject,Reject,NO,0.0000,0.0000,3.0,6.0,1.0,1.0,,,
t5mpbfpZuF,3.5,Reject,3.50,Reject,Reject,YES,0.0000,0.0000,3.0,5.0,3.0,3.0,,,
SI6zocV2SS,2.5,Reject,1.50,Reject,Reject,YES,0.0000,0.0000,1.0,1.0,1.0,3.0,,,
gpKEDj9Dgg,1.5,Reject,2.00,Reject,Reject,YES,0.0000,0.0000,1.0,1.0,5.0,1.0,,,
ikwEDva1JZ,7.0,Accept,6.50,Accept,Accept,YES,0.0000,0.0000,6.0,6.0,8.0,6.0,,,
6PmJoRfdaK,6.5,Accept,7.00,Accept,Accept,YES,0.0000,0.0000,6.0,8.0,8.0,6.0,,,
eRAXvtP0gA,3.0,Reject,2.50,Reject,Reject,YES,0.0000,0.0000,5.0,3.0,1.0,1.0,,,
ZXO7iURZfW,5.5,Reject,5.25,Reject,Reject,YES,0.0000,0.0000,5.0,6.0,5.0,5.0,,,
uHLgDEgiS5,6.0,Reject,8.00,Accept,Accept,NO,0.0000,0.0000,8.0,8.0,8.0,8.0,,,
8e9KpZyksc,6.0,Accept,4.33,Reject,Reject,NO,0.0000,0.0000,5.0,5.0,3.0,,,,
b3l0piOrGU,7.5,Accept,4.50,Accept,Accept,YES,0.0000,0.0000,6.0,8.0,1.0,3.0,,,
ZyAwBqJ9aP,4.0,Reject,2.00,Reject,Reject,YES,0.0000,0.0000,1.0,3.0,1.0,3.0,,,
6akuzEqP38,5.0,Reject,5.75,Reject,Reject,YES,0.0000,0.0000,5.0,5.0,8.0,5.0,,,
cJ7XuW5JaH,4.5,Reject,5.67,Reject,Reject,YES,0.0000,0.0000,6.0,5.0,6.0,,,,
uffmkDtlR2,5.0,Reject,2.60,Reject,Reject,YES,0.0000,0.0000,5.0,3.0,1.0,1.0,3.0,,
HDmmwwTIlf,1.5,Reject,2.50,Reject,Reject,YES,0.0000,0.0000,3.0,1.0,3.0,3.0,,,
Xk9Q0CrJQc,5.0,Reject,6.25,Reject,Reject,YES,0.0000,0.0000,6.0,5.0,6.0,8.0,,,
phWflQbLhu,6.0,Accept,4.50,Reject,Reject,NO,0.0000,0.0000,3.0,5.0,5.0,5.0,,,
ntPHPguG1o,4.5,Reject,3.50,Reject,Reject,YES,0.0000,0.0000,3.0,3.0,5.0,3.0,,,
5cYTAcZAgt,5.0,Reject,5.67,Reject,Reject,YES,0.0000,0.0000,6.0,6.0,5.0,,,,
LRPzo4jixx,5.5,Reject,3.50,Reject,Reject,YES,0.0000,0.0000,5.0,3.0,3.0,3.0,,,
EjHtQlKEzV,5.0,Reject,4.50,Reject,Reject,YES,0.0000,0.0000,6.0,3.0,6.0,3.0,,,
XtXa6hoNrU,5.0,Reject,3.50,Reject,Reject,YES,0.0000,0.0000,3.0,5.0,3.0,3.0,,,
YvKJGYL4j7,7.0,Accept,6.25,Accept,Accept,YES,0.0000,0.0000,8.0,8.0,6.0,3.0,,,
dWsBrgaNzU,6.0,Reject,4.20,Reject,Reject,YES,0.0000,0.0000,5.0,3.0,3.0,5.0,5.0,,
lzdFImKK8w,6.5,Accept,7.50,Accept,Accept,YES,0.0000,0.0000,6.0,10.0,6.0,8.0,,,
ZGkfoufDaU,7.0,Accept,7.50,Accept,Accept,YES,0.0000,0.0000,8.0,6.0,8.0,8.0,,,
sMwYn2lZjO,5.0,Reject,4.60,Reject,Reject,YES,0.0000,0.0000,6.0,3.0,6.0,3.0,5.0,,
gwDuW7Ok5f,6.0,Reject,6.80,Accept,Accept,NO,0.0000,0.0000,8.0,8.0,8.0,5.0,5.0,,
bH6T0Jjw5y,7.5,Accept,8.00,Accept,Accept,YES,0.0000,0.0000,8.0,8.0,8.0,,,,
NlY3XppPt3,2.0,Reject,2.00,Reject,Reject,YES,0.0000,0.0000,3.0,1.0,1.0,3.0,,,
rfeksadZox,5.5,Reject,5.67,Accept,Accept,NO,0.0000,0.0000,6.0,6.0,5.0,,,,
6xfe4IVcOu,6.0,Reject,7.00,Accept,Accept,NO,0.0000,0.0000,8.0,8.0,6.0,6.0,,,
Y1XkzMJpPd,5.0,Reject,6.75,Accept,Accept,NO,0.0000,0.0000,3.0,8.0,8.0,8.0,,,
yGdoTL9g18,5.0,Reject,3.00,Reject,Reject,YES,0.0000,0.0000,3.0,3.0,3.0,3.0,,,
FhQSGhBlqv,5.5,Reject,7.50,Accept,Accept,NO,0.0000,0.0000,8.0,8.0,6.0,8.0,,,
LuytzzohTa,5.0,Reject,5.60,Reject,Reject,YES,0.0000,0.0000,5.0,5.0,5.0,5.0,8.0,,
jxpsAj7ltE,8.0,Accept,7.50,Accept,Accept,YES,0.0000,0.0000,6.0,8.0,8.0,8.0,,,
9Qfja4ZQW0,-100.0,Error,4.80,Reject,Reject,NO,0.0000,0.0000,3.0,3.0,8.0,5.0,5.0,,
swvURjrt8z,7.0,Accept,6.00,Accept,Accept,YES,0.0000,0.0000,6.0,6.0,6.0,6.0,6.0,,
OlzB6LnXcS,7.5,Accept,8.00,Accept,Accept,YES,0.0000,0.0000,8.0,8.0,8.0,8.0,,,
4Sv5MQ931E,5.0,Reject,5.00,Reject,Reject,YES,0.0000,0.0000,5.0,3.0,6.0,6.0,,,
mzxKLZNbrQ,5.0,Reject,5.50,Reject,Reject,YES,0.0000,0.0000,6.0,8.0,5.0,3.0,,,
rYyu3jpk8z,5.5,Reject,4.80,Reject,Reject,YES,0.0000,0.0000,3.0,5.0,6.0,5.0,5.0,,
gpKEDj9Dgg,1.0,Reject,2.00,Reject,Reject,YES,0.0000,0.0000,1.0,1.0,5.0,1.0,,,
eimzz4T1wo,5.0,Reject,4.75,Reject,Reject,YES,0.0000,0.0000,5.0,8.0,3.0,3.0,,,
meRCKuUpmc,5.5,Reject,7.50,Accept,Accept,NO,0.0000,0.0000,8.0,8.0,8.0,6.0,,,
EbxYDBhE3S,8.0,Accept,6.00,Accept,Accept,YES,0.0000,0.0000,6.0,6.0,6.0,6.0,,,
ltZ9ianMth,5.5,Reject,5.50,Accept,Accept,NO,0.0000,0.0000,6.0,5.0,5.0,6.0,,,
39cPKijBed,5.5,Reject,6.00,Accept,Accept,NO,0.0000,0.0000,5.0,8.0,5.0,6.0,,,
i8vPRlsrYu,6.0,Accept,7.00,Accept,Accept,YES,0.0000,0.0000,8.0,6.0,8.0,6.0,,,
wJVZkUOUjh,4.0,Reject,2.00,Reject,Reject,YES,0.0000,0.0000,3.0,1.0,3.0,1.0,,,
EmQSOi1X2f,5.0,Reject,6.00,Accept,Accept,NO,0.0000,0.0000,6.0,6.0,6.0,,,,
WYsLU5TEEo,4.0,Reject,2.50,Reject,Reject,YES,0.0000,0.0000,3.0,1.0,3.0,3.0,,,
dOAkHmsjRX,7.5,Accept,7.50,Accept,Accept,YES,0.0000,0.0000,8.0,8.0,6.0,8.0,,,
exgLs4snap,6.0,Accept,7.00,Accept,Accept,YES,0.0000,0.0000,6.0,8.0,8.0,6.0,,,
o4TyewNBIB,5.5,Reject,5.25,Reject,Reject,YES,0.0000,0.0000,3.0,6.0,6.0,6.0,,,
IOp3Qgep9V,4.5,Reject,3.00,Reject,Reject,YES,0.0000,0.0000,3.0,1.0,3.0,5.0,,,
sruGNQHd7t,4.0,Reject,3.00,Reject,Reject,YES,0.0000,0.0000,3.0,5.0,1.0,,,,
I5S1a1NKxo,6.0,Accept,5.00,Reject,Reject,NO,0.0000,0.0000,5.0,6.0,3.0,6.0,,,
GicZtgSlJW,5.0,Accept,5.00,Reject,Reject,NO,0.0000,0.0000,3.0,3.0,6.0,8.0,,,
lZRRfupxYn,3.5,Reject,3.00,Reject,Reject,YES,0.0000,0.0000,3.0,3.0,3.0,,,,
TeVAZXr3yv,6.0,Accept,7.50,Accept,Accept,YES,0.0000,0.0000,8.0,8.0,8.0,6.0,,,
wYVP4g8Low,3.0,Reject,3.00,Reject,Reject,YES,0.0000,0.0000,5.0,1.0,3.0,3.0,,,
KLTqeiI7w0,5.0,Reject,3.75,Reject,Reject,YES,0.0000,0.0000,3.0,6.0,3.0,3.0,,,
nGiGXLnKhl,6.0,Accept,8.00,Accept,Accept,YES,0.0000,0.0000,8.0,8.0,8.0,,,,
iuxaCU3DI7,6.0,Accept,7.50,Accept,Accept,YES,0.0000,0.0000,8.0,8.0,8.0,6.0,,,
IL71c1z7et,4.0,Reject,7.00,Accept,Accept,NO,0.0000,0.0000,8.0,5.0,8.0,,,,
EHKS0oXuku,4.5,Reject,3.80,Reject,Reject,YES,0.0000,0.0000,3.0,3.0,5.0,5.0,3.0,,
jsWCmrsHHs,5.5,Reject,7.50,Accept,Accept,NO,0.0000,0.0000,6.0,8.0,8.0,8.0,,,
Zi1QNJKXAD,6.5,Accept,3.20,Reject,Reject,NO,0.0000,0.0000,3.0,1.0,3.0,3.0,6.0,,
EWKPEtwjTy,4.5,Reject,2.50,Reject,Reject,YES,0.0000,0.0000,3.0,1.0,3.0,3.0,,,
zgM66fu0wv,5.5,Reject,2.50,Reject,Reject,YES,0.0000,0.0000,1.0,3.0,3.0,3.0,,,
89XNDtqhpL,7.0,Accept,6.00,Reject,Reject,NO,0.0000,0.0000,5.0,6.0,5.0,8.0,,,
34STseLBrQ,5.0,Reject,7.25,Accept,Accept,NO,0.0000,0.0000,5.0,8.0,8.0,8.0,,,
6PbvbLyqT6,5.0,Reject,8.00,Accept,Accept,NO,0.0000,0.0000,8.0,8.0,8.0,8.0,,,
7DY2DFDT0T,4.5,Reject,2.50,Reject,Reject,YES,0.0000,0.0000,3.0,3.0,1.0,3.0,,,
cHy00K3Och,4.5,Reject,2.50,Reject,Reject,YES,0.0000,0.0000,1.0,3.0,3.0,3.0,,,
E4hK8t7Fts,6.0,Accept,3.00,Reject,Reject,NO,0.0000,0.0000,3.0,3.0,3.0,,,,
BkeJro1xps,4.5,Reject,4.25,Reject,Reject,YES,0.0000,0.0000,3.0,8.0,3.0,3.0,,,
aHSoKImhc2,5.5,Reject,4.00,Reject,Reject,YES,0.0000,0.0000,5.0,5.0,3.0,3.0,,,
H49g8rRIiF,6.0,Accept,5.00,Reject,Reject,NO,0.0000,0.0000,5.0,5.0,5.0,,,,
ZxsKRuP0o8,1.0,Reject,2.50,Reject,Reject,YES,0.0000,0.0000,3.0,3.0,3.0,1.0,,,
P0eEalHM5h,4.0,Reject,3.40,Reject,Reject,YES,0.0000,0.0000,3.0,3.0,3.0,5.0,3.0,,
kFsWpSxkFz,6.0,Accept,7.50,Accept,Accept,YES,0.0000,0.0000,8.0,6.0,8.0,8.0,,,
0h6v4SpLCY,6.5,Accept,7.33,Accept,Accept,YES,0.0000,0.0000,8.0,6.0,8.0,,,,
zONMuIVCAT,6.0,Accept,7.00,Accept,Accept,YES,0.0000,0.0000,8.0,8.0,6.0,6.0,,,
kIP0duasBb,6.0,Accept,6.67,Accept,Accept,YES,0.0000,0.0000,6.0,6.0,8.0,,,,
hlvLM3GX8R,5.0,Reject,5.33,Accept,Accept,NO,0.0000,0.0000,5.0,5.0,6.0,,,,
okD9dbifxa,6.0,Accept,5.83,Reject,Reject,NO,0.0000,0.0000,5.0,6.0,5.0,8.0,6.0,5.0,
33P4evE2ej,4.0,Reject,4.75,Reject,Reject,YES,0.0000,0.0000,5.0,6.0,5.0,3.0,,,
iTrd5xyHLP,5.0,Reject,3.40,Reject,Reject,YES,0.0000,0.0000,3.0,3.0,3.0,5.0,3.0,,
5GZuEZDmUE,4.0,Reject,5.25,Reject,Reject,YES,0.0000,0.0000,6.0,3.0,6.0,6.0,,,
WwQdcQROmb,4.0,Reject,4.00,Reject,Reject,YES,0.0000,0.0000,5.0,3.0,5.0,3.0,,,
uVMZgtw2pf,4.5,Reject,4.67,Reject,Reject,YES,0.0000,0.0000,6.0,3.0,5.0,,,,
z7PhIgVmZU,5.0,Reject,5.50,Reject,Reject,YES,0.0000,0.0000,3.0,8.0,5.0,6.0,,,
SNsdlEp3Ne,-100.0,Error,5.00,Reject,Reject,NO,0.0000,0.0000,5.0,5.0,5.0,,,,
2aebB2mf0q,4.5,Reject,3.00,Reject,Reject,YES,0.0000,0.0000,3.0,5.0,1.0,,,,
pK4Z6NZ2DB,4.5,Reject,5.20,Reject,Reject,YES,0.0000,0.0000,3.0,5.0,8.0,5.0,5.0,,
xA25Ib7H8U,4.0,Reject,2.33,Reject,Reject,YES,0.0000,0.0000,1.0,3.0,3.0,,,,
pzElnMrgSD,5.5,Accept,7.50,Accept,Accept,YES,0.0000,0.0000,8.0,8.0,8.0,6.0,,,
F4meTCwlxZ,4.0,Reject,5.00,Reject,Reject,YES,0.0000,0.0000,3.0,5.0,5.0,6.0,6.0,,
JfqN3gu0i7,5.0,Reject,5.50,Accept,Accept,NO,0.0000,0.0000,6.0,5.0,6.0,5.0,,,
SrnTGdJKYG,5.5,Reject,3.00,Reject,Reject,YES,0.0000,0.0000,3.0,3.0,3.0,3.0,,,
iP8ig954Uz,5.5,Reject,5.33,Reject,Reject,YES,0.0000,0.0000,5.0,6.0,5.0,,,,
GLuzjuG0lo,4.0,Reject,3.00,Reject,Reject,YES,0.0000,0.0000,3.0,3.0,3.0,3.0,,,
jmN1zXMq0O,7.0,Accept,6.50,Accept,Accept,YES,0.0000,0.0000,8.0,6.0,6.0,6.0,,,
kC5nZDU5zf,6.0,Accept,7.50,Accept,Accept,YES,0.0000,0.0000,8.0,8.0,8.0,6.0,,,
OlzB6LnXcS,7.5,Accept,8.00,Accept,Accept,YES,0.0000,0.0000,8.0,8.0,8.0,8.0,,,
HnhNRrLPwm,5.0,Reject,8.00,Accept,Accept,NO,0.0000,0.0000,8.0,8.0,8.0,,,,
DJSZGGZYVi,7.0,Accept,9.00,Accept,Accept,YES,0.0000,0.0000,10.0,8.0,10.0,8.0,8.0,10.0,
BSBZCa6N3E,7.5,Accept,5.00,Reject,Reject,NO,0.0000,0.0000,3.0,6.0,5.0,6.0,,,
x3l0fQubOn,4.0,Reject,2.50,Reject,Reject,YES,0.0000,0.0000,3.0,3.0,1.0,3.0,,,
8J2DrrWDKE,5.0,Reject,6.67,Accept,Accept,NO,0.0000,0.0000,8.0,6.0,6.0,,,,
wCOJpXm0Me,4.0,Reject,6.25,Accept,Accept,NO,0.0000,0.0000,6.0,5.0,8.0,6.0,,,
4ub9gpx9xw,5.0,Reject,7.50,Accept,Accept,NO,0.0000,0.0000,6.0,8.0,8.0,8.0,,,
hoYFLRNbhc,5.0,Reject,6.50,Accept,Accept,NO,0.0000,0.0000,8.0,6.0,6.0,6.0,,,
py3RTHNT6J,4.5,Reject,2.20,Reject,Reject,YES,0.0000,0.0000,3.0,3.0,3.0,1.0,1.0,,
0aTIvSJ83I,5.0,Reject,3.00,Reject,Reject,YES,0.0000,0.0000,3.0,3.0,3.0,3.0,,,
gGElk5T8sD,5.0,Reject,3.75,Reject,Reject,YES,0.0000,0.0000,6.0,3.0,3.0,3.0,,,
MxHgnYbxly,7.0,Accept,5.67,Reject,Reject,NO,0.0000,0.0000,8.0,3.0,6.0,,,,
Hh0Cg4epYY,2.0,Reject,2.33,Reject,Reject,YES,0.0000,0.0000,1.0,3.0,3.0,,,,
i25WJWnsmq,4.0,Reject,3.00,Reject,Reject,YES,0.0000,0.0000,3.0,3.0,3.0,,,,
DYVSLfiyRN,6.0,Accept,4.00,Reject,Reject,NO,0.0000,0.0000,5.0,3.0,3.0,5.0,,,
itrOA1adPn,6.5,Accept,4.25,Reject,Reject,NO,0.0000,0.0000,3.0,5.0,3.0,6.0,,,
QC2qE1tcmd,5.0,Reject,6.80,Accept,Accept,NO,0.0000,0.0000,8.0,8.0,6.0,6.0,6.0,,
P7KIGdgW8S,7.5,Accept,8.00,Accept,Accept,YES,0.0000,0.0000,8.0,8.0,8.0,8.0,,,
x3F8oPxKV2,6.5,Weak Accept,6.25,Reject,Reject,NO,0.0000,0.0000,8.0,6.0,5.0,6.0,,,
tZP4Uyql0r,2.0,Reject,2.33,Reject,Reject,YES,0.0000,0.0000,1.0,3.0,3.0,,,,
xpmDc76RN2,4.5,Reject,2.33,Reject,Reject,YES,0.0000,0.0000,3.0,1.0,3.0,,,,
A0W7VCSQev,5.5,Accept,4.75,Reject,Reject,NO,0.0000,0.0000,3.0,5.0,6.0,5.0,,,
EcrdmRT99M,5.0,Reject,5.75,Accept,Accept,NO,0.0000,0.0000,6.0,6.0,5.0,6.0,,,
LWuYsSD94h,5.0,Weak Accept,6.00,Accept,Accept,NO,0.0000,0.0000,6.0,6.0,6.0,6.0,,,
eev4PHiMir,5.0,Reject,4.20,Reject,Reject,YES,0.0000,0.0000,3.0,6.0,6.0,3.0,3.0,,
E2CR6hmV1I,4.5,Reject,3.00,Reject,Reject,YES,0.0000,0.0000,3.0,3.0,3.0,3.0,,,
PdTe8S0Mkl,5.0,Reject,3.00,Reject,Reject,YES,0.0000,0.0000,1.0,5.0,3.0,3.0,,,
2bF381xEke,5.0,Reject,3.00,Reject,Reject,YES,0.0000,0.0000,3.0,3.0,3.0,3.0,,,
n9CqhWGK4o,4.0,Reject,2.50,Reject,Reject,YES,0.0000,0.0000,3.0,1.0,3.0,3.0,,,
v3XabZsB7j,3.0,Reject,2.00,Reject,Reject,YES,0.0000,0.0000,1.0,3.0,1.0,3.0,,,
cSHBZ4U9eO,4.5,Reject,5.00,Reject,Reject,YES,0.0000,0.0000,6.0,6.0,5.0,3.0,,,
pISLZG7ktL,7.0,Accept,8.00,Accept,Accept,YES,0.0000,0.0000,8.0,8.0,8.0,8.0,,,
UYqssWc7TC,5.0,Reject,3.67,Reject,Reject,YES,0.0000,0.0000,5.0,3.0,3.0,,,,
cnKhHxN3xj,5.0,Reject,7.50,Accept,Accept,NO,0.0000,0.0000,8.0,8.0,6.0,8.0,,,
c4w1TqcSi0,5.5,Reject,5.50,Reject,Reject,YES,0.0000,0.0000,6.0,5.0,5.0,6.0,,,
aXwukBD6M6,-100.0,Error,6.50,Accept,Accept,NO,0.0000,0.0000,8.0,6.0,6.0,6.0,,,
R3Tf7LDdX4,6.0,Reject,6.00,Accept,Accept,NO,0.0000,0.0000,6.0,6.0,6.0,6.0,,,
uxFme785fq,3.5,Reject,2.50,Reject,Reject,YES,0.0000,0.0000,3.0,3.0,1.0,3.0,,,
w9bWY6LvrW,7.0,Accept,5.20,Reject,Reject,NO,0.0000,0.0000,5.0,5.0,6.0,5.0,5.0,,
2IBdk8cUdC,5.0,Reject,4.50,Reject,Reject,YES,0.0000,0.0000,5.0,5.0,5.0,3.0,,,
y5einmJ0Yx,3.5,Reject,7.50,Accept,Accept,NO,0.0000,0.0000,6.0,8.0,8.0,8.0,,,
Ey8KcabBpB,4.5,Reject,6.75,Accept,Accept,NO,0.0000,0.0000,6.0,8.0,8.0,5.0,,,
EV7FMBZxnx,5.0,Reject,6.00,Accept,Accept,NO,0.0000,0.0000,6.0,6.0,6.0,,,,
J7ioefqDPw,7.5,Accept,6.75,Accept,Accept,YES,0.0000,0.0000,8.0,5.0,8.0,6.0,,,
ZXaocmXc6d,6.0,Accept,6.67,Accept,Accept,YES,0.0000,0.0000,6.0,6.0,8.0,,,,
zdKgyC2vnQ,5.5,Reject,4.33,Reject,Reject,YES,0.0000,0.0000,5.0,3.0,5.0,,,,
6Mdvq0bPyG,5.0,Reject,3.00,Reject,Reject,YES,0.0000,0.0000,3.0,3.0,3.0,,,,
9KNnSvUxLl,4.0,Reject,3.75,Reject,Reject,YES,0.0000,0.0000,3.0,3.0,3.0,6.0,,,
BECkhjcofz,5.0,Reject,3.75,Reject,Reject,YES,0.0000,0.0000,3.0,6.0,3.0,3.0,,,
xJ5CF1aOOX,1.0,Reject,2.50,Reject,Reject,YES,0.0000,0.0000,3.0,3.0,3.0,1.0,,,
Hz4BYVY8YM,6.0,Accept,7.50,Accept,Accept,YES,0.0000,0.0000,6.0,8.0,8.0,8.0,,,
6DHIkLv5i3,5.0,Reject,6.00,Accept,Accept,NO,0.0000,0.0000,5.0,3.0,8.0,8.0,,,
shgx0eqdw6,4.0,Reject,7.00,Accept,Accept,NO,0.0000,0.0000,8.0,6.0,8.0,6.0,,,
XQFSIdKMhJ,3.0,Reject,2.50,Reject,Reject,YES,0.0000,0.0000,3.0,3.0,1.0,3.0,,,
tXUkT709OJ,4.5,Reject,5.67,Accept,Accept,NO,0.0000,0.0000,6.0,5.0,6.0,,,,
DCg9r2DKKe,4.0,Reject,2.50,Reject,Reject,YES,0.0000,0.0000,3.0,3.0,3.0,1.0,,,
eR4W9tnJoZ,3.0,Reject,2.50,Reject,Reject,YES,0.0000,0.0000,3.0,1.0,3.0,3.0,,,
uiBLOcyTIA,4.5,Reject,5.25,Reject,Reject,YES,0.0000,0.0000,5.0,6.0,5.0,5.0,,,
iIT02bAKzv,7.0,Accept,5.50,Accept,Accept,YES,0.0000,0.0000,5.0,6.0,6.0,5.0,,,
hrMNbdxcqL,4.0,Reject,3.00,Reject,Reject,YES,0.0000,0.0000,3.0,3.0,3.0,3.0,,,
DpFeMH4l8Q,6.0,Accept,5.67,Accept,Accept,YES,0.0000,0.0000,6.0,5.0,6.0,,,,
P4o9akekdf,6.5,Accept,8.00,Accept,Accept,YES,0.0000,0.0000,8.0,8.0,8.0,,,,
xy9yv5siYQ,4.5,Reject,5.25,Reject,Reject,YES,0.0000,0.0000,8.0,5.0,3.0,5.0,,,
Jw63fvX3QB,6.5,Accept,4.50,Reject,Reject,NO,0.0000,0.0000,5.0,5.0,3.0,5.0,,,
44cMlQSreK,5.0,Reject,7.20,Accept,Accept,NO,0.0000,0.0000,8.0,6.0,6.0,8.0,8.0,,
92KV9xAMhF,5.0,Accept,6.75,Accept,Accept,YES,0.0000,0.0000,8.0,8.0,5.0,6.0,,,
taHwqSrbrb,6.5,Accept,5.50,Accept,Accept,YES,0.0000,0.0000,6.0,8.0,5.0,3.0,,,
Ij9ilPh36h,6.5,Accept,6.25,Accept,Accept,YES,0.0000,0.0000,6.0,8.0,5.0,6.0,,,
uffmkDtlR2,7.0,Accept,2.60,Reject,Reject,NO,0.0000,0.0000,5.0,3.0,1.0,1.0,3.0,,
FTpdQBoBd0,5.0,Reject,3.00,Reject,Reject,YES,0.0000,0.0000,3.0,3.0,3.0,3.0,,,
IYxDy2jDFL,5.0,Reject,7.20,Accept,Accept,NO,0.0000,0.0000,8.0,6.0,6.0,8.0,8.0,,
OZVTqoli2N,6.0,Accept,7.50,Accept,Accept,YES,0.0000,0.0000,8.0,8.0,8.0,6.0,,,
u8y7wYYs2D,4.5,Reject,4.75,Reject,Reject,YES,0.0000,0.0000,3.0,6.0,5.0,5.0,,,
7gUrYE50Rb,5.5,Reject,8.00,Accept,Accept,NO,0.0000,0.0000,8.0,8.0,8.0,8.0,,,
Nq7yKYL0Bp,5.0,Reject,6.33,Accept,Accept,NO,0.0000,0.0000,8.0,5.0,6.0,,,,
agPpmEgf8C,5.0,Reject,8.00,Accept,Accept,NO,0.0000,0.0000,8.0,8.0,8.0,,,,
9h45qxXEx0,5.0,Reject,6.75,Accept,Accept,NO,0.0000,0.0000,8.0,8.0,6.0,5.0,,,
vc1i3a4O99,5.5,Accept,5.00,Reject,Reject,NO,0.0000,0.0000,6.0,6.0,3.0,5.0,,,
syThiTmWWm,7.5,Accept,7.75,Accept,Accept,YES,0.0000,0.0000,8.0,10.0,10.0,8.0,6.0,6.0,
W4djmqKZC6,4.0,Reject,3.00,Reject,Reject,YES,0.0000,0.0000,3.0,3.0,3.0,3.0,3.0,,
fgaNjiijS1,5.5,Accept,7.00,Reject,Reject,NO,0.0000,0.0000,8.0,6.0,6.0,8.0,,,
jp4pxKqCRW,2.0,Reject,2.50,Reject,Reject,YES,0.0000,0.0000,3.0,3.0,3.0,1.0,,,
8Agcic0csh,4.5,Reject,4.40,Reject,Reject,YES,0.0000,0.0000,5.0,3.0,8.0,3.0,3.0,,
ArJikvI6xo,3.5,Reject,3.40,Reject,Reject,YES,0.0000,0.0000,3.0,5.0,3.0,3.0,3.0,,
bIlnpVM4bc,7.0,Accept,6.67,Accept,Accept,YES,0.0000,0.0000,6.0,6.0,8.0,,,,
CSZKElOtG5,4.5,Reject,4.25,Reject,Reject,YES,0.0000,0.0000,5.0,3.0,6.0,3.0,,,
0qfIhtel8N,3.0,Reject,3.00,Reject,Reject,YES,0.0000,0.0000,3.0,3.0,3.0,,,,
MDvecs7EvO,4.5,Reject,6.50,Accept,Accept,NO,0.0000,0.0000,8.0,5.0,5.0,8.0,,,
0gOQeSHNX1,5.0,Reject,5.75,Reject,Reject,YES,0.0000,0.0000,5.0,5.0,5.0,8.0,,,
5e0yWSNGIc,4.0,Reject,5.33,Reject,Reject,YES,0.0000,0.0000,5.0,5.0,6.0,,,,
KoQkr9eIUG,4.5,Reject,2.50,Reject,Reject,YES,0.0000,0.0000,3.0,3.0,3.0,1.0,,,
Sta35eEmfR,4.0,Reject,4.71,Reject,Reject,YES,0.0000,0.0000,6.0,5.0,3.0,5.0,5.0,6.0,
LqB8cRuBua,3.0,Reject,2.00,Reject,Reject,YES,0.0000,0.0000,3.0,3.0,1.0,1.0,,,
k7pnwqrpKB,3.0,Reject,2.50,Reject,Reject,YES,0.0000,0.0000,3.0,3.0,3.0,1.0,,,
whxKU5YcH6,7.0,Accept,4.33,Reject,Reject,NO,0.0000,0.0000,5.0,5.0,3.0,,,,
QqqkskOFO9,5.0,Reject,4.00,Reject,Reject,YES,0.0000,0.0000,3.0,3.0,5.0,5.0,,,
q5sOv4xQe4,7.5,Accept,6.80,Accept,Accept,YES,0.0000,0.0000,8.0,6.0,6.0,8.0,6.0,,
s6Q7aVZWIn,-100.0,Error,4.50,Reject,Reject,NO,0.0000,0.0000,5.0,3.0,5.0,5.0,,,
hHNVn4hFPk,-100.0,Error,5.25,Reject,Reject,NO,0.0000,0.0000,5.0,5.0,6.0,5.0,,,
nUpM7egYFd,4.5,Reject,3.40,Reject,Reject,YES,0.0000,0.0000,5.0,5.0,3.0,3.0,1.0,,
ZIbUx5dzfZ,5.0,Reject,3.00,Reject,Reject,YES,0.0000,0.0000,3.0,3.0,3.0,,,,
PQrkWvQSL0,3.0,Reject,2.50,Reject,Reject,YES,0.0000,0.0000,3.0,3.0,3.0,1.0,,,
v4MTnPiYXY,5.0,Reject,7.00,Accept,Accept,NO,0.0000,0.0000,8.0,6.0,8.0,6.0,,,
DrhZneqz4n,5.5,Reject,7.50,Accept,Accept,NO,0.0000,0.0000,6.0,8.0,8.0,8.0,,,
KR9zrisXDZ,5.0,Reject,4.33,Reject,Reject,YES,0.0000,0.0000,5.0,5.0,3.0,,,,
dAavOuxZvo,5.0,Reject,3.00,Reject,Reject,YES,0.0000,0.0000,3.0,3.0,3.0,,,,
BfH7rtJe1L,5.0,Reject,3.00,Reject,Reject,YES,0.0000,0.0000,3.0,3.0,3.0,,,,
NSVtmmzeRB,7.0,Accept,8.00,Accept,Accept,YES,0.0000,0.0000,8.0,8.0,8.0,8.0,,,
bC50ZOyPQm,4.0,Reject,5.00,Reject,Reject,YES,0.0000,0.0000,5.0,5.0,5.0,,,,
OZitfSXpdT,6.0,Reject,6.50,Accept,Accept,NO,0.0000,0.0000,5.0,5.0,8.0,8.0,,,
LnxviiZ1xi,5.0,Reject,3.00,Reject,Reject,YES,0.0000,0.0000,3.0,3.0,3.0,,,,
JtGPIZpOrz,5.5,Reject,6.67,Accept,Accept,NO,0.0000,0.0000,6.0,8.0,6.0,,,,
DJRd4IQHGQ,5.0,Reject,5.25,Reject,Reject,YES,0.0000,0.0000,5.0,5.0,5.0,6.0,,,
lt6xKGGWov,4.5,Reject,2.33,Reject,Reject,YES,0.0000,0.0000,3.0,3.0,1.0,,,,
ztzZDzgfrh,5.0,Reject,7.33,Accept,Accept,NO,0.0000,0.0000,8.0,8.0,6.0,,,,
a4O528mek9,3.0,Reject,3.00,Reject,Reject,YES,0.0000,0.0000,3.0,3.0,3.0,3.0,,,
BZtEthuXRF,7.0,Accept,6.67,Accept,Accept,YES,0.0000,0.0000,8.0,6.0,6.0,,,,
RrIjnSMhMZ,5.0,Reject,2.50,Reject,Reject,YES,0.0000,0.0000,1.0,5.0,1.0,3.0,,,
WDDyTcaP1L,7.5,Accept,4.75,Reject,Reject,NO,0.0000,0.0000,8.0,3.0,3.0,5.0,,,
mXZ98iNFw2,5.5,Accept,4.75,Reject,Reject,NO,0.0000,0.0000,5.0,5.0,3.0,6.0,,,
UD0L74wQt9,5.0,Reject,4.00,Reject,Reject,YES,0.0000,0.0000,5.0,3.0,3.0,5.0,,,
vNQLKY7nFM,3.5,Reject,5.33,Reject,Reject,YES,0.0000,0.0000,6.0,5.0,5.0,,,,
ljwoQ3cvQh,6.0,Accept,7.00,Accept,Accept,YES,0.0000,0.0000,8.0,6.0,6.0,8.0,,,
APojAzJQiq,6.0,Accept,7.50,Accept,Accept,YES,0.0000,0.0000,8.0,8.0,8.0,6.0,,,
wwO8qS9tQl,6.0,Accept,3.00,Reject,Reject,NO,0.0000,0.0000,3.0,3.0,3.0,3.0,,,
szRmEM8Kx5,5.5,Accept,7.50,Accept,Accept,YES,0.0000,0.0000,8.0,8.0,8.0,6.0,,,
itGkF993gz,6.0,Accept,5.67,Accept,Accept,YES,0.0000,0.0000,3.0,6.0,8.0,,,,
EJTeOf8iG0,4.0,Reject,3.00,Reject,Reject,YES,0.0000,0.0000,3.0,3.0,3.0,3.0,,,
aVovUyrh5J,4.5,Reject,3.50,Reject,Reject,YES,0.0000,0.0000,3.0,5.0,3.0,3.0,,,
YK8eO7BEkJ,5.0,Reject,3.00,Reject,Reject,YES,0.0000,0.0000,3.0,3.0,3.0,,,,
TEjXRrhqtJ,5.0,Reject,3.00,Reject,Reject,YES,0.0000,0.0000,3.0,3.0,3.0,3.0,3.0,,
oEMSM8HHpj,5.0,Reject,4.00,Reject,Reject,YES,0.0000,0.0000,3.0,3.0,5.0,5.0,,,
RRKggDJxo2,2.5,Reject,4.25,Reject,Reject,YES,0.0000,0.0000,6.0,5.0,5.0,1.0,,,
2XBPdPIcFK,5.0,Reject,5.00,Reject,Reject,YES,0.0000,0.0000,8.0,3.0,6.0,3.0,,,
gwZ90hFSL2,2.0,Reject,1.00,Reject,Reject,YES,0.0000,0.0000,1.0,1.0,1.0,,,,
Tzh6xAJSll,7.5,Accept,7.60,Accept,Accept,YES,0.0000,0.0000,8.0,8.0,6.0,8.0,8.0,,
BvlaNTMl7P,5.0,Reject,4.75,Reject,Reject,YES,0.0000,0.0000,6.0,5.0,5.0,3.0,,,
BPgK5XW1Nb,5.5,Reject,8.67,Accept,Accept,NO,0.0000,0.0000,10.0,8.0,8.0,,,,
pPvK2e8o8M,2.5,Reject,3.25,Reject,Reject,YES,0.0000,0.0000,6.0,3.0,1.0,3.0,,,
AfnsTnYphT,7.0,Accept,7.50,Accept,Accept,YES,0.0000,0.0000,8.0,6.0,8.0,8.0,,,
mYo9r0CwUf,5.0,Reject,2.33,Reject,Reject,YES,0.0000,0.0000,3.0,3.0,1.0,,,,
tZDhrhUOcs,7.0,Accept,5.50,Reject,Reject,NO,0.0000,0.0000,8.0,3.0,5.0,6.0,,,
e2F0mJJeN0,4.5,Reject,3.00,Reject,Reject,YES,0.0000,0.0000,3.0,3.0,3.0,,,,
ga4LyaucKr,4.0,Reject,2.50,Reject,Reject,YES,0.0000,0.0000,1.0,3.0,3.0,3.0,,,
b89OyrljJD,5.0,Reject,3.67,Reject,Reject,YES,0.0000,0.0000,3.0,3.0,5.0,,,,
1mjsP8RYAw,3.0,Reject,6.00,Accept,Accept,NO,0.0000,0.0000,5.0,8.0,5.0,6.0,6.0,,
3SMBSTG3qN,5.0,Reject,5.00,Reject,Reject,YES,0.0000,0.0000,6.0,6.0,5.0,3.0,,,
aIok3ZD9to,5.0,Reject,5.00,Accept,Accept,NO,0.0000,0.0000,8.0,5.0,6.0,5.0,1.0,,
no8ysO3xde,6.0,Accept,4.67,Reject,Reject,NO,0.0000,0.0000,6.0,3.0,5.0,,,,
MV5j4Qpq7N,5.0,Reject,2.33,Reject,Reject,YES,0.0000,0.0000,1.0,3.0,3.0,,,,
mqCt76eiNt,5.5,Reject,5.00,Reject,Reject,YES,0.0000,0.0000,6.0,6.0,5.0,5.0,3.0,,
KoQkr9eIUG,4.5,Reject,2.50,Reject,Reject,YES,0.0000,0.0000,3.0,3.0,3.0,1.0,,,
Qyp3Rni2g1,6.0,Reject,5.25,Reject,Reject,YES,0.0000,0.0000,8.0,5.0,3.0,5.0,,,
pNdPJACSLB,3.0,Reject,2.50,Reject,Reject,YES,0.0000,0.0000,3.0,3.0,1.0,3.0,,,
HYsU5X4kE5,4.0,Reject,3.00,Reject,Reject,YES,0.0000,0.0000,3.0,3.0,3.0,3.0,,,
1ymGFnxfVB,6.0,Accept,4.75,Reject,Reject,NO,0.0000,0.0000,5.0,5.0,3.0,6.0,,,
Y89o3LAEHX,0.0,Reject,2.00,Reject,Reject,YES,0.0000,0.0000,1.0,1.0,3.0,3.0,,,
QFaj7InstQ,3.5,Reject,3.75,Reject,Reject,YES,0.0000,0.0000,3.0,6.0,3.0,3.0,,,
x5hXkSMOd1,5.0,Reject,7.00,Accept,Accept,NO,0.0000,0.0000,8.0,6.0,6.0,8.0,,,
EaiU4F5pwn,5.0,Reject,4.67,Reject,Reject,YES,0.0000,0.0000,3.0,3.0,6.0,5.0,6.0,5.0,
nTZOIlf8YH,6.0,Accept,2.33,Reject,Reject,NO,0.0000,0.0000,3.0,1.0,3.0,,,,
5sPgOyyjG5,2.0,Reject,3.00,Reject,Reject,YES,0.0000,0.0000,3.0,3.0,5.0,1.0,3.0,,
10fsmnw6aD,3.0,Reject,2.50,Reject,Reject,YES,0.0000,0.0000,3.0,3.0,3.0,1.0,,,
mfTM4UdYnC,3.5,Reject,2.50,Reject,Reject,YES,0.0000,0.0000,3.0,3.0,1.0,3.0,,,
mw1PWNSWZP,7.0,Accept,7.33,Accept,Accept,YES,0.0000,0.0000,6.0,8.0,8.0,,,,
1YPfmglNRU,7.0,Accept,6.75,Accept,Accept,YES,0.0000,0.0000,6.0,5.0,8.0,8.0,,,
LyJi5ugyJx,8.0,Accept,9.20,Accept,Accept,YES,0.0000,0.0000,10.0,10.0,8.0,10.0,8.0,,
tc90LV0yRL,5.0,Reject,8.67,Accept,Accept,NO,0.0000,0.0000,8.0,8.0,10.0,,,,
6CZ50WgfCG,6.5,Accept,6.25,Accept,Accept,YES,0.0000,0.0000,8.0,3.0,8.0,6.0,,,
JQbqaQjV7D,2.0,Reject,3.00,Reject,Reject,YES,0.0000,0.0000,3.0,3.0,3.0,,,,
LyJi5ugyJx,7.0,Accept,9.20,Accept,Accept,YES,0.0000,0.0000,10.0,10.0,8.0,10.0,8.0,,
n2NidsYDop,5.5,Accept,8.67,Accept,Accept,YES,0.0000,0.0000,10.0,8.0,8.0,,,,
VoI4d6uhdr,5.0,Reject,7.00,Accept,Accept,NO,0.0000,0.0000,8.0,6.0,6.0,8.0,,,
lvhEptUoFF,4.0,Reject,3.00,Reject,Reject,YES,0.0000,0.0000,3.0,3.0,3.0,,,,
JCCPtPDido,5.0,Reject,5.50,Reject,Reject,YES,0.0000,0.0000,6.0,5.0,5.0,6.0,,,
FsgGBhNIt4,4.5,Reject,3.00,Reject,Reject,YES,0.0000,0.0000,3.0,3.0,3.0,,,,
Zf7EFQt04n,6.0,Reject,4.75,Reject,Reject,YES,0.0000,0.0000,3.0,5.0,6.0,5.0,,,
s90VIdza2K,3.0,Reject,6.00,Accept,Accept,NO,0.0000,0.0000,5.0,8.0,6.0,5.0,,,
7yyAoyfVEC,5.0,Reject,2.50,Reject,Reject,YES,0.0000,0.0000,3.0,3.0,1.0,3.0,,,
4KqkizXgXU,6.0,Reject,8.00,Accept,Accept,NO,0.0000,0.0000,8.0,8.0,8.0,8.0,,,
csukJcpYDe,4.5,Reject,7.50,Accept,Accept,NO,0.0000,0.0000,6.0,8.0,8.0,8.0,,,
I0n3EyogMi,4.0,Reject,7.00,Accept,Accept,NO,0.0000,0.0000,8.0,6.0,6.0,8.0,,,
F64wTvQBum,6.0,Reject,6.75,Accept,Accept,NO,0.0000,0.0000,8.0,6.0,5.0,8.0,,,
cHy00K3Och,4.0,Reject,2.50,Reject,Reject,YES,0.0000,0.0000,1.0,3.0,3.0,3.0,,,
g6syfIrVuS,7.0,Accept,7.00,Accept,Accept,YES,0.0000,0.0000,8.0,6.0,8.0,6.0,,,
vw0NurJ7UX,7.5,Accept,3.00,Reject,Reject,NO,0.0000,0.0000,3.0,3.0,3.0,,,,
rvUq3cxpDF,6.0,Accept,7.50,Accept,Accept,YES,0.0000,0.0000,8.0,8.0,8.0,6.0,,,
BJfIDS5LsS,4.0,Reject,2.50,Reject,Reject,YES,0.0000,0.0000,3.0,3.0,1.0,3.0,,,
H8QvefExFf,6.0,Accept,5.00,Reject,Reject,NO,0.0000,0.0000,6.0,6.0,5.0,3.0,,,
7fxzVTSgZC,6.0,Accept,6.25,Reject,Reject,NO,0.0000,0.0000,6.0,8.0,5.0,6.0,,,
72nCh5JtLQ,6.0,Accept,5.75,Reject,Reject,NO,0.0000,0.0000,8.0,6.0,6.0,3.0,,,
z1td6fBKpG,6.0,Accept,5.75,Reject,Reject,NO,0.0000,0.0000,6.0,6.0,6.0,5.0,,,
s9SVlWOcLt,6.0,Reject,6.75,Reject,Reject,YES,0.0000,0.0000,8.0,6.0,8.0,5.0,,,
jsvvPVVzwf,5.0,Reject,5.00,Accept,Accept,NO,0.0000,0.0000,5.0,8.0,1.0,6.0,,,
kXNJ48Hvw1,6.0,Accept,6.67,Accept,Accept,YES,0.0000,0.0000,8.0,6.0,6.0,,,,
fM432E7l5w,2.0,Reject,3.60,Reject,Reject,YES,0.0000,0.0000,1.0,3.0,5.0,3.0,6.0,,
DRiLWb8bJg,6.0,Accept,7.50,Accept,Accept,YES,0.0000,0.0000,6.0,8.0,8.0,8.0,,,
ma4SUzeCLR,4.5,Reject,5.33,Reject,Reject,YES,0.0000,0.0000,6.0,5.0,5.0,,,,
dKlxDx2SoS,5.0,Reject,6.67,Accept,Accept,NO,0.0000,0.0000,6.0,6.0,8.0,,,,
6QBHdrt8nX,5.0,Reject,3.33,Reject,Reject,YES,0.0000,0.0000,6.0,3.0,1.0,,,,
KijslFbfOL,3.5,Reject,7.50,Accept,Accept,NO,0.0000,0.0000,6.0,8.0,8.0,8.0,,,
z5uVAKwmjf,5.5,Reject,7.50,Accept,Accept,NO,0.0000,0.0000,8.0,8.0,6.0,8.0,,,
Pa4hecILrt,6.0,Accept,3.50,Reject,Reject,NO,0.0000,0.0000,3.0,5.0,3.0,3.0,,,
6guG2OlXsr,5.0,Reject,5.75,Accept,Accept,NO,0.0000,0.0000,6.0,6.0,5.0,6.0,,,
gwZ90hFSL2,2.5,Reject,1.00,Reject,Reject,YES,0.0000,0.0000,1.0,1.0,1.0,,,,
PMf2Dg1TAA,4.5,Reject,4.50,Reject,Reject,YES,0.0000,0.0000,6.0,3.0,6.0,3.0,,,
GXXQfSpJNI,5.0,Reject,2.33,Reject,Reject,YES,0.0000,0.0000,1.0,3.0,3.0,,,,
K9xuqsaP0R,4.0,Reject,3.00,Reject,Reject,YES,0.0000,0.0000,3.0,3.0,3.0,3.0,,,
MrR3rMxqqv,7.0,Accept,7.50,Accept,Accept,YES,0.0000,0.0000,6.0,8.0,8.0,8.0,,,
5HGPR6fg2S,5.0,Reject,3.75,Reject,Reject,YES,0.0000,0.0000,3.0,3.0,3.0,6.0,,,
iGHPVbttMs,3.5,Reject,3.40,Reject,Reject,YES,0.0000,0.0000,3.0,3.0,3.0,5.0,3.0,,
mIQ2puu82H,4.0,Reject,5.50,Reject,Reject,YES,0.0000,0.0000,5.0,5.0,6.0,6.0,,,
j3bkYuxITP,3.0,Reject,4.00,Reject,Reject,YES,0.0000,0.0000,3.0,5.0,3.0,5.0,,,
VwOYxPScxB,3.0,Reject,6.00,Accept,Accept,NO,0.0000,0.0000,6.0,6.0,6.0,6.0,6.0,,
RuP17cJtZo,5.5,Accept,8.00,Accept,Accept,YES,0.0000,0.0000,8.0,8.0,8.0,8.0,,,
ZjvUcCAEK8,5.5,Reject,4.50,Reject,Reject,YES,0.0000,0.0000,3.0,5.0,5.0,5.0,,,
EjIKerYk1O,4.5,Reject,2.33,Reject,Reject,YES,0.0000,0.0000,1.0,3.0,3.0,,,,
ua5MHdsbck,6.0,Accept,7.00,Accept,Accept,YES,0.0000,0.0000,6.0,8.0,6.0,8.0,,,
NxLWeK4P3q,5.5,Reject,5.00,Reject,Reject,YES,0.0000,0.0000,6.0,3.0,6.0,,,,
0tIiMNNmdm,6.5,Accept,5.00,Reject,Reject,NO,0.0000,0.0000,3.0,6.0,6.0,,,,
ULorFBST6X,5.5,Reject,6.50,Accept,Accept,NO,0.0000,0.0000,8.0,6.0,6.0,6.0,,,
N581Nje6fH,3.0,Reject,1.50,Reject,Reject,YES,0.0000,0.0000,1.0,1.0,1.0,3.0,,,
gNxvs5pUdu,5.0,Reject,6.00,Accept,Accept,NO,0.0000,0.0000,6.0,6.0,6.0,6.0,6.0,6.0,
zGej22CBnS,7.0,Accept,6.25,Accept,Accept,YES,0.0000,0.0000,8.0,5.0,6.0,6.0,,,
XFCKEgGhEK,2.0,Reject,3.40,Reject,Reject,YES,0.0000,0.0000,5.0,3.0,3.0,1.0,5.0,,
FLOaCQfZe9,4.0,Reject,2.50,Reject,Reject,YES,0.0000,0.0000,3.0,1.0,3.0,3.0,,,
MV5j4Qpq7N,4.0,Reject,2.33,Reject,Reject,YES,0.0000,0.0000,1.0,3.0,3.0,,,,
wl1Kup6oES,5.0,Reject,3.00,Reject,Reject,YES,0.0000,0.0000,3.0,5.0,1.0,3.0,,,
WzCEiBILHu,7.0,Accept,7.50,Accept,Accept,YES,0.0000,0.0000,8.0,8.0,8.0,6.0,,,
mt5NPvTp5a,5.0,Reject,5.75,Reject,Reject,YES,0.0000,0.0000,6.0,6.0,5.0,6.0,,,
O0vy7hHqyU,3.5,Reject,3.00,Reject,Reject,YES,0.0000,0.0000,3.0,3.0,3.0,3.0,,,
gc8QAQfXv6,5.0,Reject,9.00,Accept,Accept,NO,0.0000,0.0000,8.0,8.0,10.0,10.0,,,
BPgK5XW1Nb,8.0,Accept,8.67,Accept,Accept,YES,0.0000,0.0000,10.0,8.0,8.0,,,,
1MHgMGoqsH,3.5,Reject,3.00,Reject,Reject,YES,0.0000,0.0000,3.0,3.0,3.0,,,,
KksPo0zXId,5.0,Reject,5.00,Reject,Reject,YES,0.0000,0.0000,5.0,5.0,5.0,5.0,,,
sdpVfWOUQA,4.5,Reject,3.00,Reject,Reject,YES,0.0000,0.0000,3.0,3.0,3.0,,,,
ClkfwM3STw,5.5,Reject,4.75,Reject,Reject,YES,0.0000,0.0000,5.0,3.0,5.0,6.0,,,
Oju2Qu9jvn,7.0,Accept,7.33,Accept,Accept,YES,0.0000,0.0000,8.0,6.0,8.0,,,,
YNa0Mzx4P9,4.5,Reject,3.50,Reject,Reject,YES,0.0000,0.0000,3.0,3.0,3.0,5.0,,,
xkR3bcswuC,7.0,Accept,5.75,Reject,Reject,NO,0.0000,0.0000,5.0,6.0,6.0,6.0,,,
kbjJ9ZOakb,4.5,Reject,8.00,Accept,Accept,NO,0.0000,0.0000,8.0,8.0,8.0,8.0,,,
SYBdkHcXXK,6.0,Reject,6.00,Accept,Accept,NO,0.0000,0.0000,8.0,5.0,5.0,,,,
dOwmtbn6ZO,5.5,Reject,4.40,Reject,Reject,YES,0.0000,0.0000,8.0,3.0,3.0,5.0,3.0,,
T6hhDEnAoo,4.0,Reject,2.20,Reject,Reject,YES,0.0000,0.0000,1.0,1.0,3.0,3.0,3.0,,
bDZCBjVgKW,5.0,Reject,4.00,Reject,Reject,YES,0.0000,0.0000,5.0,3.0,5.0,3.0,,,
EpgoFFUM2q,6.5,Accept,6.00,Accept,Accept,YES,0.0000,0.0000,6.0,6.0,6.0,6.0,6.0,,
3NnfJnbJT2,4.5,Reject,7.00,Accept,Accept,NO,0.0000,0.0000,6.0,6.0,8.0,8.0,,,
7zPd1TjRc1,5.0,Reject,6.00,Reject,Reject,YES,0.0000,0.0000,6.0,6.0,6.0,6.0,,,
DFSb67ksVr,-100.0,Error,6.67,Accept,Accept,NO,0.0000,0.0000,6.0,6.0,8.0,,,,
cbv0sBIZh9,5.0,Reject,5.75,Accept,Accept,NO,0.0000,0.0000,5.0,6.0,6.0,6.0,,,
HYsU5X4kE5,4.0,Reject,3.00,Reject,Reject,YES,0.0000,0.0000,3.0,3.0,3.0,3.0,,,
wg8NPfeMF9,5.0,Reject,6.50,Accept,Accept,NO,0.0000,0.0000,6.0,6.0,6.0,8.0,,,
0EP01yhDlg,4.0,Reject,5.00,Reject,Reject,YES,0.0000,0.0000,5.0,5.0,5.0,5.0,,,
nSDOkm0SKo,1.0,Reject,1.00,Reject,Reject,YES,0.0000,0.0000,1.0,1.0,1.0,,,,
mavWQw7DnC,4.0,Reject,4.33,Reject,Reject,YES,0.0000,0.0000,5.0,5.0,3.0,,,,
MnMWa94t12,4.5,Reject,6.67,Accept,Accept,NO,0.0000,0.0000,8.0,6.0,6.0,,,,
1959usnw3Z,3.0,Reject,3.00,Reject,Reject,YES,0.0000,0.0000,3.0,3.0,3.0,3.0,,,
cSnbM9SIJJ,5.0,Reject,3.00,Reject,Reject,YES,0.0000,0.0000,3.0,3.0,3.0,3.0,,,
iGHPVbttMs,3.5,Reject,3.40,Reject,Reject,YES,0.0000,0.0000,3.0,3.0,3.0,5.0,3.0,,
a3g2l4yEys,6.0,Accept,6.75,Accept,Accept,YES,0.0000,0.0000,6.0,8.0,5.0,8.0,,,
j8hdRqOUhN,7.0,Accept,7.50,Accept,Accept,YES,0.0000,0.0000,8.0,6.0,8.0,8.0,,,
5Ca9sSzuDp,7.0,Accept,8.00,Accept,Accept,YES,0.0000,0.0000,8.0,8.0,8.0,8.0,,,
ML8FH4s5Ts,6.5,Accept,6.25,Accept,Accept,YES,0.0000,0.0000,8.0,8.0,3.0,6.0,,,
5DUekOKWcS,6.0,Accept,6.00,Accept,Accept,YES,0.0000,0.0000,6.0,5.0,5.0,6.0,8.0,,
j5JvZCaDM0,6.0,Accept,7.50,Accept,Accept,YES,0.0000,0.0000,8.0,6.0,8.0,8.0,,,
OpSMgpBubj,5.5,Reject,5.60,Reject,Reject,YES,0.0000,0.0000,8.0,5.0,5.0,5.0,5.0,,
HLxWF7xqiK,3.5,Reject,3.00,Reject,Reject,YES,0.0000,0.0000,3.0,3.0,3.0,,,,
c1Vn1RpB64,5.0,Reject,5.75,Reject,Reject,YES,0.0000,0.0000,6.0,6.0,5.0,6.0,,,
3ZdGSTxKuy,4.0,Reject,2.00,Reject,Reject,YES,0.0000,0.0000,3.0,3.0,1.0,1.0,,,
bw9bvwVwMH,5.0,Reject,6.00,Reject,Reject,YES,0.0000,0.0000,5.0,3.0,6.0,8.0,8.0,,
WOt1owGfuN,6.5,Accept,7.00,Accept,Accept,YES,0.0000,0.0000,6.0,6.0,8.0,8.0,,,
TrVYEZtSQH,5.0,Reject,5.20,Accept,Accept,NO,0.0000,0.0000,6.0,6.0,6.0,5.0,3.0,,
IhWtRwIbos,6.0,Accept,4.67,Reject,Reject,NO,0.0000,0.0000,5.0,6.0,3.0,,,,
3gwNb8qZDr,5.0,Reject,3.75,Reject,Reject,YES,0.0000,0.0000,3.0,3.0,6.0,3.0,,,
7visV100Ms,6.0,Accept,6.60,Accept,Accept,YES,0.0000,0.0000,5.0,8.0,8.0,6.0,6.0,,
